#VRML V2.0 utf8
# 3D model generated by easyeda2kicad.py (https://github.com/uPesy/easyeda2kicad.py)

Shape{
    appearance Appearance {
        material  Material 	{
            diffuseColor 0.9686274509803922 0.8784313725490196 0.6
            specularColor 0.6784313725490196 0.615686274509804 0.4196078431372549
            ambientIntensity 0.8737
            transparency 0.0
            shininess 0.5
        }
    }
    geometry IndexedFaceSet {
        ccw TRUE
        solid FALSE
        coord DEF co Coordinate {
            point [
                3.7217 -0.1804 2.5098, 3.7795 -0.2511 2.5098, 3.7795 -0.2458 2.4933, 3.7795 0.2511 2.5098, 3.7217 0.1804 2.5098, 3.7795 0.2458 2.4933, 3.7217 0.17 2.481, 3.7217 -0.17 2.481, 3.7795 -0.2326 2.4523, 3.7217 -0.1608 2.4663, 3.7795 -0.22 2.4321, 3.7217 -0.145 2.4409, 3.7795 -0.1984 2.3974, 3.7217 -0.1312 2.4279, 3.7795 -0.1796 2.3795, 3.7217 -0.1107 2.4083, 3.7795 -0.1515 2.3528, 3.7217 -0.0928 2.3984, 3.7795 -0.127 2.3392, 3.7217 -0.0694 2.3854, 3.7795 -0.095 2.3214, 3.7217 -0.048 2.3799, 3.7795 -0.0657 2.3138, 3.7217 -0.0236 2.3735, 3.7795 -0.0323 2.3052, 3.7217 0.0 2.3735, 3.7795 0.0 2.3052, 3.7217 0.0236 2.3735, 3.7795 0.0323 2.3052, 3.7217 0.048 2.3799, 3.7795 0.0657 2.3138, 3.7217 0.0694 2.3854, 3.7795 0.095 2.3214, 3.7217 0.0928 2.3984, 3.7795 0.127 2.3392, 3.7217 0.1107 2.4083, 3.7795 0.1515 2.3528, 3.7217 0.1312 2.4279, 3.7795 0.1796 2.3795, 3.7217 0.145 2.4409, 3.7795 0.1984 2.3974, 3.7217 0.1608 2.4663, 3.7795 0.22 2.4321, 3.7795 0.2326 2.4523, 2.7559 0.2511 2.5098, 2.7559 -0.2511 2.6083, 3.7795 -0.2511 2.6083, 3.7795 -0.2458 2.6248, 0.315 0.2464 2.6252, 2.7559 0.2511 2.6083, 0.315 0.2555 2.5739, 2.7559 0.2559 2.5591, 0.315 -0.2456 2.4933, 2.7559 -0.2511 2.5098, 0.315 -0.252 2.5146, 2.7559 -0.2559 2.5591, 0.315 -0.2546 2.5591, 0.315 -0.235 2.4577, 0.315 -0.2201 2.432, 0.315 -0.2053 2.4062, 0.315 -0.1798 2.3792, 0.315 -0.1645 2.363, 0.315 -0.1272 2.3385, 0.315 -0.1148 2.3304, 0.315 -0.066 2.3126, 0.315 -0.059 2.3101, 0.315 0.0 2.3032, 0.315 0.059 2.3101, 0.315 0.066 2.3126, 0.315 0.1149 2.3304, 0.315 0.1272 2.3385, 0.315 0.1645 2.363, 0.315 0.1798 2.3792, 0.315 0.2053 2.4062, 0.315 0.2201 2.432, 0.315 0.235 2.4577, 0.315 0.2456 2.4933, 0.315 0.252 2.5146, 0.315 0.2559 2.5591, 3.7795 0.2511 2.6083, 3.7795 0.2458 2.6248, 3.7795 0.2326 2.6658, 0.315 0.2452 2.6325, 0.315 0.2216 2.687, 0.315 -0.2555 2.5739, 0.315 -0.2464 2.6252, 0.315 -0.2452 2.6325, 3.7795 -0.2326 2.6658, 0.315 -0.2216 2.687, 3.7795 -0.22 2.686, 0.315 -0.1861 2.7347, 3.7795 -0.1984 2.7207, 0.315 -0.1805 2.7394, 3.7795 -0.1796 2.7386, 0.315 -0.1406 2.7729, 3.7795 -0.1515 2.7653, 0.315 -0.1274 2.7795, 3.7795 -0.127 2.7789, 0.315 -0.0875 2.7995, 3.7795 -0.095 2.7967, 0.315 -0.0659 2.8047, 3.7795 -0.0657 2.8043, 0.315 -0.0297 2.8132, 3.7795 -0.0323 2.8129, 0.315 0.0 2.8132, 3.7795 0.0 2.8129, 0.315 0.0297 2.8132, 3.7795 0.0323 2.8129, 0.315 0.0659 2.8047, 3.7795 0.0657 2.8043, 0.315 0.0875 2.7995, 3.7795 0.095 2.7967, 0.315 0.1274 2.7795, 3.7795 0.127 2.7789, 0.315 0.1406 2.7729, 3.7795 0.1515 2.7653, 0.315 0.1805 2.7394, 3.7795 0.1796 2.7386, 0.315 0.1861 2.7347, 3.7795 0.1984 2.7207, 3.7795 0.22 2.686, 0.3047 0.059 2.3092, 0.3015 0.1149 2.3293, 0.2964 0.1645 2.3616, 0.1799 0.1798 2.2441, 0.1528 0.2053 2.2441, 0.1548 0.2053 2.2695, 0.1799 -0.1798 2.2441, 0.1961 -0.1645 2.2441, 0.1975 -0.1645 2.2627, 0.3047 -0.059 2.3092, 0.3057 0.0 2.3024, 0.2559 0.0 2.2441, 0.2567 0.0 2.2533, 0.249 -0.059 2.2441, 0.2498 -0.059 2.2544, 0.3015 -0.1148 2.3293, 0.2298 -0.1148 2.2576, 0.2206 -0.1272 2.2441, 0.2287 -0.1148 2.2441, 0.2465 -0.066 2.2441, 0.2964 -0.1645 2.3616, 0.1528 -0.2053 2.2441, 0.1548 -0.2053 2.2695, 0.1271 -0.2201 2.2441, 0.104 -0.235 2.2775, 0.1014 -0.235 2.2441, 0.2896 -0.2053 2.4042, 0.2816 -0.235 2.4551, 0.0658 -0.2456 2.2441, 0.0478 -0.252 2.2864, 0.0445 -0.252 2.2441, 0.2727 -0.252 2.5113, -0.0001 -0.2546 2.2441, -0.0108 -0.2555 2.2957, -0.0149 -0.2555 2.2441, 0.2634 -0.2555 2.5699, -0.0661 -0.2464 2.2441, -0.0686 -0.2452 2.3048, -0.0734 -0.2452 2.2441, 0.2542 -0.2452 2.6277, 0.2457 -0.2216 2.6816, 0.2382 -0.1861 2.7286, -0.1279 -0.2216 2.2441, -0.1225 -0.2216 2.3134, -0.1756 -0.1861 2.2441, -0.1696 -0.1861 2.3208, -0.1804 -0.1805 2.2441, -0.2073 -0.1406 2.3268, -0.2138 -0.1406 2.2441, 0.2323 -0.1406 2.7664, -0.2204 -0.1274 2.2441, -0.2336 -0.0875 2.331, -0.2405 -0.0875 2.2441, 0.2281 -0.0875 2.7927, -0.2456 -0.0659 2.2441, -0.2471 -0.0297 2.3331, -0.2542 -0.0297 2.2441, 0.2259 -0.0297 2.8062, -0.2542 0.0 2.2441, -0.2471 0.0297 2.3331, -0.2542 0.0297 2.2441, 0.2259 0.0297 2.8062, -0.2456 0.0659 2.2441, -0.2336 0.0875 2.331, -0.2405 0.0875 2.2441, 0.2281 0.0875 2.7927, -0.2204 0.1274 2.2441, -0.2073 0.1406 2.3268, -0.2138 0.1406 2.2441, 0.2323 0.1406 2.7664, -0.1804 0.1805 2.2441, -0.1696 0.1861 2.3208, -0.1756 0.1861 2.2441, 0.2382 0.1861 2.7286, 0.2457 0.2216 2.6816, 0.2542 0.2452 2.6277, -0.1279 0.2216 2.2441, -0.1225 0.2216 2.3134, -0.0734 0.2452 2.2441, -0.0686 0.2452 2.3048, -0.0661 0.2464 2.2441, -0.0108 0.2555 2.2957, -0.0149 0.2555 2.2441, 0.2634 0.2555 2.5699, 0.2727 0.252 2.5113, 0.104 0.235 2.2775, 0.0658 0.2456 2.2441, 0.0478 0.252 2.2864, 0.0445 0.252 2.2441, 0.0 0.2559 2.2441, 0.2588 0.0 2.2623, 0.2523 -0.059 2.2645, 0.2329 -0.1148 2.2708, 0.2019 -0.1645 2.2808, 0.1608 -0.2053 2.2942, 0.1118 -0.235 2.3101, 0.0577 -0.252 2.3277, 0.0013 -0.2555 2.346, -0.0544 -0.2452 2.3641, -0.1063 -0.2216 2.381, -0.1516 -0.1861 2.3957, -0.1879 -0.1406 2.4075, -0.2133 -0.0875 2.4157, -0.2263 -0.0297 2.42, -0.2263 0.0297 2.42, -0.2133 0.0875 2.4157, -0.1879 0.1406 2.4075, -0.1516 0.1861 2.3957, -0.1063 0.2216 2.381, -0.0544 0.2452 2.3641, 0.0013 0.2555 2.346, 0.0577 0.252 2.3277, 0.1118 0.235 2.3101, 0.2624 0.0 2.2709, 0.2562 -0.059 2.274, 0.2381 -0.1148 2.2833, 0.209 -0.1645 2.2981, 0.1705 -0.2053 2.3177, 0.1247 -0.235 2.3411, 0.0739 -0.252 2.3669, 0.0211 -0.2555 2.3938, -0.031 -0.2452 2.4204, -0.0797 -0.2216 2.4452, -0.1221 -0.1861 2.4668, -0.1562 -0.1406 2.4842, -0.1799 -0.0875 2.4963, -0.1921 -0.0297 2.5025, -0.1921 0.0297 2.5025, -0.1799 0.0875 2.4963, -0.1562 0.1406 2.4842, -0.1221 0.1861 2.4668, -0.0797 0.2216 2.4452, -0.031 0.2452 2.4204, 0.0211 0.2555 2.3938, 0.0739 0.252 2.3669, 0.1247 0.235 2.3411, 0.2672 0.0 2.2788, 0.2616 -0.059 2.2829, 0.2452 -0.1148 2.2948, 0.2188 -0.1645 2.314, 0.1838 -0.2053 2.3394, 0.1422 -0.235 2.3696, 0.0961 -0.252 2.4031, 0.0481 -0.2555 2.438, 0.0008 -0.2452 2.4724, -0.0433 -0.2216 2.5044, -0.0819 -0.1861 2.5324, -0.1128 -0.1406 2.5549, -0.1344 -0.0875 2.5706, -0.1455 -0.0297 2.5786, -0.1455 0.0297 2.5786, -0.1344 0.0875 2.5706, -0.1128 0.1406 2.5549, -0.0819 0.1861 2.5324, -0.0433 0.2216 2.5044, 0.0008 0.2452 2.4724, 0.0481 0.2555 2.438, 0.0961 0.252 2.4031, 0.1422 0.235 2.3696, 0.2732 0.0 2.2859, 0.2683 -0.059 2.2907, 0.254 -0.1148 2.3051, 0.2309 -0.1645 2.3282, 0.2003 -0.2053 2.3588, 0.1639 -0.235 2.3951, 0.1237 -0.252 2.4354, 0.0817 -0.2555 2.4773, 0.0404 -0.2452 2.5187, 0.0018 -0.2216 2.5573, -0.0319 -0.1861 2.591, -0.0589 -0.1406 2.618, -0.0778 -0.0875 2.6368, -0.0875 -0.0297 2.6465, -0.0875 0.0297 2.6465, -0.0778 0.0875 2.6368, -0.0589 0.1406 2.618, -0.0319 0.1861 2.591, 0.0018 0.2216 2.5573, 0.0404 0.2452 2.5187, 0.0817 0.2555 2.4773, 0.1237 0.252 2.4354, 0.1639 0.235 2.3951, 0.2803 0.0 2.2919, 0.2762 -0.059 2.2975, 0.2643 -0.1148 2.3139, 0.2451 -0.1645 2.3403, 0.2197 -0.2053 2.3753, 0.1894 -0.235 2.4169, 0.156 -0.252 2.463, 0.1211 -0.2555 2.5109, 0.0867 -0.2452 2.5583, 0.0546 -0.2216 2.6024, 0.0266 -0.1861 2.641, 0.0042 -0.1406 2.6719, -0.0115 -0.0875 2.6935, -0.0195 -0.0297 2.7045, -0.0195 0.0297 2.7045, -0.0115 0.0875 2.6935, 0.0042 0.1406 2.6719, 0.0266 0.1861 2.641, 0.0546 0.2216 2.6024, 0.0867 0.2452 2.5583, 0.1211 0.2555 2.5109, 0.156 0.252 2.463, 0.1894 0.235 2.4169, 0.2882 0.0 2.2967, 0.285 -0.059 2.3029, 0.2758 -0.1148 2.321, 0.261 -0.1645 2.3501, 0.2414 -0.2053 2.3886, 0.218 -0.235 2.4344, 0.1922 -0.252 2.4851, 0.1652 -0.2555 2.538, 0.1387 -0.2452 2.5901, 0.1139 -0.2216 2.6387, 0.0923 -0.1861 2.6812, 0.0749 -0.1406 2.7152, 0.0628 -0.0875 2.739, 0.0566 -0.0297 2.7512, 0.0566 0.0297 2.7512, 0.0628 0.0875 2.739, 0.0749 0.1406 2.7152, 0.0923 0.1861 2.6812, 0.1139 0.2216 2.6387, 0.1387 0.2452 2.5901, 0.1652 0.2555 2.538, 0.1922 0.252 2.4851, 0.218 0.235 2.4344, 0.2967 0.0 2.3003, 0.2946 -0.059 2.3068, 0.2883 -0.1148 2.3261, 0.2782 -0.1645 2.3572, 0.2649 -0.2053 2.3983, 0.249 -0.235 2.4472, 0.2314 -0.252 2.5014, 0.2131 -0.2555 2.5578, 0.195 -0.2452 2.6134, 0.1781 -0.2216 2.6653, 0.1634 -0.1861 2.7107, 0.1516 -0.1406 2.747, 0.1433 -0.0875 2.7723, 0.1391 -0.0297 2.7854, 0.1391 0.0297 2.7854, 0.1433 0.0875 2.7723, 0.1516 0.1406 2.747, 0.1634 0.1861 2.7107, 0.1781 0.2216 2.6653, 0.195 0.2452 2.6134, 0.2131 0.2555 2.5578, 0.2314 0.252 2.5014, 0.249 0.235 2.4472, 0.2816 0.235 2.4551, 0.1271 0.2201 2.2441, 0.1014 0.235 2.2441, 0.1608 0.2053 2.2942, 0.1705 0.2053 2.3177, 0.1838 0.2053 2.3394, 0.2003 0.2053 2.3588, 0.2197 0.2053 2.3753, 0.2414 0.2053 2.3886, 0.2649 0.2053 2.3983, 0.2896 0.2053 2.4042, 0.2206 0.1272 2.2441, 0.1961 0.1645 2.2441, 0.1975 0.1645 2.2627, 0.2019 0.1645 2.2808, 0.209 0.1645 2.2981, 0.2188 0.1645 2.314, 0.2309 0.1645 2.3282, 0.2451 0.1645 2.3403, 0.261 0.1645 2.3501, 0.2782 0.1645 2.3572, 0.2465 0.066 2.2441, 0.2287 0.1149 2.2441, 0.2298 0.1149 2.2576, 0.2329 0.1149 2.2708, 0.2381 0.1149 2.2833, 0.2452 0.1149 2.2948, 0.254 0.1149 2.3051, 0.2643 0.1149 2.3139, 0.2758 0.1149 2.321, 0.2883 0.1149 2.3261, 0.249 0.059 2.2441, 0.2498 0.059 2.2544, 0.2523 0.059 2.2645, 0.2562 0.059 2.274, 0.2616 0.059 2.2829, 0.2683 0.059 2.2907, 0.2762 0.059 2.2975, 0.285 0.059 2.3029, 0.2946 0.059 2.3068, 0.0663 -0.2472 0.0787, 0.0 -0.2559 0.0787, 0.128 -0.2216 0.0787, 0.181 -0.181 0.0787, 0.2216 -0.128 0.0787, 0.2472 -0.0662 0.0787, 0.2559 0.0 0.0787, 0.2216 0.128 0.0787, 0.2472 0.0662 0.0787, 0.181 0.181 0.0787, 0.128 0.2216 0.0787, 0.0663 0.2472 0.0787, 0.0 0.2559 0.0787, -0.0662 0.2472 0.0787, -0.1279 0.2216 0.0787, -0.1809 0.181 0.0787, -0.2216 0.128 0.0787, -0.2472 0.0662 0.0787, -0.2559 0.0 0.0787, -0.2472 -0.0662 0.0787, -0.2216 -0.128 0.0787, -0.1809 -0.181 0.0787, -0.1279 -0.2216 0.0787, -0.0662 -0.2472 0.0787, 3.7217 0.1804 2.6083, 3.7217 -0.1804 2.6083, 3.7217 -0.17 2.6371, 3.7217 0.17 2.6371, 3.7217 0.1608 2.6518, 3.7217 0.145 2.6772, 3.7217 0.1312 2.6902, 3.7217 0.1107 2.7098, 3.7217 0.0928 2.7197, 3.7217 0.0694 2.7327, 3.7217 0.048 2.7382, 3.7217 0.0236 2.7446, 3.7217 0.0 2.7446, 3.7217 -0.0236 2.7446, 3.7217 -0.048 2.7382, 3.7217 -0.0694 2.7327, 3.7217 -0.0928 2.7197, 3.7217 -0.1107 2.7098, 3.7217 -0.1312 2.6902, 3.7217 -0.145 2.6772, 3.7217 -0.1608 2.6518, 2.7559 -0.1804 2.6083, 2.7559 0.1804 2.5098, 2.7559 0.1804 2.6083, 2.5608 0.162 2.6526, 2.7559 0.1806 2.6075, 2.5608 0.1806 2.6075, 2.7559 0.187 2.5591, 2.5608 0.187 2.5591, 2.7559 0.1806 2.5107, 2.5608 0.1806 2.5107, 2.5608 0.162 2.4656, 2.7559 -0.1804 2.5098, 2.5608 -0.162 2.4656, 2.7559 -0.1806 2.5107, 2.5608 -0.1806 2.5107, 2.7559 -0.187 2.5591, 2.5608 -0.187 2.5591, 2.7559 -0.1806 2.6075, 2.5608 -0.1806 2.6075, 2.5608 -0.162 2.6526, 2.5608 0.0484 2.3784, 2.5608 0.0 2.3721, 2.5608 0.0935 2.3971, 2.5608 0.1322 2.4268, 2.5608 0.1322 2.6913, 2.5608 0.0935 2.721, 2.5608 0.0484 2.7397, 2.5608 0.0 2.7461, 2.5608 -0.0484 2.7397, 2.5608 -0.0935 2.721, 2.5608 -0.1322 2.6913, 2.5608 -0.1322 2.4268, 2.5608 -0.0935 2.3971, 2.5608 -0.0484 2.3784, 2.5 0.0 2.5591, 0.0 0.1772 -1.3287, -0.0331 0.1236 -1.378, -0.0458 0.1711 -1.3287, -0.064 0.1108 -1.378, -0.0886 0.1534 -1.3287, -0.0905 0.0905 -1.378, -0.1253 0.1253 -1.3287, -0.1108 0.064 -1.378, -0.1534 0.0886 -1.3287, -0.1236 0.0331 -1.378, -0.1711 0.0459 -1.3287, -0.1279 0.0 -1.378, -0.1771 0.0 -1.3287, -0.1236 -0.0331 -1.378, -0.1711 -0.0459 -1.3287, -0.1108 -0.064 -1.378, -0.1534 -0.0886 -1.3287, -0.0905 -0.0905 -1.378, -0.1253 -0.1253 -1.3287, -0.064 -0.1108 -1.378, -0.0886 -0.1534 -1.3287, -0.0331 -0.1236 -1.378, -0.0458 -0.1711 -1.3287, 0.0 -0.128 -1.378, 0.0 -0.1772 -1.3287, 0.0331 -0.1236 -1.378, 0.0459 -0.1711 -1.3287, 0.064 -0.1108 -1.378, 0.0886 -0.1534 -1.3287, 0.0905 -0.0905 -1.378, 0.1253 -0.1253 -1.3287, 0.1108 -0.064 -1.378, 0.1535 -0.0886 -1.3287, 0.1236 -0.0331 -1.378, 0.1712 -0.0459 -1.3287, 0.128 0.0 -1.378, 0.1772 0.0 -1.3287, 0.1236 0.0331 -1.378, 0.1712 0.0459 -1.3287, 0.1108 0.064 -1.378, 0.1535 0.0886 -1.3287, 0.0905 0.0905 -1.378, 0.1253 0.1253 -1.3287, 0.064 0.1108 -1.378, 0.0886 0.1534 -1.3287, 0.0331 0.1236 -1.378, 0.0459 0.1711 -1.3287, 0.0 0.128 -1.378, 0.0 0.1772 0.0, -0.0458 0.1711 0.0, -0.0886 0.1534 0.0, -0.1253 0.1253 0.0, -0.1534 0.0886 0.0, -0.1711 0.0459 0.0, -0.1771 0.0 0.0, -0.1711 -0.0459 0.0, -0.1534 -0.0886 0.0, -0.1253 -0.1253 0.0, -0.0886 -0.1534 0.0, -0.0458 -0.1711 0.0, 0.0 -0.1772 0.0, 0.0459 -0.1711 0.0, 0.0886 -0.1534 0.0, 0.1253 -0.1253 0.0, 0.1535 -0.0886 0.0, 0.1712 -0.0459 0.0, 0.1772 0.0 0.0, 0.1712 0.0459 0.0, 0.1535 0.0886 0.0, 0.1253 0.1253 0.0, 0.0886 0.1534 0.0, 0.0459 0.1711 0.0, 0.0 0.0 -1.378
            ]
        }
        coordIndex [
            0,1,2,-1,3,4,5,-1,5,4,6,-1,0,2,7,-1,7,2,8,-1,7,8,9,-1,9,8,10,-1,9,10,11,-1,11,10,12,-1,11,12,13,-1,13,12,14,-1,13,14,15,-1,15,14,16,-1,15,16,17,-1,17,16,18,-1,17,18,19,-1,19,18,20,-1,19,20,21,-1,21,20,22,-1,21,22,23,-1,23,22,24,-1,23,24,25,-1,25,24,26,-1,25,26,27,-1,27,26,28,-1,27,28,29,-1,29,28,30,-1,29,30,31,-1,31,30,32,-1,31,32,33,-1,33,32,34,-1,33,34,35,-1,35,34,36,-1,35,36,37,-1,37,36,38,-1,37,38,39,-1,39,38,40,-1,39,40,41,-1,41,40,42,-1,41,42,6,-1,6,42,43,-1,6,43,5,-1,44,3,5,-1,45,46,47,-1,48,49,50,-1,50,49,51,-1,52,53,54,-1,54,53,55,-1,54,55,56,-1,1,53,2,-1,2,53,52,-1,2,52,8,-1,8,52,57,-1,8,57,10,-1,10,57,58,-1,10,58,12,-1,12,58,59,-1,12,59,14,-1,14,59,60,-1,14,60,16,-1,16,60,61,-1,16,61,18,-1,18,61,62,-1,18,62,20,-1,20,62,63,-1,20,63,22,-1,22,63,64,-1,22,64,24,-1,24,64,65,-1,24,65,26,-1,26,65,66,-1,26,66,28,-1,28,66,67,-1,28,67,30,-1,30,67,68,-1,30,68,32,-1,32,68,69,-1,32,69,34,-1,34,69,70,-1,34,70,36,-1,36,70,71,-1,36,71,38,-1,38,71,72,-1,38,72,40,-1,40,72,73,-1,40,73,42,-1,42,73,74,-1,42,74,43,-1,43,74,75,-1,43,75,5,-1,5,75,76,-1,5,76,44,-1,44,76,77,-1,44,77,51,-1,51,77,78,-1,51,78,50,-1,79,49,80,-1,80,49,48,-1,80,48,81,-1,81,48,82,-1,81,82,83,-1,56,55,84,-1,84,55,45,-1,84,45,85,-1,85,45,47,-1,85,47,86,-1,86,47,87,-1,86,87,88,-1,88,87,89,-1,88,89,90,-1,90,89,91,-1,90,91,92,-1,92,91,93,-1,92,93,94,-1,94,93,95,-1,94,95,96,-1,96,95,97,-1,96,97,98,-1,98,97,99,-1,98,99,100,-1,100,99,101,-1,100,101,102,-1,102,101,103,-1,102,103,104,-1,104,103,105,-1,104,105,106,-1,106,105,107,-1,106,107,108,-1,108,107,109,-1,108,109,110,-1,110,109,111,-1,110,111,112,-1,112,111,113,-1,112,113,114,-1,114,113,115,-1,114,115,116,-1,116,115,117,-1,116,117,118,-1,118,117,119,-1,118,119,83,-1,83,119,120,-1,83,120,81,-1,68,67,121,-1,70,69,122,-1,72,71,123,-1,124,125,126,-1,127,128,129,-1,130,131,66,-1,132,133,134,-1,134,133,135,-1,66,65,130,-1,130,65,64,-1,130,64,136,-1,129,128,137,-1,128,138,137,-1,137,138,139,-1,137,139,135,-1,135,139,140,-1,135,140,134,-1,64,63,136,-1,136,63,62,-1,136,62,141,-1,127,129,142,-1,142,129,143,-1,142,143,144,-1,144,143,145,-1,144,145,146,-1,62,61,141,-1,141,61,60,-1,141,60,147,-1,147,60,59,-1,147,59,148,-1,148,59,58,-1,146,145,149,-1,149,145,150,-1,149,150,151,-1,58,57,148,-1,148,57,52,-1,148,52,152,-1,151,150,153,-1,153,150,154,-1,153,154,155,-1,52,54,152,-1,152,54,56,-1,152,56,156,-1,155,154,157,-1,157,154,158,-1,157,158,159,-1,56,84,156,-1,156,84,85,-1,156,85,160,-1,160,85,86,-1,160,86,161,-1,161,86,88,-1,161,88,162,-1,159,158,163,-1,163,158,164,-1,163,164,165,-1,165,164,166,-1,165,166,167,-1,167,166,168,-1,167,168,169,-1,88,90,162,-1,162,90,92,-1,162,92,170,-1,169,168,171,-1,171,168,172,-1,171,172,173,-1,92,94,170,-1,170,94,96,-1,170,96,174,-1,173,172,175,-1,175,172,176,-1,175,176,177,-1,96,98,174,-1,174,98,100,-1,174,100,178,-1,177,176,179,-1,179,176,180,-1,179,180,181,-1,100,102,178,-1,178,102,104,-1,178,104,182,-1,181,180,183,-1,183,180,184,-1,183,184,185,-1,104,106,182,-1,182,106,108,-1,182,108,186,-1,185,184,187,-1,187,184,188,-1,187,188,189,-1,108,110,186,-1,186,110,112,-1,186,112,190,-1,189,188,191,-1,191,188,192,-1,191,192,193,-1,112,114,190,-1,190,114,116,-1,190,116,194,-1,194,116,118,-1,194,118,195,-1,195,118,83,-1,195,83,196,-1,193,192,197,-1,197,192,198,-1,197,198,199,-1,199,198,200,-1,199,200,201,-1,201,200,202,-1,201,202,203,-1,83,82,196,-1,196,82,48,-1,196,48,204,-1,48,50,204,-1,204,50,78,-1,204,78,205,-1,206,207,208,-1,208,207,209,-1,208,209,202,-1,202,209,210,-1,202,210,203,-1,133,211,135,-1,135,211,212,-1,135,212,137,-1,137,212,213,-1,137,213,129,-1,129,213,214,-1,129,214,143,-1,143,214,215,-1,143,215,145,-1,145,215,216,-1,145,216,150,-1,150,216,217,-1,150,217,154,-1,154,217,218,-1,154,218,158,-1,158,218,219,-1,158,219,164,-1,164,219,220,-1,164,220,166,-1,166,220,221,-1,166,221,168,-1,168,221,222,-1,168,222,172,-1,172,222,223,-1,172,223,176,-1,176,223,224,-1,176,224,180,-1,180,224,225,-1,180,225,184,-1,184,225,226,-1,184,226,188,-1,188,226,227,-1,188,227,192,-1,192,227,228,-1,192,228,198,-1,198,228,229,-1,198,229,200,-1,200,229,230,-1,200,230,202,-1,202,230,231,-1,202,231,208,-1,208,231,232,-1,208,232,206,-1,206,232,233,-1,211,234,212,-1,212,234,235,-1,212,235,213,-1,213,235,236,-1,213,236,214,-1,214,236,237,-1,214,237,215,-1,215,237,238,-1,215,238,216,-1,216,238,239,-1,216,239,217,-1,217,239,240,-1,217,240,218,-1,218,240,241,-1,218,241,219,-1,219,241,242,-1,219,242,220,-1,220,242,243,-1,220,243,221,-1,221,243,244,-1,221,244,222,-1,222,244,245,-1,222,245,223,-1,223,245,246,-1,223,246,224,-1,224,246,247,-1,224,247,225,-1,225,247,248,-1,225,248,226,-1,226,248,249,-1,226,249,227,-1,227,249,250,-1,227,250,228,-1,228,250,251,-1,228,251,229,-1,229,251,252,-1,229,252,230,-1,230,252,253,-1,230,253,231,-1,231,253,254,-1,231,254,232,-1,232,254,255,-1,232,255,233,-1,233,255,256,-1,234,257,235,-1,235,257,258,-1,235,258,236,-1,236,258,259,-1,236,259,237,-1,237,259,260,-1,237,260,238,-1,238,260,261,-1,238,261,239,-1,239,261,262,-1,239,262,240,-1,240,262,263,-1,240,263,241,-1,241,263,264,-1,241,264,242,-1,242,264,265,-1,242,265,243,-1,243,265,266,-1,243,266,244,-1,244,266,267,-1,244,267,245,-1,245,267,268,-1,245,268,246,-1,246,268,269,-1,246,269,247,-1,247,269,270,-1,247,270,248,-1,248,270,271,-1,248,271,249,-1,249,271,272,-1,249,272,250,-1,250,272,273,-1,250,273,251,-1,251,273,274,-1,251,274,252,-1,252,274,275,-1,252,275,253,-1,253,275,276,-1,253,276,254,-1,254,276,277,-1,254,277,255,-1,255,277,278,-1,255,278,256,-1,256,278,279,-1,257,280,258,-1,258,280,281,-1,258,281,259,-1,259,281,282,-1,259,282,260,-1,260,282,283,-1,260,283,261,-1,261,283,284,-1,261,284,262,-1,262,284,285,-1,262,285,263,-1,263,285,286,-1,263,286,264,-1,264,286,287,-1,264,287,265,-1,265,287,288,-1,265,288,266,-1,266,288,289,-1,266,289,267,-1,267,289,290,-1,267,290,268,-1,268,290,291,-1,268,291,269,-1,269,291,292,-1,269,292,270,-1,270,292,293,-1,270,293,271,-1,271,293,294,-1,271,294,272,-1,272,294,295,-1,272,295,273,-1,273,295,296,-1,273,296,274,-1,274,296,297,-1,274,297,275,-1,275,297,298,-1,275,298,276,-1,276,298,299,-1,276,299,277,-1,277,299,300,-1,277,300,278,-1,278,300,301,-1,278,301,279,-1,279,301,302,-1,280,303,281,-1,281,303,304,-1,281,304,282,-1,282,304,305,-1,282,305,283,-1,283,305,306,-1,283,306,284,-1,284,306,307,-1,284,307,285,-1,285,307,308,-1,285,308,286,-1,286,308,309,-1,286,309,287,-1,287,309,310,-1,287,310,288,-1,288,310,311,-1,288,311,289,-1,289,311,312,-1,289,312,290,-1,290,312,313,-1,290,313,291,-1,291,313,314,-1,291,314,292,-1,292,314,315,-1,292,315,293,-1,293,315,316,-1,293,316,294,-1,294,316,317,-1,294,317,295,-1,295,317,318,-1,295,318,296,-1,296,318,319,-1,296,319,297,-1,297,319,320,-1,297,320,298,-1,298,320,321,-1,298,321,299,-1,299,321,322,-1,299,322,300,-1,300,322,323,-1,300,323,301,-1,301,323,324,-1,301,324,302,-1,302,324,325,-1,303,326,304,-1,304,326,327,-1,304,327,305,-1,305,327,328,-1,305,328,306,-1,306,328,329,-1,306,329,307,-1,307,329,330,-1,307,330,308,-1,308,330,331,-1,308,331,309,-1,309,331,332,-1,309,332,310,-1,310,332,333,-1,310,333,311,-1,311,333,334,-1,311,334,312,-1,312,334,335,-1,312,335,313,-1,313,335,336,-1,313,336,314,-1,314,336,337,-1,314,337,315,-1,315,337,338,-1,315,338,316,-1,316,338,339,-1,316,339,317,-1,317,339,340,-1,317,340,318,-1,318,340,341,-1,318,341,319,-1,319,341,342,-1,319,342,320,-1,320,342,343,-1,320,343,321,-1,321,343,344,-1,321,344,322,-1,322,344,345,-1,322,345,323,-1,323,345,346,-1,323,346,324,-1,324,346,347,-1,324,347,325,-1,325,347,348,-1,326,349,327,-1,327,349,350,-1,327,350,328,-1,328,350,351,-1,328,351,329,-1,329,351,352,-1,329,352,330,-1,330,352,353,-1,330,353,331,-1,331,353,354,-1,331,354,332,-1,332,354,355,-1,332,355,333,-1,333,355,356,-1,333,356,334,-1,334,356,357,-1,334,357,335,-1,335,357,358,-1,335,358,336,-1,336,358,359,-1,336,359,337,-1,337,359,360,-1,337,360,338,-1,338,360,361,-1,338,361,339,-1,339,361,362,-1,339,362,340,-1,340,362,363,-1,340,363,341,-1,341,363,364,-1,341,364,342,-1,342,364,365,-1,342,365,343,-1,343,365,366,-1,343,366,344,-1,344,366,367,-1,344,367,345,-1,345,367,368,-1,345,368,346,-1,346,368,369,-1,346,369,347,-1,347,369,370,-1,347,370,348,-1,348,370,371,-1,349,131,350,-1,350,131,130,-1,350,130,351,-1,351,130,136,-1,351,136,352,-1,352,136,141,-1,352,141,353,-1,353,141,147,-1,353,147,354,-1,354,147,148,-1,354,148,355,-1,355,148,152,-1,355,152,356,-1,356,152,156,-1,356,156,357,-1,357,156,160,-1,357,160,358,-1,358,160,161,-1,358,161,359,-1,359,161,162,-1,359,162,360,-1,360,162,170,-1,360,170,361,-1,361,170,174,-1,361,174,362,-1,362,174,178,-1,362,178,363,-1,363,178,182,-1,363,182,364,-1,364,182,186,-1,364,186,365,-1,365,186,190,-1,365,190,366,-1,366,190,194,-1,366,194,367,-1,367,194,195,-1,367,195,368,-1,368,195,196,-1,368,196,369,-1,369,196,204,-1,369,204,370,-1,370,204,205,-1,370,205,371,-1,371,205,372,-1,125,373,206,-1,206,373,374,-1,206,374,207,-1,78,77,205,-1,205,77,76,-1,205,76,372,-1,372,76,75,-1,372,75,74,-1,125,206,126,-1,126,206,233,-1,126,233,375,-1,375,233,256,-1,375,256,376,-1,376,256,279,-1,376,279,377,-1,377,279,302,-1,377,302,378,-1,378,302,325,-1,378,325,379,-1,379,325,348,-1,379,348,380,-1,380,348,371,-1,380,371,381,-1,381,371,372,-1,381,372,382,-1,382,372,74,-1,382,74,73,-1,383,384,385,-1,385,384,124,-1,124,126,385,-1,385,126,375,-1,385,375,386,-1,386,375,376,-1,386,376,387,-1,387,376,377,-1,387,377,388,-1,388,377,378,-1,388,378,389,-1,389,378,379,-1,389,379,390,-1,390,379,380,-1,390,380,391,-1,391,380,381,-1,391,381,392,-1,392,381,382,-1,392,382,123,-1,123,382,73,-1,123,73,72,-1,393,394,395,-1,395,394,383,-1,383,385,395,-1,395,385,386,-1,395,386,396,-1,396,386,387,-1,396,387,397,-1,397,387,388,-1,397,388,398,-1,398,388,389,-1,398,389,399,-1,399,389,390,-1,399,390,400,-1,400,390,391,-1,400,391,401,-1,401,391,392,-1,401,392,402,-1,402,392,123,-1,402,123,122,-1,122,123,71,-1,122,71,70,-1,132,403,404,-1,404,403,393,-1,393,395,404,-1,404,395,396,-1,404,396,405,-1,405,396,397,-1,405,397,406,-1,406,397,398,-1,406,398,407,-1,407,398,399,-1,407,399,408,-1,408,399,400,-1,408,400,409,-1,409,400,401,-1,409,401,410,-1,410,401,402,-1,410,402,411,-1,411,402,122,-1,411,122,121,-1,121,122,69,-1,121,69,68,-1,132,404,133,-1,133,404,405,-1,133,405,211,-1,211,405,406,-1,211,406,234,-1,234,406,407,-1,234,407,257,-1,257,407,408,-1,257,408,280,-1,280,408,409,-1,280,409,303,-1,303,409,410,-1,303,410,326,-1,326,410,411,-1,326,411,349,-1,349,411,121,-1,349,121,131,-1,131,121,67,-1,131,67,66,-1,412,149,151,-1,412,151,413,-1,149,412,146,-1,146,412,414,-1,146,414,144,-1,144,414,142,-1,142,414,415,-1,142,415,127,-1,127,415,128,-1,128,415,416,-1,128,416,138,-1,138,416,139,-1,139,416,417,-1,139,417,140,-1,140,417,134,-1,134,417,418,-1,134,418,132,-1,419,394,420,-1,420,394,393,-1,420,393,418,-1,418,393,403,-1,418,403,132,-1,421,384,419,-1,419,384,383,-1,419,383,394,-1,422,125,421,-1,421,125,124,-1,421,124,384,-1,423,374,422,-1,422,374,373,-1,422,373,125,-1,424,209,423,-1,423,209,207,-1,423,207,374,-1,425,203,424,-1,424,203,210,-1,424,210,209,-1,193,197,426,-1,426,197,199,-1,426,199,425,-1,425,199,201,-1,425,201,203,-1,193,426,191,-1,191,426,427,-1,191,427,189,-1,189,427,428,-1,189,428,187,-1,187,428,185,-1,185,428,429,-1,185,429,183,-1,183,429,181,-1,181,429,430,-1,181,430,179,-1,179,430,177,-1,177,430,431,-1,177,431,175,-1,175,431,173,-1,173,431,432,-1,173,432,171,-1,171,432,169,-1,169,432,433,-1,169,433,167,-1,167,433,165,-1,165,433,434,-1,165,434,163,-1,151,153,413,-1,413,153,155,-1,413,155,435,-1,435,155,157,-1,435,157,434,-1,434,157,159,-1,434,159,163,-1,436,79,80,-1,46,437,47,-1,47,437,438,-1,436,80,439,-1,439,80,81,-1,439,81,440,-1,440,81,120,-1,440,120,441,-1,441,120,119,-1,441,119,442,-1,442,119,117,-1,442,117,443,-1,443,117,115,-1,443,115,444,-1,444,115,113,-1,444,113,445,-1,445,113,111,-1,445,111,446,-1,446,111,109,-1,446,109,447,-1,447,109,107,-1,447,107,448,-1,448,107,105,-1,448,105,449,-1,449,105,103,-1,449,103,450,-1,450,103,101,-1,450,101,451,-1,451,101,99,-1,451,99,452,-1,452,99,97,-1,452,97,453,-1,453,97,95,-1,453,95,454,-1,454,95,93,-1,454,93,455,-1,455,93,91,-1,455,91,456,-1,456,91,89,-1,456,89,438,-1,438,89,87,-1,438,87,47,-1,438,437,457,-1,6,4,458,-1,436,439,459,-1,459,439,460,-1,459,460,461,-1,461,460,462,-1,461,462,463,-1,463,462,464,-1,463,464,465,-1,465,464,466,-1,465,466,458,-1,458,466,467,-1,458,467,6,-1,0,7,468,-1,468,7,469,-1,468,469,470,-1,470,469,471,-1,470,471,472,-1,472,471,473,-1,472,473,474,-1,474,473,475,-1,474,475,457,-1,457,475,476,-1,457,476,438,-1,477,478,27,-1,27,29,477,-1,477,29,31,-1,477,31,479,-1,31,33,479,-1,479,33,35,-1,479,35,480,-1,35,37,480,-1,480,37,39,-1,480,39,467,-1,467,39,41,-1,467,41,6,-1,439,440,460,-1,460,440,441,-1,460,441,481,-1,441,442,481,-1,481,442,443,-1,481,443,482,-1,443,444,482,-1,482,444,445,-1,482,445,483,-1,445,446,483,-1,483,446,447,-1,483,447,484,-1,447,448,484,-1,484,448,449,-1,484,449,485,-1,449,450,485,-1,485,450,451,-1,485,451,486,-1,451,452,486,-1,486,452,453,-1,486,453,487,-1,453,454,487,-1,487,454,455,-1,487,455,476,-1,476,455,456,-1,476,456,438,-1,7,9,469,-1,469,9,11,-1,469,11,488,-1,11,13,488,-1,488,13,15,-1,488,15,489,-1,15,17,489,-1,489,17,19,-1,489,19,490,-1,19,21,490,-1,490,21,23,-1,490,23,478,-1,478,23,25,-1,478,25,27,-1,491,477,479,-1,478,477,491,-1,491,467,466,-1,480,467,491,-1,479,480,491,-1,491,462,460,-1,464,462,491,-1,466,464,491,-1,491,482,483,-1,481,482,491,-1,460,481,491,-1,491,485,486,-1,484,485,491,-1,483,484,491,-1,491,476,475,-1,487,476,491,-1,486,487,491,-1,491,471,469,-1,473,471,491,-1,475,473,491,-1,491,489,490,-1,488,489,491,-1,469,488,491,-1,490,478,491,-1,49,459,461,-1,49,461,51,-1,51,461,463,-1,51,463,44,-1,44,463,465,-1,44,465,458,-1,459,49,436,-1,436,49,79,-1,4,3,458,-1,458,3,44,-1,468,53,0,-1,0,53,1,-1,437,46,457,-1,457,46,45,-1,53,468,470,-1,53,470,55,-1,55,470,472,-1,55,472,45,-1,45,472,474,-1,45,474,457,-1,492,493,494,-1,494,493,495,-1,494,495,496,-1,496,495,497,-1,496,497,498,-1,498,497,499,-1,498,499,500,-1,500,499,501,-1,500,501,502,-1,502,501,503,-1,502,503,504,-1,504,503,505,-1,504,505,506,-1,506,505,507,-1,506,507,508,-1,508,507,509,-1,508,509,510,-1,510,509,511,-1,510,511,512,-1,512,511,513,-1,512,513,514,-1,514,513,515,-1,514,515,516,-1,516,515,517,-1,516,517,518,-1,518,517,519,-1,518,519,520,-1,520,519,521,-1,520,521,522,-1,522,521,523,-1,522,523,524,-1,524,523,525,-1,524,525,526,-1,526,525,527,-1,526,527,528,-1,528,527,529,-1,528,529,530,-1,530,529,531,-1,530,531,532,-1,532,531,533,-1,532,533,534,-1,534,533,535,-1,534,535,536,-1,536,535,537,-1,536,537,538,-1,538,537,539,-1,538,539,492,-1,492,539,493,-1,540,494,541,-1,541,494,496,-1,541,496,542,-1,542,496,498,-1,542,498,543,-1,543,498,500,-1,543,500,544,-1,544,500,502,-1,544,502,545,-1,545,502,504,-1,545,504,546,-1,546,504,506,-1,546,506,547,-1,547,506,508,-1,547,508,548,-1,548,508,510,-1,548,510,549,-1,549,510,512,-1,549,512,550,-1,550,512,514,-1,550,514,551,-1,551,514,516,-1,551,516,552,-1,552,516,518,-1,552,518,553,-1,553,518,520,-1,553,520,554,-1,554,520,522,-1,554,522,555,-1,555,522,524,-1,555,524,556,-1,556,524,526,-1,556,526,557,-1,557,526,528,-1,557,528,558,-1,558,528,530,-1,558,530,559,-1,559,530,532,-1,559,532,560,-1,560,532,534,-1,560,534,561,-1,561,534,536,-1,561,536,562,-1,562,536,538,-1,562,538,563,-1,563,538,492,-1,563,492,540,-1,540,492,494,-1,424,541,425,-1,425,541,542,-1,425,542,426,-1,426,542,543,-1,426,543,427,-1,427,543,544,-1,427,544,428,-1,428,544,545,-1,428,545,429,-1,429,545,546,-1,429,546,430,-1,430,546,547,-1,430,547,431,-1,431,547,548,-1,431,548,432,-1,432,548,549,-1,432,549,433,-1,433,549,550,-1,433,550,434,-1,434,550,551,-1,434,551,435,-1,435,551,552,-1,435,552,413,-1,413,552,553,-1,413,553,412,-1,412,553,554,-1,412,554,414,-1,414,554,555,-1,414,555,415,-1,415,555,556,-1,415,556,416,-1,416,556,557,-1,416,557,417,-1,417,557,558,-1,417,558,418,-1,418,558,559,-1,418,559,420,-1,420,559,560,-1,420,560,419,-1,419,560,561,-1,419,561,421,-1,421,561,562,-1,421,562,422,-1,422,562,563,-1,422,563,423,-1,423,563,540,-1,423,540,424,-1,424,540,541,-1,495,493,564,-1,564,493,539,-1,564,539,537,-1,501,499,564,-1,564,499,497,-1,564,497,495,-1,507,505,564,-1,564,505,503,-1,564,503,501,-1,513,511,564,-1,564,511,509,-1,564,509,507,-1,519,517,564,-1,564,517,515,-1,564,515,513,-1,525,523,564,-1,564,523,521,-1,564,521,519,-1,531,529,564,-1,564,529,527,-1,564,527,525,-1,537,535,564,-1,564,535,533,-1,564,533,531,-1,
        ]
    }
}
Shape{
    appearance Appearance {
        material  Material 	{
            diffuseColor 1.0 1.0 1.0
            specularColor 0.5019607843137255 0.5019607843137255 0.5019607843137255
            ambientIntensity 1.0
            transparency 0.0
            shininess 0.5
        }
    }
    geometry IndexedFaceSet {
        ccw TRUE
        solid FALSE
        coord DEF co Coordinate {
            point [
                3.7795 0.0 2.815, 1.4567 0.0 2.815, 3.7795 0.0612 2.8075, 1.4567 0.0612 2.8075, 3.7795 0.1189 2.7857, 1.4567 0.1189 2.7857, 3.7795 0.1697 2.7506, 1.4567 0.1697 2.7506, 3.7795 0.2106 2.7044, 1.4567 0.2106 2.7044, 3.7795 0.2393 2.6498, 1.4567 0.2393 2.6498, 3.7795 0.254 2.5899, 1.4567 0.254 2.5899, 3.7795 0.254 2.5282, 1.4567 0.254 2.5282, 3.7795 0.2393 2.4683, 1.4567 0.2393 2.4683, 3.7795 0.2106 2.4137, 1.4567 0.2106 2.4137, 3.7795 0.1697 2.3675, 1.4567 0.1697 2.3675, 3.7795 0.1189 2.3325, 1.4567 0.1189 2.3325, 3.7795 0.0612 2.3106, 1.4567 0.0612 2.3106, 3.7795 0.0 2.3032, 1.4567 0.0 2.3032, 3.7795 -0.0612 2.3106, 1.4567 -0.0612 2.3106, 3.7795 -0.1189 2.3325, 1.4567 -0.1189 2.3325, 3.7795 -0.1697 2.3675, 1.4567 -0.1697 2.3675, 3.7795 -0.2106 2.4137, 1.4567 -0.2106 2.4137, 3.7795 -0.2393 2.4683, 1.4567 -0.2393 2.4683, 3.7795 -0.254 2.5282, 1.4567 -0.254 2.5282, 3.7795 -0.254 2.5899, 1.4567 -0.254 2.5899, 3.7795 -0.2393 2.6498, 1.4567 -0.2393 2.6498, 3.7795 -0.2106 2.7044, 1.4567 -0.2106 2.7044, 3.7795 -0.1697 2.7506, 1.4567 -0.1697 2.7506, 3.7795 -0.1189 2.7857, 1.4567 -0.1189 2.7857, 3.7795 -0.0612 2.8075, 1.4567 -0.0612 2.8075, 3.7795 0.1115 1.8194, 3.7795 0.1482 3.2923, 3.7795 0.0745 3.3034, 3.7795 0.1846 1.8342, 3.7795 0.2558 1.8561, 3.7795 0.7091 2.3208, 3.7795 0.7293 2.3926, 3.7795 0.5088 2.0107, 3.7795 0.5609 2.0641, 3.7795 0.3246 1.8851, 3.7795 0.3901 1.9208, 3.7795 0.4517 1.9628, 3.7795 -0.1846 1.8342, 3.7795 -0.1115 1.8194, 3.7795 -0.0373 1.812, 3.7795 0.0373 1.812, 3.7795 -0.2205 3.2739, 3.7795 -0.2906 3.2484, 3.7795 0.0 3.3071, 3.7795 -0.0745 3.3034, 3.7795 -0.1482 3.2923, 3.7795 0.7367 2.689, 3.7795 0.7201 2.7617, 3.7795 0.7422 2.466, 3.7795 0.7478 2.5404, 3.7795 0.7459 2.615, 3.7795 0.6963 2.8323, 3.7795 0.6657 2.9003, 3.7795 0.6074 2.1224, 3.7795 0.6478 2.185, 3.7795 0.6818 2.2514, 3.7795 -0.2558 1.8561, 3.7795 -0.3246 1.8851, 3.7795 -0.6074 2.1224, 3.7795 -0.5609 2.0641, 3.7795 -0.7201 2.7617, 3.7795 -0.7367 2.689, 3.7795 0.4808 3.1321, 3.7795 0.4214 3.1771, 3.7795 -0.7459 2.615, 3.7795 -0.7478 2.5404, 3.7795 -0.6657 2.9003, 3.7795 -0.6963 2.8323, 3.7795 -0.4808 3.1321, 3.7795 -0.4214 3.1771, 3.7795 -0.3577 3.216, 3.7795 0.6284 2.9649, 3.7795 0.5848 3.0254, 3.7795 0.5355 3.0814, 3.7795 -0.5088 2.0107, 3.7795 -0.4517 1.9628, 3.7795 -0.39 1.9208, 3.7795 -0.5355 3.0814, 3.7795 -0.5848 3.0254, 3.7795 -0.6284 2.9649, 3.7795 0.3577 3.216, 3.7795 0.2906 3.2484, 3.7795 0.2205 3.2739, 3.7795 -0.7422 2.466, 3.7795 -0.7293 2.3926, 3.7795 -0.7091 2.3208, 3.7795 -0.6818 2.2514, 3.7795 -0.6478 2.185, 3.7205 -0.4272 3.2427, 3.7358 -0.4535 3.2242, 3.7205 -0.386 3.2679, 3.7358 -0.385 3.2661, 3.7205 -0.328 3.2958, 3.7358 -0.3127 3.3009, 3.7205 -0.3135 3.3028, 3.7358 -0.2373 3.3284, 3.7205 -0.2379 3.3303, 3.7205 -0.4546 3.2259, 3.7205 -0.5188 3.1773, 3.7358 -0.5175 3.1758, 3.7205 -0.5778 3.1226, 3.7358 -0.5763 3.1212, 3.7205 -0.5991 3.0985, 3.7358 -0.6294 3.061, 3.7205 -0.631 3.0623, 3.7358 -0.6763 2.9958, 3.7205 -0.6686 3.01, 3.7205 -0.678 2.9969, 3.7205 -0.7182 2.9273, 3.7358 -0.7164 2.9263, 3.7205 -0.7248 2.9126, 3.7358 -0.7494 2.8532, 3.7205 -0.7513 2.8539, 3.7358 -0.775 2.7771, 3.7205 -0.7667 2.8082, 3.7205 -0.7769 2.7776, 3.7205 -0.7948 2.6992, 3.7358 -0.7928 2.6989, 3.7205 -0.8048 2.6194, 3.7358 -0.8028 2.6192, 3.7205 -0.8056 2.5872, 3.7358 -0.8048 2.539, 3.7205 -0.8068 2.5389, 3.7358 -0.7988 2.459, 3.7205 -0.802 2.4747, 3.7205 -0.8008 2.4587, 3.7205 -0.7869 2.3795, 3.7358 -0.7849 2.3799, 3.7205 -0.7825 2.364, 3.7358 -0.7632 2.3027, 3.7205 -0.7651 2.302, 3.7358 -0.7338 2.2279, 3.7205 -0.7474 2.2571, 3.7205 -0.7357 2.2271, 3.7205 -0.699 2.1555, 3.7358 -0.6972 2.1565, 3.7205 -0.6553 2.0879, 3.7358 -0.6537 2.0891, 3.7205 -0.6352 2.0628, 3.7358 -0.6036 2.0264, 3.7205 -0.6051 2.025, 3.7358 -0.5476 1.9689, 3.7205 -0.5602 1.9789, 3.7205 -0.549 1.9674, 3.7205 -0.4873 1.9157, 3.7358 -0.4861 1.9173, 3.7205 -0.474 1.9066, 3.7358 -0.4198 1.8721, 3.7205 -0.4208 1.8704, 3.7358 -0.3493 1.8337, 3.7205 -0.3784 1.8473, 3.7205 -0.3502 1.8319, 3.7205 -0.276 1.8006, 3.7358 -0.2754 1.8025, 3.7205 -0.1992 1.7769, 3.7358 -0.1987 1.7789, 3.7205 -0.1676 1.7706, 3.7358 -0.12 1.763, 3.7205 -0.1203 1.761, 3.7358 -0.0401 1.755, 3.7205 -0.0562 1.7546, 3.7205 -0.0402 1.753, 3.7205 0.0402 1.753, 3.7358 0.0401 1.755, 3.7205 0.0562 1.7546, 3.7358 0.12 1.763, 3.7205 0.1203 1.761, 3.7358 0.1987 1.7789, 3.7205 0.1676 1.7706, 3.7205 0.1992 1.7769, 3.7205 0.276 1.8006, 3.7358 0.2754 1.8025, 3.7205 0.3502 1.8319, 3.7358 0.3493 1.8337, 3.7205 0.3784 1.8473, 3.7358 0.4198 1.8721, 3.7205 0.4208 1.8704, 3.7358 0.4861 1.9173, 3.7205 0.474 1.9066, 3.7205 0.4873 1.9157, 3.7205 0.549 1.9674, 3.7358 0.5476 1.9689, 3.7205 0.5602 1.9789, 3.7358 0.6036 2.0264, 3.7205 0.6051 2.025, 3.7358 0.6537 2.0891, 3.7205 0.6352 2.0628, 3.7205 0.6553 2.0879, 3.7205 0.699 2.1555, 3.7358 0.6972 2.1565, 3.7205 0.7357 2.2271, 3.7358 0.7338 2.2279, 3.7205 0.7474 2.2571, 3.7358 0.7632 2.3027, 3.7205 0.7651 2.302, 3.7358 0.7849 2.3799, 3.7205 0.7825 2.364, 3.7205 0.7869 2.3795, 3.7205 0.8008 2.4587, 3.7358 0.7988 2.459, 3.7205 0.802 2.4747, 3.7358 0.8048 2.539, 3.7205 0.8068 2.5389, 3.7358 0.8028 2.6192, 3.7205 0.8056 2.5872, 3.7205 0.8048 2.6194, 3.7205 0.7948 2.6992, 3.7358 0.7928 2.6989, 3.7205 0.7769 2.7776, 3.7358 0.775 2.7771, 3.7205 0.7667 2.8082, 3.7358 0.7494 2.8532, 3.7205 0.7513 2.8539, 3.7358 0.7164 2.9263, 3.7205 0.7248 2.9126, 3.7205 0.7182 2.9273, 3.7205 0.678 2.9969, 3.7358 0.6763 2.9958, 3.7205 0.6686 3.01, 3.7358 0.6294 3.061, 3.7205 0.631 3.0623, 3.7358 0.5763 3.1212, 3.7205 0.5991 3.0985, 3.7205 0.5778 3.1226, 3.7205 0.5188 3.1773, 3.7358 0.5175 3.1758, 3.7205 0.4546 3.2259, 3.7358 0.4535 3.2242, 3.7205 0.4272 3.2427, 3.7358 0.385 3.2661, 3.7205 0.386 3.2679, 3.7358 0.3127 3.3009, 3.7205 0.328 3.2958, 3.7205 0.3135 3.3028, 3.7205 0.2379 3.3303, 3.7358 0.2373 3.3284, 3.7205 0.2223 3.3343, 3.7358 0.1595 3.3482, 3.7205 0.1599 3.3501, 3.7358 0.0802 3.3601, 3.7205 0.1122 3.3573, 3.7205 0.0804 3.3621, 3.7205 0.0 3.3661, 3.7358 0.0 3.3641, 3.7205 -0.0804 3.3621, 3.7358 -0.0802 3.3601, 3.7205 -0.1122 3.3573, 3.7358 -0.1595 3.3482, 3.7205 -0.1599 3.3501, 3.7205 -0.2223 3.3343, 3.75 0.0796 3.3543, 3.75 0.1584 3.3424, 3.75 0.2356 3.3227, 3.75 0.3104 3.2955, 3.75 0.3822 3.2609, 3.75 0.4502 3.2194, 3.75 0.5137 3.1713, 3.75 0.5721 3.1171, 3.75 0.6248 3.0573, 3.75 0.6713 2.9926, 3.75 0.7112 2.9236, 3.75 0.7439 2.851, 3.75 0.7693 2.7755, 3.75 0.787 2.6978, 3.75 0.7969 2.6188, 3.75 0.7989 2.5391, 3.75 0.793 2.4597, 3.75 0.7791 2.3812, 3.75 0.7576 2.3045, 3.75 0.7285 2.2304, 3.75 0.6921 2.1595, 3.75 0.6489 2.0925, 3.75 0.5992 2.0303, 3.75 0.5436 1.9732, 3.75 0.4825 1.922, 3.75 0.4167 1.8771, 3.75 0.3467 1.839, 3.75 0.2733 1.8081, 3.75 0.1972 1.7846, 3.75 0.1191 1.7688, 3.75 0.0398 1.7609, 3.75 -0.0398 1.7609, 3.75 -0.1191 1.7688, 3.75 -0.1972 1.7846, 3.75 -0.2733 1.8081, 3.75 -0.3467 1.839, 3.75 -0.4167 1.8771, 3.75 -0.4825 1.922, 3.75 -0.5436 1.9732, 3.75 -0.5992 2.0303, 3.75 -0.6489 2.0925, 3.75 -0.6921 2.1595, 3.75 -0.7285 2.2304, 3.75 -0.7576 2.3045, 3.75 -0.7791 2.3812, 3.75 -0.793 2.4597, 3.75 -0.7989 2.5391, 3.75 -0.7969 2.6188, 3.75 -0.787 2.6978, 3.75 -0.7693 2.7755, 3.75 -0.7439 2.851, 3.75 -0.7112 2.9236, 3.75 -0.6713 2.9926, 3.75 -0.6248 3.0573, 3.75 -0.5721 3.1171, 3.75 -0.5137 3.1713, 3.75 -0.4502 3.2194, 3.75 -0.3822 3.2609, 3.75 -0.3104 3.2955, 3.75 -0.2356 3.3227, 3.75 -0.1584 3.3424, 3.75 -0.0796 3.3543, 3.75 0.0 3.3582, 3.7623 0.0786 3.3449, 3.7623 0.1565 3.3332, 3.7623 0.2328 3.3138, 3.7623 0.3068 3.2868, 3.7623 0.3777 3.2527, 3.7623 0.4449 3.2116, 3.7623 0.5077 3.1641, 3.7623 0.5654 3.1105, 3.7623 0.6175 3.0515, 3.7623 0.6634 2.9876, 3.7623 0.7028 2.9194, 3.7623 0.7352 2.8476, 3.7623 0.7603 2.773, 3.7623 0.7778 2.6962, 3.7623 0.7876 2.6181, 3.7623 0.7895 2.5394, 3.7623 0.7837 2.4609, 3.7623 0.77 2.3833, 3.7623 0.7487 2.3075, 3.7623 0.7199 2.2342, 3.7623 0.684 2.1642, 3.7623 0.6413 2.098, 3.7623 0.5922 2.0365, 3.7623 0.5372 1.9801, 3.7623 0.4769 1.9295, 3.7623 0.4118 1.8851, 3.7623 0.3427 1.8475, 3.7623 0.2701 1.8169, 3.7623 0.1949 1.7937, 3.7623 0.1177 1.7781, 3.7623 0.0394 1.7702, 3.7623 -0.0394 1.7702, 3.7623 -0.1177 1.7781, 3.7623 -0.1949 1.7937, 3.7623 -0.2701 1.8169, 3.7623 -0.3427 1.8475, 3.7623 -0.4118 1.8851, 3.7623 -0.4769 1.9295, 3.7623 -0.5372 1.9801, 3.7623 -0.5922 2.0365, 3.7623 -0.6413 2.098, 3.7623 -0.684 2.1642, 3.7623 -0.7199 2.2342, 3.7623 -0.7487 2.3075, 3.7623 -0.77 2.3833, 3.7623 -0.7837 2.4609, 3.7623 -0.7895 2.5394, 3.7623 -0.7876 2.6181, 3.7623 -0.7778 2.6962, 3.7623 -0.7603 2.773, 3.7623 -0.7352 2.8476, 3.7623 -0.7028 2.9194, 3.7623 -0.6634 2.9876, 3.7623 -0.6175 3.0515, 3.7623 -0.5654 3.1105, 3.7623 -0.5077 3.1641, 3.7623 -0.4449 3.2116, 3.7623 -0.3777 3.2527, 3.7623 -0.3068 3.2868, 3.7623 -0.2328 3.3138, 3.7623 -0.1565 3.3332, 3.7623 -0.0786 3.3449, 3.7623 0.0 3.3488, 3.7716 0.0774 3.3328, 3.7716 0.1541 3.3212, 3.7716 0.2292 3.3021, 3.7716 0.302 3.2756, 3.7716 0.3719 3.2419, 3.7716 0.438 3.2015, 3.7716 0.4998 3.1547, 3.7716 0.5566 3.102, 3.7716 0.6079 3.0439, 3.7716 0.6532 2.9809, 3.7716 0.6919 2.9138, 3.7716 0.7238 2.8431, 3.7716 0.7485 2.7697, 3.7716 0.7657 2.6941, 3.7716 0.7754 2.6172, 3.7716 0.7773 2.5397, 3.7716 0.7715 2.4624, 3.7716 0.7581 2.386, 3.7716 0.7371 2.3114, 3.7716 0.7087 2.2393, 3.7716 0.6734 2.1703, 3.7716 0.6313 2.1052, 3.7716 0.583 2.0446, 3.7716 0.5289 1.9891, 3.7716 0.4695 1.9392, 3.7716 0.4054 1.8956, 3.7716 0.3374 1.8585, 3.7716 0.2659 1.8284, 3.7716 0.1919 1.8055, 3.7716 0.1159 1.7902, 3.7716 0.0388 1.7825, 3.7716 -0.0388 1.7825, 3.7716 -0.1159 1.7902, 3.7716 -0.1919 1.8055, 3.7716 -0.2659 1.8284, 3.7716 -0.3374 1.8585, 3.7716 -0.4054 1.8956, 3.7716 -0.4695 1.9392, 3.7716 -0.5289 1.9891, 3.7716 -0.583 2.0446, 3.7716 -0.6313 2.1052, 3.7716 -0.6734 2.1703, 3.7716 -0.7087 2.2393, 3.7716 -0.7371 2.3114, 3.7716 -0.7581 2.386, 3.7716 -0.7715 2.4624, 3.7716 -0.7773 2.5397, 3.7716 -0.7754 2.6172, 3.7716 -0.7657 2.6941, 3.7716 -0.7485 2.7697, 3.7716 -0.7238 2.8431, 3.7716 -0.6919 2.9138, 3.7716 -0.6532 2.9809, 3.7716 -0.6079 3.0439, 3.7716 -0.5566 3.102, 3.7716 -0.4998 3.1547, 3.7716 -0.438 3.2015, 3.7716 -0.3719 3.2419, 3.7716 -0.302 3.2756, 3.7716 -0.2292 3.3021, 3.7716 -0.1541 3.3212, 3.7716 -0.0774 3.3328, 3.7716 0.0 3.3366, 3.7775 0.076 3.3186, 3.7775 0.1512 3.3072, 3.7775 0.225 3.2885, 3.7775 0.2965 3.2624, 3.7775 0.3651 3.2294, 3.7775 0.43 3.1897, 3.7775 0.4907 3.1438, 3.7775 0.5464 3.092, 3.7775 0.5968 3.035, 3.7775 0.6412 2.9732, 3.7775 0.6793 2.9073, 3.7775 0.7106 2.8379, 3.7775 0.7348 2.7658, 3.7775 0.7517 2.6916, 3.7775 0.7612 2.6161, 3.7775 0.7631 2.54, 3.7775 0.7574 2.4641, 3.7775 0.7442 2.3892, 3.7775 0.7236 2.316, 3.7775 0.6958 2.2451, 3.7775 0.6611 2.1774, 3.7775 0.6198 2.1135, 3.7775 0.5723 2.054, 3.7775 0.5192 1.9995, 3.7775 0.4609 1.9506, 3.7775 0.398 1.9077, 3.7775 0.3312 1.8713, 3.7775 0.2611 1.8418, 3.7775 0.1884 1.8193, 3.7775 0.1138 1.8043, 3.7775 0.038 1.7967, 3.7775 -0.038 1.7967, 3.7775 -0.1138 1.8043, 3.7775 -0.1884 1.8193, 3.7775 -0.2611 1.8418, 3.7775 -0.3312 1.8713, 3.7775 -0.398 1.9077, 3.7775 -0.4609 1.9506, 3.7775 -0.5192 1.9995, 3.7775 -0.5723 2.054, 3.7775 -0.6198 2.1135, 3.7775 -0.6611 2.1774, 3.7775 -0.6958 2.2451, 3.7775 -0.7236 2.316, 3.7775 -0.7442 2.3892, 3.7775 -0.7574 2.4641, 3.7775 -0.7631 2.54, 3.7775 -0.7612 2.6161, 3.7775 -0.7517 2.6916, 3.7775 -0.7348 2.7658, 3.7775 -0.7106 2.8379, 3.7775 -0.6793 2.9073, 3.7775 -0.6412 2.9732, 3.7775 -0.5968 3.035, 3.7775 -0.5464 3.092, 3.7775 -0.4906 3.1438, 3.7775 -0.43 3.1897, 3.7775 -0.3651 3.2294, 3.7775 -0.2965 3.2624, 3.7775 -0.225 3.2885, 3.7775 -0.1512 3.3072, 3.7775 -0.076 3.3186, 3.7775 0.0 3.3224, 1.4567 -0.1123 3.3583, 1.4567 0.0 3.3661, 1.4567 -0.2225 3.3349, 1.4567 -0.3283 3.2964, 1.4567 -0.4277 3.2435, 1.4567 -0.5188 3.1773, 1.4567 -0.5998 3.0991, 1.4567 -0.6691 3.0104, 1.4567 -0.7254 2.9129, 1.4567 -0.7676 2.8085, 1.4567 -0.7948 2.6992, 1.4567 -0.8066 2.5872, 1.4567 -0.8027 2.4747, 1.4567 -0.7831 2.3638, 1.4567 -0.7483 2.2567, 1.4567 -0.699 2.1555, 1.4567 -0.636 2.0622, 1.4567 -0.5606 1.9785, 1.4567 -0.4744 1.9061, 1.4567 -0.3789 1.8464, 1.4567 -0.276 1.8006, 1.4567 -0.1678 1.7696, 1.4567 -0.0563 1.7539, 1.4567 0.0563 1.7539, 1.4567 0.1678 1.7696, 1.4567 0.276 1.8006, 1.4567 0.3789 1.8464, 1.4567 0.4744 1.9061, 1.4567 0.5606 1.9785, 1.4567 0.636 2.0622, 1.4567 0.699 2.1555, 1.4567 0.7483 2.2567, 1.4567 0.7831 2.3638, 1.4567 0.8027 2.4747, 1.4567 0.8066 2.5872, 1.4567 0.7948 2.6992, 1.4567 0.7676 2.8085, 1.4567 0.7254 2.9129, 1.4567 0.6691 3.0104, 1.4567 0.5998 3.0991, 1.4567 0.5188 3.1773, 1.4567 0.4277 3.2435, 1.4567 0.3283 3.2964, 1.4567 0.2225 3.3349, 1.4567 0.1123 3.3583
            ]
        }
        coordIndex [
            0,1,2,-1,2,1,3,-1,2,3,4,-1,4,3,5,-1,4,5,6,-1,6,5,7,-1,6,7,8,-1,8,7,9,-1,8,9,10,-1,10,9,11,-1,10,11,12,-1,12,11,13,-1,12,13,14,-1,14,13,15,-1,14,15,16,-1,16,15,17,-1,16,17,18,-1,18,17,19,-1,18,19,20,-1,20,19,21,-1,20,21,22,-1,22,21,23,-1,22,23,24,-1,24,23,25,-1,24,25,26,-1,26,25,27,-1,26,27,28,-1,28,27,29,-1,28,29,30,-1,30,29,31,-1,30,31,32,-1,32,31,33,-1,32,33,34,-1,34,33,35,-1,34,35,36,-1,36,35,37,-1,36,37,38,-1,38,37,39,-1,38,39,40,-1,40,39,41,-1,40,41,42,-1,42,41,43,-1,42,43,44,-1,44,43,45,-1,44,45,46,-1,46,45,47,-1,46,47,48,-1,48,47,49,-1,48,49,50,-1,50,49,51,-1,50,51,0,-1,0,51,1,-1,52,24,26,-1,53,54,2,-1,2,54,0,-1,52,55,24,-1,24,55,56,-1,24,56,22,-1,57,58,16,-1,16,58,14,-1,59,60,20,-1,20,60,18,-1,56,61,22,-1,22,61,62,-1,22,62,20,-1,20,62,63,-1,20,63,59,-1,64,65,28,-1,28,65,66,-1,28,66,26,-1,26,66,67,-1,26,67,52,-1,68,69,50,-1,50,69,48,-1,54,70,0,-1,0,70,71,-1,0,71,50,-1,50,71,72,-1,50,72,68,-1,73,74,12,-1,12,74,10,-1,58,75,14,-1,14,75,76,-1,14,76,12,-1,12,76,77,-1,12,77,73,-1,74,78,10,-1,10,78,79,-1,10,79,8,-1,60,80,18,-1,18,80,81,-1,18,81,16,-1,16,81,82,-1,16,82,57,-1,64,28,83,-1,83,28,30,-1,83,30,84,-1,34,85,86,-1,87,88,42,-1,42,88,40,-1,89,90,6,-1,6,90,4,-1,34,86,32,-1,88,91,40,-1,40,91,92,-1,40,92,38,-1,44,93,42,-1,42,93,94,-1,42,94,87,-1,95,46,96,-1,96,46,48,-1,96,48,97,-1,97,48,69,-1,79,98,8,-1,8,98,99,-1,8,99,6,-1,6,99,100,-1,6,100,89,-1,86,101,32,-1,32,101,102,-1,32,102,30,-1,30,102,103,-1,30,103,84,-1,95,104,46,-1,46,104,105,-1,46,105,44,-1,44,105,106,-1,44,106,93,-1,90,107,4,-1,4,107,108,-1,4,108,2,-1,2,108,109,-1,2,109,53,-1,92,110,38,-1,38,110,111,-1,38,111,36,-1,111,112,36,-1,36,112,113,-1,36,113,34,-1,34,113,114,-1,34,114,85,-1,115,116,117,-1,117,116,118,-1,117,118,119,-1,119,118,120,-1,119,120,121,-1,121,120,122,-1,121,122,123,-1,115,124,116,-1,116,124,125,-1,116,125,126,-1,126,125,127,-1,126,127,128,-1,128,127,129,-1,128,129,130,-1,130,129,131,-1,130,131,132,-1,132,131,133,-1,133,134,132,-1,132,134,135,-1,132,135,136,-1,136,135,137,-1,136,137,138,-1,138,137,139,-1,138,139,140,-1,140,139,141,-1,141,142,140,-1,140,142,143,-1,140,143,144,-1,144,143,145,-1,144,145,146,-1,146,145,147,-1,146,147,148,-1,148,147,149,-1,148,149,150,-1,150,149,151,-1,151,152,150,-1,150,152,153,-1,150,153,154,-1,154,153,155,-1,154,155,156,-1,156,155,157,-1,156,157,158,-1,158,157,159,-1,159,160,158,-1,158,160,161,-1,158,161,162,-1,162,161,163,-1,162,163,164,-1,164,163,165,-1,164,165,166,-1,166,165,167,-1,166,167,168,-1,168,167,169,-1,169,170,168,-1,168,170,171,-1,168,171,172,-1,172,171,173,-1,172,173,174,-1,174,173,175,-1,174,175,176,-1,176,175,177,-1,177,178,176,-1,176,178,179,-1,176,179,180,-1,180,179,181,-1,180,181,182,-1,182,181,183,-1,182,183,184,-1,184,183,185,-1,184,185,186,-1,186,185,187,-1,187,188,186,-1,186,188,189,-1,186,189,190,-1,190,189,191,-1,190,191,192,-1,192,191,193,-1,192,193,194,-1,194,193,195,-1,195,196,194,-1,194,196,197,-1,194,197,198,-1,198,197,199,-1,198,199,200,-1,200,199,201,-1,200,201,202,-1,202,201,203,-1,202,203,204,-1,204,203,205,-1,205,206,204,-1,204,206,207,-1,204,207,208,-1,208,207,209,-1,208,209,210,-1,210,209,211,-1,210,211,212,-1,212,211,213,-1,213,214,212,-1,212,214,215,-1,212,215,216,-1,216,215,217,-1,216,217,218,-1,218,217,219,-1,218,219,220,-1,220,219,221,-1,220,221,222,-1,222,221,223,-1,223,224,222,-1,222,224,225,-1,222,225,226,-1,226,225,227,-1,226,227,228,-1,228,227,229,-1,228,229,230,-1,230,229,231,-1,231,232,230,-1,230,232,233,-1,230,233,234,-1,234,233,235,-1,234,235,236,-1,236,235,237,-1,236,237,238,-1,238,237,239,-1,238,239,240,-1,240,239,241,-1,241,242,240,-1,240,242,243,-1,240,243,244,-1,244,243,245,-1,244,245,246,-1,246,245,247,-1,246,247,248,-1,248,247,249,-1,249,250,248,-1,248,250,251,-1,248,251,252,-1,252,251,253,-1,252,253,254,-1,254,253,255,-1,254,255,256,-1,256,255,257,-1,256,257,258,-1,258,257,259,-1,259,260,258,-1,258,260,261,-1,258,261,262,-1,262,261,263,-1,262,263,264,-1,264,263,265,-1,264,265,266,-1,266,265,267,-1,267,268,266,-1,266,268,269,-1,266,269,270,-1,270,269,271,-1,270,271,272,-1,272,271,273,-1,272,273,274,-1,274,273,275,-1,274,275,122,-1,122,275,276,-1,122,276,123,-1,270,277,266,-1,266,277,278,-1,266,278,264,-1,264,278,279,-1,264,279,262,-1,262,279,280,-1,262,280,258,-1,258,280,281,-1,258,281,256,-1,256,281,282,-1,256,282,254,-1,254,282,283,-1,254,283,252,-1,252,283,284,-1,252,284,248,-1,248,284,285,-1,248,285,246,-1,246,285,286,-1,246,286,244,-1,244,286,287,-1,244,287,240,-1,240,287,288,-1,240,288,238,-1,238,288,289,-1,238,289,236,-1,236,289,290,-1,236,290,234,-1,234,290,291,-1,234,291,230,-1,230,291,292,-1,230,292,228,-1,228,292,293,-1,228,293,226,-1,226,293,294,-1,226,294,222,-1,222,294,295,-1,222,295,220,-1,220,295,296,-1,220,296,218,-1,218,296,297,-1,218,297,216,-1,216,297,298,-1,216,298,212,-1,212,298,299,-1,212,299,210,-1,210,299,300,-1,210,300,208,-1,208,300,301,-1,208,301,204,-1,204,301,302,-1,204,302,202,-1,202,302,303,-1,202,303,200,-1,200,303,304,-1,200,304,198,-1,198,304,305,-1,198,305,194,-1,194,305,306,-1,194,306,192,-1,192,306,307,-1,192,307,190,-1,190,307,308,-1,190,308,186,-1,186,308,309,-1,186,309,184,-1,184,309,310,-1,184,310,182,-1,182,310,311,-1,182,311,180,-1,180,311,312,-1,180,312,176,-1,176,312,313,-1,176,313,174,-1,174,313,314,-1,174,314,172,-1,172,314,315,-1,172,315,168,-1,168,315,316,-1,168,316,166,-1,166,316,317,-1,166,317,164,-1,164,317,318,-1,164,318,162,-1,162,318,319,-1,162,319,158,-1,158,319,320,-1,158,320,156,-1,156,320,321,-1,156,321,154,-1,154,321,322,-1,154,322,150,-1,150,322,323,-1,150,323,148,-1,148,323,324,-1,148,324,146,-1,146,324,325,-1,146,325,144,-1,144,325,326,-1,144,326,140,-1,140,326,327,-1,140,327,138,-1,138,327,328,-1,138,328,136,-1,136,328,329,-1,136,329,132,-1,132,329,330,-1,132,330,130,-1,130,330,331,-1,130,331,128,-1,128,331,332,-1,128,332,126,-1,126,332,333,-1,126,333,116,-1,116,333,334,-1,116,334,118,-1,118,334,335,-1,118,335,120,-1,120,335,336,-1,120,336,122,-1,122,336,337,-1,122,337,274,-1,274,337,338,-1,274,338,272,-1,272,338,339,-1,272,339,270,-1,270,339,277,-1,339,340,277,-1,277,340,341,-1,277,341,278,-1,278,341,342,-1,278,342,279,-1,279,342,343,-1,279,343,280,-1,280,343,344,-1,280,344,281,-1,281,344,345,-1,281,345,282,-1,282,345,346,-1,282,346,283,-1,283,346,347,-1,283,347,284,-1,284,347,348,-1,284,348,285,-1,285,348,349,-1,285,349,286,-1,286,349,350,-1,286,350,287,-1,287,350,351,-1,287,351,288,-1,288,351,352,-1,288,352,289,-1,289,352,353,-1,289,353,290,-1,290,353,354,-1,290,354,291,-1,291,354,355,-1,291,355,292,-1,292,355,356,-1,292,356,293,-1,293,356,357,-1,293,357,294,-1,294,357,358,-1,294,358,295,-1,295,358,359,-1,295,359,296,-1,296,359,360,-1,296,360,297,-1,297,360,361,-1,297,361,298,-1,298,361,362,-1,298,362,299,-1,299,362,363,-1,299,363,300,-1,300,363,364,-1,300,364,301,-1,301,364,365,-1,301,365,302,-1,302,365,366,-1,302,366,303,-1,303,366,367,-1,303,367,304,-1,304,367,368,-1,304,368,305,-1,305,368,369,-1,305,369,306,-1,306,369,370,-1,306,370,307,-1,307,370,371,-1,307,371,308,-1,308,371,372,-1,308,372,309,-1,309,372,373,-1,309,373,310,-1,310,373,374,-1,310,374,311,-1,311,374,375,-1,311,375,312,-1,312,375,376,-1,312,376,313,-1,313,376,377,-1,313,377,314,-1,314,377,378,-1,314,378,315,-1,315,378,379,-1,315,379,316,-1,316,379,380,-1,316,380,317,-1,317,380,381,-1,317,381,318,-1,318,381,382,-1,318,382,319,-1,319,382,383,-1,319,383,320,-1,320,383,384,-1,320,384,321,-1,321,384,385,-1,321,385,322,-1,322,385,386,-1,322,386,323,-1,323,386,387,-1,323,387,324,-1,324,387,388,-1,324,388,325,-1,325,388,389,-1,325,389,326,-1,326,389,390,-1,326,390,327,-1,327,390,391,-1,327,391,328,-1,328,391,392,-1,328,392,329,-1,329,392,393,-1,329,393,330,-1,330,393,394,-1,330,394,331,-1,331,394,395,-1,331,395,332,-1,332,395,396,-1,332,396,333,-1,333,396,397,-1,333,397,334,-1,334,397,398,-1,334,398,335,-1,335,398,399,-1,335,399,336,-1,336,399,400,-1,336,400,337,-1,337,400,401,-1,337,401,338,-1,338,401,402,-1,338,402,339,-1,339,402,340,-1,402,403,340,-1,340,403,404,-1,340,404,341,-1,341,404,405,-1,341,405,342,-1,342,405,406,-1,342,406,343,-1,343,406,407,-1,343,407,344,-1,344,407,408,-1,344,408,345,-1,345,408,409,-1,345,409,346,-1,346,409,410,-1,346,410,347,-1,347,410,411,-1,347,411,348,-1,348,411,412,-1,348,412,349,-1,349,412,413,-1,349,413,350,-1,350,413,414,-1,350,414,351,-1,351,414,415,-1,351,415,352,-1,352,415,416,-1,352,416,353,-1,353,416,417,-1,353,417,354,-1,354,417,418,-1,354,418,355,-1,355,418,419,-1,355,419,356,-1,356,419,420,-1,356,420,357,-1,357,420,421,-1,357,421,358,-1,358,421,422,-1,358,422,359,-1,359,422,423,-1,359,423,360,-1,360,423,424,-1,360,424,361,-1,361,424,425,-1,361,425,362,-1,362,425,426,-1,362,426,363,-1,363,426,427,-1,363,427,364,-1,364,427,428,-1,364,428,365,-1,365,428,429,-1,365,429,366,-1,366,429,430,-1,366,430,367,-1,367,430,431,-1,367,431,368,-1,368,431,432,-1,368,432,369,-1,369,432,433,-1,369,433,370,-1,370,433,434,-1,370,434,371,-1,371,434,435,-1,371,435,372,-1,372,435,436,-1,372,436,373,-1,373,436,437,-1,373,437,374,-1,374,437,438,-1,374,438,375,-1,375,438,439,-1,375,439,376,-1,376,439,440,-1,376,440,377,-1,377,440,441,-1,377,441,378,-1,378,441,442,-1,378,442,379,-1,379,442,443,-1,379,443,380,-1,380,443,444,-1,380,444,381,-1,381,444,445,-1,381,445,382,-1,382,445,446,-1,382,446,383,-1,383,446,447,-1,383,447,384,-1,384,447,448,-1,384,448,385,-1,385,448,449,-1,385,449,386,-1,386,449,450,-1,386,450,387,-1,387,450,451,-1,387,451,388,-1,388,451,452,-1,388,452,389,-1,389,452,453,-1,389,453,390,-1,390,453,454,-1,390,454,391,-1,391,454,455,-1,391,455,392,-1,392,455,456,-1,392,456,393,-1,393,456,457,-1,393,457,394,-1,394,457,458,-1,394,458,395,-1,395,458,459,-1,395,459,396,-1,396,459,460,-1,396,460,397,-1,397,460,461,-1,397,461,398,-1,398,461,462,-1,398,462,399,-1,399,462,463,-1,399,463,400,-1,400,463,464,-1,400,464,401,-1,401,464,465,-1,401,465,402,-1,402,465,403,-1,465,466,403,-1,403,466,467,-1,403,467,404,-1,404,467,468,-1,404,468,405,-1,405,468,469,-1,405,469,406,-1,406,469,470,-1,406,470,407,-1,407,470,471,-1,407,471,408,-1,408,471,472,-1,408,472,409,-1,409,472,473,-1,409,473,410,-1,410,473,474,-1,410,474,411,-1,411,474,475,-1,411,475,412,-1,412,475,476,-1,412,476,413,-1,413,476,477,-1,413,477,414,-1,414,477,478,-1,414,478,415,-1,415,478,479,-1,415,479,416,-1,416,479,480,-1,416,480,417,-1,417,480,481,-1,417,481,418,-1,418,481,482,-1,418,482,419,-1,419,482,483,-1,419,483,420,-1,420,483,484,-1,420,484,421,-1,421,484,485,-1,421,485,422,-1,422,485,486,-1,422,486,423,-1,423,486,487,-1,423,487,424,-1,424,487,488,-1,424,488,425,-1,425,488,489,-1,425,489,426,-1,426,489,490,-1,426,490,427,-1,427,490,491,-1,427,491,428,-1,428,491,492,-1,428,492,429,-1,429,492,493,-1,429,493,430,-1,430,493,494,-1,430,494,431,-1,431,494,495,-1,431,495,432,-1,432,495,496,-1,432,496,433,-1,433,496,497,-1,433,497,434,-1,434,497,498,-1,434,498,435,-1,435,498,499,-1,435,499,436,-1,436,499,500,-1,436,500,437,-1,437,500,501,-1,437,501,438,-1,438,501,502,-1,438,502,439,-1,439,502,503,-1,439,503,440,-1,440,503,504,-1,440,504,441,-1,441,504,505,-1,441,505,442,-1,442,505,506,-1,442,506,443,-1,443,506,507,-1,443,507,444,-1,444,507,508,-1,444,508,445,-1,445,508,509,-1,445,509,446,-1,446,509,510,-1,446,510,447,-1,447,510,511,-1,447,511,448,-1,448,511,512,-1,448,512,449,-1,449,512,513,-1,449,513,450,-1,450,513,514,-1,450,514,451,-1,451,514,515,-1,451,515,452,-1,452,515,516,-1,452,516,453,-1,453,516,517,-1,453,517,454,-1,454,517,518,-1,454,518,455,-1,455,518,519,-1,455,519,456,-1,456,519,520,-1,456,520,457,-1,457,520,521,-1,457,521,458,-1,458,521,522,-1,458,522,459,-1,459,522,523,-1,459,523,460,-1,460,523,524,-1,460,524,461,-1,461,524,525,-1,461,525,462,-1,462,525,526,-1,462,526,463,-1,463,526,527,-1,463,527,464,-1,464,527,528,-1,464,528,465,-1,465,528,466,-1,528,54,466,-1,466,54,53,-1,466,53,467,-1,467,53,109,-1,467,109,468,-1,468,109,108,-1,468,108,469,-1,469,108,107,-1,469,107,470,-1,470,107,90,-1,470,90,471,-1,471,90,89,-1,471,89,472,-1,472,89,100,-1,472,100,473,-1,473,100,99,-1,473,99,474,-1,474,99,98,-1,474,98,475,-1,475,98,79,-1,475,79,476,-1,476,79,78,-1,476,78,477,-1,477,78,74,-1,477,74,478,-1,478,74,73,-1,478,73,479,-1,479,73,77,-1,479,77,480,-1,480,77,76,-1,480,76,481,-1,481,76,75,-1,481,75,482,-1,482,75,58,-1,482,58,483,-1,483,58,57,-1,483,57,484,-1,484,57,82,-1,484,82,485,-1,485,82,81,-1,485,81,486,-1,486,81,80,-1,486,80,487,-1,487,80,60,-1,487,60,488,-1,488,60,59,-1,488,59,489,-1,489,59,63,-1,489,63,490,-1,490,63,62,-1,490,62,491,-1,491,62,61,-1,491,61,492,-1,492,61,56,-1,492,56,493,-1,493,56,55,-1,493,55,494,-1,494,55,52,-1,494,52,495,-1,495,52,67,-1,495,67,496,-1,496,67,66,-1,496,66,497,-1,497,66,65,-1,497,65,498,-1,498,65,64,-1,498,64,499,-1,499,64,83,-1,499,83,500,-1,500,83,84,-1,500,84,501,-1,501,84,103,-1,501,103,502,-1,502,103,102,-1,502,102,503,-1,503,102,101,-1,503,101,504,-1,504,101,86,-1,504,86,505,-1,505,86,85,-1,505,85,506,-1,506,85,114,-1,506,114,507,-1,507,114,113,-1,507,113,508,-1,508,113,112,-1,508,112,509,-1,509,112,111,-1,509,111,510,-1,510,111,110,-1,510,110,511,-1,511,110,92,-1,511,92,512,-1,512,92,91,-1,512,91,513,-1,513,91,88,-1,513,88,514,-1,514,88,87,-1,514,87,515,-1,515,87,94,-1,515,94,516,-1,516,94,93,-1,516,93,517,-1,517,93,106,-1,517,106,518,-1,518,106,105,-1,518,105,519,-1,519,105,104,-1,519,104,520,-1,520,104,95,-1,520,95,521,-1,521,95,96,-1,521,96,522,-1,522,96,97,-1,522,97,523,-1,523,97,69,-1,523,69,524,-1,524,69,68,-1,524,68,525,-1,525,68,72,-1,525,72,526,-1,526,72,71,-1,526,71,527,-1,527,71,70,-1,527,70,528,-1,528,70,54,-1,529,273,271,-1,529,271,530,-1,273,529,275,-1,275,529,531,-1,275,531,276,-1,532,121,531,-1,531,121,123,-1,531,123,276,-1,533,117,532,-1,532,117,119,-1,532,119,121,-1,534,124,533,-1,533,124,115,-1,533,115,117,-1,535,127,534,-1,534,127,125,-1,534,125,124,-1,134,133,536,-1,536,133,131,-1,536,131,535,-1,535,131,129,-1,535,129,127,-1,134,536,135,-1,135,536,537,-1,135,537,137,-1,137,537,139,-1,139,537,538,-1,139,538,141,-1,141,538,142,-1,142,538,539,-1,142,539,143,-1,143,539,145,-1,145,539,540,-1,145,540,147,-1,147,540,149,-1,149,540,541,-1,149,541,151,-1,151,541,152,-1,152,541,542,-1,152,542,153,-1,543,157,542,-1,542,157,155,-1,542,155,153,-1,544,160,543,-1,543,160,159,-1,543,159,157,-1,545,163,544,-1,544,163,161,-1,544,161,160,-1,546,167,545,-1,545,167,165,-1,545,165,163,-1,173,171,547,-1,547,171,170,-1,547,170,546,-1,546,170,169,-1,546,169,167,-1,173,547,175,-1,175,547,548,-1,175,548,177,-1,177,548,178,-1,178,548,549,-1,178,549,179,-1,179,549,181,-1,181,549,550,-1,181,550,183,-1,183,550,185,-1,185,550,551,-1,185,551,187,-1,187,551,188,-1,188,551,552,-1,188,552,189,-1,553,193,552,-1,552,193,191,-1,552,191,189,-1,554,196,553,-1,553,196,195,-1,553,195,193,-1,555,199,554,-1,554,199,197,-1,554,197,196,-1,556,203,555,-1,555,203,201,-1,555,201,199,-1,209,207,557,-1,557,207,206,-1,557,206,556,-1,556,206,205,-1,556,205,203,-1,209,557,211,-1,211,557,558,-1,211,558,213,-1,213,558,214,-1,214,558,559,-1,214,559,215,-1,215,559,217,-1,217,559,560,-1,217,560,219,-1,219,560,221,-1,221,560,561,-1,221,561,223,-1,223,561,224,-1,224,561,562,-1,224,562,225,-1,563,229,562,-1,562,229,227,-1,562,227,225,-1,564,232,563,-1,563,232,231,-1,563,231,229,-1,565,235,564,-1,564,235,233,-1,564,233,232,-1,242,241,566,-1,566,241,239,-1,566,239,565,-1,565,239,237,-1,565,237,235,-1,242,566,243,-1,243,566,567,-1,243,567,245,-1,245,567,247,-1,247,567,568,-1,247,568,249,-1,249,568,250,-1,250,568,569,-1,250,569,251,-1,251,569,253,-1,253,569,570,-1,253,570,255,-1,255,570,257,-1,257,570,571,-1,257,571,259,-1,572,261,571,-1,571,261,260,-1,571,260,259,-1,573,265,572,-1,572,265,263,-1,572,263,261,-1,271,269,530,-1,530,269,268,-1,530,268,573,-1,573,268,267,-1,573,267,265,-1,39,540,41,-1,41,540,539,-1,41,539,43,-1,29,27,551,-1,23,554,25,-1,25,554,553,-1,25,553,27,-1,27,553,552,-1,27,552,551,-1,1,573,3,-1,3,573,572,-1,3,572,5,-1,47,533,49,-1,49,533,532,-1,49,532,51,-1,532,531,51,-1,51,531,529,-1,51,529,1,-1,1,529,530,-1,1,530,573,-1,37,542,39,-1,39,542,541,-1,39,541,540,-1,35,544,37,-1,37,544,543,-1,37,543,542,-1,31,547,33,-1,33,547,546,-1,33,546,35,-1,35,546,545,-1,35,545,544,-1,21,556,23,-1,23,556,555,-1,23,555,554,-1,45,535,47,-1,47,535,534,-1,47,534,533,-1,551,550,29,-1,29,550,549,-1,29,549,31,-1,31,549,548,-1,31,548,547,-1,9,566,11,-1,11,566,565,-1,11,565,13,-1,539,538,43,-1,43,538,537,-1,43,537,45,-1,45,537,536,-1,45,536,535,-1,17,559,19,-1,19,559,558,-1,19,558,21,-1,21,558,557,-1,21,557,556,-1,15,561,17,-1,17,561,560,-1,17,560,559,-1,7,568,9,-1,9,568,567,-1,9,567,566,-1,565,564,13,-1,13,564,563,-1,13,563,15,-1,15,563,562,-1,15,562,561,-1,572,571,5,-1,5,571,570,-1,5,570,7,-1,7,570,569,-1,7,569,568,-1,
        ]
    }
}
Shape{
    appearance Appearance {
        material  Material 	{
            diffuseColor 0.9686274509803922 0.8784313725490196 0.6
            specularColor 0.6784313725490196 0.615686274509804 0.4196078431372549
            ambientIntensity 0.8737
            transparency 0.0
            shininess 0.5
        }
    }
    geometry IndexedFaceSet {
        ccw TRUE
        solid FALSE
        coord DEF co Coordinate {
            point [
                2.3642 -0.6123 3.4016, 2.3642 -0.6376 3.3848, 2.4605 -0.6927 3.4635, 2.4119 1.0606 2.3105, 2.4119 1.0555 2.2831, 2.3642 1.0094 2.2952, 2.5611 1.1675 2.9774, 2.5611 1.1737 2.9595, 2.5597 1.1711 2.9616, 2.5595 1.1717 2.9588, 2.5539 1.1861 2.8959, 2.5611 1.1966 2.8719, 2.5486 1.196 2.8338, 2.5611 1.2195 2.7843, 2.5469 1.1992 2.814, 2.5287 1.2073 2.591, 2.5296 1.2077 2.6032, 2.5611 1.2393 2.6044, 2.5333 1.209 2.6488, 2.5611 1.2294 2.6943, 2.538 1.2075 2.7073, 2.54 1.2068 2.7316, 2.5442 1.2022 2.7812, 2.5155 1.1873 2.4284, 2.5159 1.1883 2.4327, 2.5611 1.2327 2.4234, 2.5184 1.193 2.4633, 2.5611 1.236 2.5139, 2.5224 1.2005 2.5112, 2.5281 1.2067 2.5839, 2.5092 1.1707 2.3555, 2.5611 1.2163 2.3344, 2.5081 1.167 2.3432, 2.5611 1.1998 2.2454, 2.5024 1.148 2.2798, 2.4813 1.0515 2.0684, 2.485 1.0708 2.1041, 2.5611 1.1414 2.074, 2.4859 1.0753 2.1125, 2.4865 1.0785 2.1184, 2.4886 1.0892 2.1383, 2.5611 1.1706 2.1597, 2.4958 1.1222 2.2112, 2.4972 1.1276 2.2255, 2.5006 1.1409 2.2608, 2.5611 1.1156 2.0173, 2.5608 1.1108 2.0082, 2.4743 1.0118 2.0057, 2.5596 1.0839 1.9608, 2.4739 1.0093 2.0016, 2.5589 1.0701 1.9366, 2.4692 0.9796 1.9613, 2.5583 1.0557 1.9148, 2.4664 0.9625 1.9379, 2.557 1.0249 1.8681, 2.4627 0.9372 1.9078, 2.5565 1.0114 1.8504, 2.4595 0.915 1.8815, 2.555 0.9752 1.8027, 2.4534 0.8701 1.835, 2.5541 0.9473 1.7707, 2.5534 0.9283 1.7489, 2.4519 0.8595 1.8239, 2.5531 0.921 1.7405, 2.4513 0.8543 1.8192, 2.5512 0.8623 1.6816, 2.4445 0.8006 1.7707, 2.546 0.6758 1.5375, 2.4296 0.6691 1.6753, 2.5476 0.7369 1.5785, 2.43 0.673 1.6775, 2.5476 0.7387 1.5797, 2.4372 0.7384 1.7219, 2.4402 0.7639 1.742, 2.5504 0.8359 1.6583, 2.438 0.7453 1.7273, 2.5499 0.8198 1.6441, 2.5495 0.8037 1.6299, 2.3642 0.5757 1.6889, 2.4119 0.5757 1.634, 2.3642 0.4727 1.6312, 2.4119 0.4897 1.5841, 2.3642 0.4428 1.6144, 2.5441 0.5991 1.4926, 2.5424 0.5249 1.4561, 2.417 0.5435 1.6072, 2.5449 0.6321 1.5117, 2.4197 0.5706 1.6209, 2.5459 0.6704 1.5339, 2.4233 0.6082 1.6398, 2.4237 0.6119 1.6416, 2.3642 0.8906 2.0156, 2.4119 0.9178 1.9719, 2.3642 0.8418 1.9474, 2.4119 0.8458 1.8713, 2.3642 0.8019 1.8917, 2.4119 0.8386 1.8612, 2.3642 0.7359 1.8231, 2.4119 0.7622 1.7819, 2.3642 0.6962 1.782, 2.4119 0.728 1.7465, 2.3642 0.6118 1.7169, 2.4119 0.6715 1.7028, 2.4119 0.602 1.6492, 2.3642 0.9897 2.2375, 2.4119 1.032 2.2141, 2.4119 1.0251 2.1938, 2.3642 0.9602 2.151, 2.4119 1.0041 2.1324, 2.3642 0.9271 2.0867, 2.4119 0.9773 2.0803, 2.4119 0.9313 1.9907, 2.4119 1.0824 2.4288, 2.3642 1.0281 2.3963, 2.3642 1.037 2.4449, 2.4119 1.0728 2.7572, 2.4119 1.0833 2.6626, 2.3642 1.0426 2.5972, 2.4119 1.0903 2.5989, 2.3642 1.0412 2.5591, 2.4119 1.0883 2.5461, 2.4119 1.0844 2.4397, 2.3642 1.0289 2.7221, 2.3642 1.026 2.7486, 2.4119 1.0666 2.7809, 2.3642 0.9913 2.8812, 2.3642 0.9279 3.0361, 2.4119 0.9715 3.0555, 2.3642 0.9293 3.0326, 2.4119 0.9895 3.0129, 2.3642 0.9874 2.8959, 2.4119 1.0326 2.9113, 2.4119 1.0358 2.8988, 2.416 0.8947 3.1906, 2.4144 0.9269 3.1383, 2.3642 0.8485 3.1661, 2.414 0.9354 3.1247, 2.412 0.9702 3.0579, 2.3642 0.8436 3.172, 2.3642 0.7511 3.2832, 2.4201 0.8003 3.3125, 2.4181 0.8496 3.2532, 2.4175 0.8623 3.2356, 2.4162 0.8906 3.1962, 2.4235 0.7029 3.4086, 2.4234 0.7062 3.4055, 2.3642 0.6376 3.3848, 2.4216 0.76 3.3552, 2.3642 0.7369 3.2959, 2.4205 0.7884 3.3251, 2.4204 0.7913 3.322, 2.3642 0.6123 3.4016, 2.4254 0.6426 3.4574, 2.4245 0.674 3.432, 2.3642 0.5106 3.4689, 2.4273 0.5792 3.5017, 2.4262 0.6171 3.4752, 2.4314 0.4225 3.5853, 2.4304 0.4613 3.5681, 2.3642 0.3727 3.5335, 2.3642 0.4727 3.4866, 2.4291 0.5124 3.5416, 2.4288 0.5234 3.535, 2.4283 0.5416 3.5241, 2.4343 0.3149 3.6269, 2.4343 0.3152 3.6269, 2.3642 0.3217 3.5489, 2.4323 0.389 3.6002, 2.4321 0.3968 3.5967, 2.4362 0.2425 3.6476, 2.3642 0.2268 3.5774, 2.4363 0.24 3.6483, 2.3642 0.1628 3.5868, 2.4373 0.2013 3.6564, 2.4404 0.0817 3.6749, 2.4403 0.0838 3.6747, 2.3642 0.0762 3.5996, 2.4397 0.1071 3.6727, 2.4383 0.1635 3.6644, 2.4418 0.0283 3.6796, 2.3642 0.0 3.6024, 2.4434 -0.0357 3.6806, 2.3642 -0.0762 3.5996, 2.4438 -0.0502 3.6808, 2.3642 -0.1628 3.5868, 2.4458 -0.1283 3.6766, 2.4446 -0.082 3.6791, 2.4495 -0.2691 3.655, 2.4489 -0.2452 3.6596, 2.3642 -0.2268 3.5774, 2.4478 -0.2058 3.667, 2.4465 -0.1553 3.6733, 2.3642 -0.3727 3.5335, 2.4525 -0.3865 3.6218, 2.3642 -0.3217 3.5489, 2.4514 -0.3457 3.6354, 2.4496 -0.273 3.6541, 2.4552 -0.4948 3.5796, 2.4552 -0.4926 3.5808, 2.3642 -0.4727 3.4866, 2.4533 -0.4202 3.6106, 2.4529 -0.4042 3.6159, 2.4568 -0.5558 3.5494, 2.3642 -0.5106 3.4689, 2.4569 -0.5628 3.5459, 2.4602 -0.6849 3.4695, 2.4584 -0.6182 3.5138, 2.4578 -0.5959 3.5268, 2.466 -0.8627 3.312, 2.4646 -0.823 3.3525, 2.3642 -0.7511 3.2832, 2.4641 -0.8072 3.3685, 2.3642 -0.7369 3.2959, 2.4633 -0.7844 3.3887, 2.4621 -0.7479 3.421, 2.4606 -0.6963 3.4608, 2.3642 -0.8485 3.1661, 2.4688 -0.933 3.2266, 2.3642 -0.8436 3.172, 2.4676 -0.9031 3.2656, 2.4663 -0.8698 3.3039, 2.4725 -1.0128 3.1057, 2.4716 -0.9957 3.1358, 2.3642 -0.9279 3.0361, 2.4696 -0.9518 3.2021, 2.4694 -0.9465 3.209, 2.4756 -1.069 2.9955, 2.4756 -1.0687 2.9962, 2.3642 -0.9874 2.8959, 2.3642 -0.9293 3.0326, 2.4736 -1.0348 3.0669, 2.4731 -1.0242 3.0856, 2.4812 -1.1396 2.7772, 2.4793 -1.1201 2.8543, 2.3642 -1.026 2.7486, 2.3642 -0.9913 2.8812, 2.4786 -1.1112 2.8814, 2.4773 -1.0952 2.9304, 2.4773 -1.0944 2.9324, 2.4848 -1.1623 2.6205, 2.4843 -1.1595 2.6463, 2.3642 -1.0426 2.5972, 2.4831 -1.1536 2.6992, 2.3642 -1.0289 2.7221, 2.4815 -1.1419 2.7643, 2.4814 -1.1409 2.7698, 2.4869 -1.165 2.5295, 2.3642 -1.0412 2.5591, 2.4882 -1.1638 2.4694, 2.3642 -1.037 2.4449, 2.4865 -1.1653 2.5456, 2.4864 -1.1654 2.5504, 2.4853 -1.1631 2.6016, 2.4924 -1.1399 2.2914, 2.4919 -1.1442 2.31, 2.3642 -1.0094 2.2952, 2.49 -1.1567 2.3892, 2.3642 -1.0281 2.3963, 2.4895 -1.1586 2.4112, 2.4891 -1.1604 2.4314, 2.3642 -0.9897 2.2375, 2.4938 -1.1263 2.2318, 2.4931 -1.1334 2.2627, 2.3642 -0.9602 2.151, 2.4954 -1.1076 2.1685, 2.4953 -1.1087 2.1719, 2.5014 -1.0098 1.9477, 2.4994 -1.0472 2.0186, 2.3642 -0.8906 2.0156, 2.3642 -0.9271 2.0867, 2.4984 -1.0635 2.0554, 2.4974 -1.0799 2.0922, 2.4972 -1.0824 2.0991, 2.3642 -0.8418 1.9474, 2.5015 -1.0069 1.943, 2.5015 -1.0076 1.9441, 2.5057 -0.9103 1.8015, 2.5052 -0.9235 1.8177, 2.3642 -0.8019 1.8917, 2.5046 -0.9377 1.8376, 2.5033 -0.9676 1.8795, 2.5072 -0.8721 1.7549, 2.3642 -0.7359 1.8231, 2.5076 -0.8584 1.7404, 2.5091 -0.8169 1.6963, 2.3642 -0.6962 1.782, 2.5098 -0.7929 1.6741, 2.3642 -0.6118 1.7169, 2.5109 -0.7581 1.6418, 2.5105 -0.7702 1.653, 2.3642 -0.5757 1.6889, 2.5133 -0.6747 1.5766, 2.5127 -0.6957 1.5914, 2.5179 -0.4913 1.4675, 2.5175 -0.5077 1.476, 2.3642 -0.4428 1.6144, 2.5161 -0.5637 1.5051, 2.3642 -0.4727 1.6312, 2.5159 -0.574 1.5114, 2.5144 -0.6336 1.5477, 2.5138 -0.6578 1.5647, 2.3642 -0.3006 1.56, 2.5215 -0.3458 1.4096, 2.5214 -0.3501 1.4111, 2.3642 -0.3219 1.5681, 2.5198 -0.4169 1.4351, 2.5186 -0.4658 1.4564, 2.5272 -0.1106 1.3579, 2.5256 -0.1753 1.3676, 2.3642 -0.1519 1.5269, 2.5253 -0.1912 1.37, 2.3642 -0.163 1.5293, 2.5244 -0.2281 1.3781, 2.5233 -0.2714 1.3877, 2.5216 -0.3405 1.4077, 2.5305 0.027 1.3503, 2.5299 0.0 1.3507, 2.3642 0.0 1.5158, 2.5292 -0.0297 1.3512, 2.5274 -0.1018 1.3571, 2.5341 0.1766 1.3595, 2.5336 0.156 1.357, 2.3642 0.1519 1.5269, 2.5331 0.132 1.3541, 2.5311 0.0514 1.35, 2.535 0.2135 1.3639, 2.3642 0.163 1.5293, 2.5367 0.283 1.377, 2.3642 0.3006 1.56, 2.5369 0.2936 1.3791, 2.3642 0.3219 1.5681, 2.5388 0.3722 1.3995, 2.5383 0.3506 1.3939, 2.5423 0.5229 1.4553, 2.5422 0.5183 1.4534, 2.5406 0.4492 1.4251, 2.5396 0.4058 1.4107, 3.9377 1.1792 2.9432, 3.9377 1.1998 2.8727, 3.9352 1.1987 2.8771, 3.9351 1.1996 2.8727, 3.9307 1.2253 2.7506, 3.9377 1.2327 2.6947, 3.9288 1.2311 2.6945, 3.9264 1.2384 2.6245, 3.9377 1.2393 2.5138, 3.9228 1.2387 2.5138, 3.9377 1.2195 2.3338, 3.9166 1.2181 2.3341, 3.9181 1.2263 2.374, 3.9224 1.2388 2.5001, 3.9135 1.2004 2.2475, 3.9377 1.1737 2.1586, 3.9102 1.1724 2.1591, 3.9377 1.1029 1.992, 3.9035 1.1025 1.9923, 3.9039 1.1078 2.0017, 3.9088 1.1608 2.1227, 3.9377 1.0996 1.9855, 3.9372 1.093 1.9731, 3.899 1.042 1.8866, 3.9323 1.0243 1.8599, 3.8968 1.0072 1.8385, 3.9313 1.0077 1.8382, 3.8942 0.9645 1.7795, 3.9274 0.9442 1.7551, 3.8902 0.8921 1.699, 3.9247 0.8916 1.6994, 3.8894 0.8769 1.6821, 3.9227 0.8544 1.6602, 3.8849 0.7808 1.5956, 3.9183 0.7579 1.5775, 3.8839 0.7573 1.5784, 3.9182 0.7567 1.5765, 3.8806 0.6783 1.5208, 3.914 0.653 1.5048, 3.8778 0.6063 1.4788, 3.9123 0.6062 1.4789, 3.8765 0.5708 1.4581, 3.91 0.544 1.4446, 3.8722 0.4556 1.4056, 3.9062 0.4427 1.4014, 3.8718 0.4428 1.4013, 3.9056 0.4271 1.3948, 3.8677 0.3332 1.3645, 3.9011 0.3033 1.3566, 3.8653 0.2693 1.3503, 3.8998 0.2694 1.3499, 3.863 0.2054 1.336, 3.8963 0.1746 1.3313, 3.8587 0.0904 1.323, 3.8932 0.0904 1.3238, 3.8581 0.0742 1.3211, 3.8914 0.0429 1.3196, 3.8532 -0.0583 1.3203, 3.8865 -0.0895 1.3221, 3.852 -0.0904 1.3235, 3.8865 -0.0905 1.3223, 3.8483 -0.1899 1.3335, 3.8817 -0.2203 1.3386, 3.8454 -0.2693 1.3502, 3.8798 -0.2693 1.3502, 3.8436 -0.3182 1.3604, 3.8769 -0.3475 1.3686, 3.839 -0.4413 1.4001, 3.8734 -0.4426 1.4018, 3.839 -0.443 1.4008, 3.8724 -0.4691 1.411, 3.8347 -0.5574 1.4512, 3.8682 -0.5833 1.4646, 3.8329 -0.6062 1.4789, 3.8673 -0.6064 1.4785, 3.8307 -0.6657 1.5127, 3.8642 -0.6901 1.5286, 3.8269 -0.7576 1.578, 3.8613 -0.7571 1.5787, 3.8264 -0.7688 1.586, 3.8598 -0.7919 1.6046, 3.8219 -0.8658 1.6711, 3.8553 -0.887 1.6924, 3.8205 -0.8917 1.6993, 3.855 -0.8925 1.6986, 3.8172 -0.9545 1.7673, 3.8505 -0.9736 1.7909, 3.8139 -1.0074 1.8384, 3.8483 -1.0072 1.8385, 3.8123 -1.0333 1.8733, 3.8456 -1.0498 1.8989, 3.8074 -1.1006 1.9875, 3.8417 -1.102 1.9925, 3.8072 -1.1027 1.9921, 3.8407 -1.1142 2.0146, 3.8025 -1.1552 2.1079, 3.8359 -1.1658 2.136, 3.8006 -1.1721 2.1592, 3.835 -1.1727 2.1589, 3.7978 -1.1964 2.2324, 3.8312 -1.2038 2.2611, 3.7941 -1.2185 2.334, 3.8285 -1.2179 2.3341, 3.7932 -1.2239 2.3589, 3.8266 -1.2282 2.3875, 3.7889 -1.2379 2.4851, 3.8224 -1.2393 2.5133, 3.788 -1.2382 2.5138, 3.8224 -1.2393 2.5138, 3.7848 -1.2391 2.6096, 3.8184 -1.2377 2.6378, 3.782 -1.2313 2.6946, 3.8164 -1.2311 2.6945, 3.7806 -1.2275 2.7355, 3.814 -1.2231 2.7639, 3.7761 -1.2026 2.862, 3.8101 -1.199 2.8726, 3.7757 -1.1993 2.8726, 3.8095 -1.1951 2.8902, 3.7713 -1.164 2.9871, 3.8047 -1.1535 3.0145, 3.7691 -1.1398 3.0434, 3.8035 -1.1402 3.0436, 3.7665 -1.1118 3.1084, 3.7998 -1.0985 3.1347, 3.7624 -1.0577 3.2046, 3.7968 -1.0571 3.2042, 3.7616 -1.0469 3.2239, 3.7949 -1.0308 3.2485, 3.7567 -0.9701 3.3316, 3.7902 -0.9531 3.3523, 3.7557 -0.9524 3.3516, 3.7901 -0.9517 3.3542, 3.7519 -0.8831 3.4297, 3.7854 -0.8627 3.4499, 3.7492 -0.8265 3.4815, 3.7837 -0.8266 3.4815, 3.7474 -0.7876 3.517, 3.7808 -0.7656 3.5347, 3.7431 -0.6854 3.5926, 3.7775 -0.6837 3.5925, 3.743 -0.6842 3.5933, 3.7766 -0.6624 3.6075, 3.739 -0.5783 3.6561, 3.7725 -0.554 3.6686, 3.737 -0.5257 3.6805, 3.7715 -0.5259 3.6809, 3.7347 -0.4637 3.7093, 3.7682 -0.4377 3.7194, 3.7308 -0.357 3.7459, 3.7652 -0.3568 3.7452, 3.7302 -0.3418 3.7512, 3.7637 -0.3145 3.7587, 3.7255 -0.2143 3.7806, 3.7589 -0.1861 3.7852, 3.7243 -0.1804 3.7847, 3.7587 -0.1805 3.7857, 3.7207 -0.0832 3.7964, 3.754 -0.0547 3.798, 3.7176 0.0 3.7976, 3.752 -0.0 3.7975, 3.7157 0.0493 3.7982, 3.7491 0.0778 3.7968, 3.7109 0.1806 3.786, 3.7453 0.1804 3.7848, 3.7109 0.181 3.7859, 3.7443 0.2089 3.7815, 3.7061 0.3096 3.7599, 3.7396 0.3365 3.7527, 3.7044 0.3568 3.7451, 3.7388 0.357 3.7457, 3.7015 0.4331 3.7211, 3.735 0.4586 3.7113, 3.6981 0.526 3.681, 3.7326 0.5257 3.6805, 3.6972 0.5498 3.6707, 3.7308 0.5735 3.6586, 3.6932 0.6585 3.6099, 3.7267 0.6808 3.5956, 3.6921 0.6836 3.5924, 3.7266 0.6842 3.5932, 3.6889 0.762 3.5375, 3.7224 0.7831 3.5207, 3.6859 0.8266 3.4816, 3.7204 0.8265 3.4815, 3.6844 0.8594 3.4531, 3.7179 0.8789 3.434, 3.6797 0.9488 3.3576, 3.7139 0.9526 3.3517, 3.6794 0.953 3.3521, 3.7131 0.9663 3.3364, 3.6748 1.0283 3.2523, 3.7083 1.0435 3.2292, 3.6728 1.0571 3.2042, 3.7072 1.0576 3.2045, 3.6699 1.0964 3.1386, 3.7034 1.109 3.1141, 3.6661 1.1403 3.0436, 3.7005 1.1398 3.0434, 3.6651 1.1519 3.0185, 3.6985 1.1618 2.993, 3.6603 1.194 2.8942, 3.6939 1.1996 2.8727, 3.6595 1.1989 2.8725, 3.6938 1.201 2.8682, 3.6557 1.2225 2.7679, 3.6892 1.2266 2.7418, 3.6532 1.2311 2.6945, 3.6876 1.2312 2.6945, 3.6514 1.2374 2.6416, 3.685 1.2389 2.6159, 3.6473 1.2394 2.517, 3.6817 1.2384 2.5138, 3.6472 1.2392 2.5138, 3.6809 1.2383 2.4915, 3.6431 1.2288 2.3912, 3.6766 1.2249 2.3654, 3.6411 1.2179 2.3341, 3.6755 1.2183 2.3341, 3.6386 1.2047 2.2647, 3.6721 1.1982 2.239, 3.6346 1.1729 2.1589, 3.669 1.1722 2.1591, 3.6339 1.167 2.1395, 3.6673 1.1577 2.1145, 3.629 1.1158 2.0178, 3.6625 1.1039 1.9939, 3.6279 1.1019 1.9926, 3.6624 1.1028 1.9921, 3.6241 1.0517 1.9018, 3.6576 1.0373 1.8794, 3.6213 1.0072 1.8384, 3.6557 1.0073 1.8384, 3.6192 0.9757 1.7936, 3.6527 0.9592 1.7729, 3.6146 0.8926 1.6985, 3.6491 0.8919 1.6991, 3.6145 0.8893 1.6947, 3.648 0.871 1.6762, 3.6099 0.7943 1.6066, 3.6434 0.7745 1.5905, 3.6083 0.757 1.5787, 3.6427 0.7574 1.5782, 3.6055 0.6925 1.5303, 3.6392 0.6717 1.5166, 3.6023 0.6065 1.4784, 3.6367 0.6062 1.4789, 3.6015 0.5858 1.466, 3.6351 0.5639 1.4545, 3.5973 0.4717 1.4121, 3.6308 0.4483 1.4028, 3.5962 0.4426 1.4019, 3.6306 0.4429 1.401, 3.5928 0.3502 1.3694, 3.6263 0.3257 1.3624, 3.5898 0.2693 1.3501, 3.6242 0.2693 1.3502, 3.588 0.2231 1.3391, 3.6216 0.1977 1.3348, 3.2774 -1.2191 2.3339, 3.2432 -1.2178 2.3244, 3.2816 -1.1919 2.2165, 3.2479 -1.1865 2.1983, 3.2838 -1.1721 2.1592, 3.2494 -1.1723 2.1592, 3.2864 -1.149 2.0925, 3.2527 -1.1417 2.0747, 3.2905 -1.102 1.9924, 3.256 -1.1016 1.9927, 3.2913 -1.0929 1.9728, 3.2575 -1.0835 1.9558, 3.2962 -1.0241 1.8596, 3.2624 -1.013 1.8436, 3.2972 -1.0077 1.8382, 3.2627 -1.0083 1.8377, 3.301 -0.9441 1.7548, 3.2673 -0.9313 1.7402, 3.3038 -0.8916 1.6994, 3.2693 -0.8916 1.6995, 3.3057 -0.8542 1.66, 3.272 -0.8402 1.6468, 3.3102 -0.7579 1.5775, 3.2757 -0.7574 1.5782, 3.3102 -0.7565 1.5763, 3.2764 -0.7413 1.5649, 3.3144 -0.6528 1.5046, 3.2806 -0.6369 1.4949, 3.3162 -0.6062 1.4789, 3.2817 -0.6064 1.4787, 3.3185 -0.5438 1.4445, 3.2847 -0.5266 1.4363, 3.3222 -0.4427 1.4014, 3.2878 -0.4425 1.402, 3.3228 -0.4268 1.3947, 3.2891 -0.4085 1.3881, 3.3274 -0.3031 1.3565, 3.2937 -0.2838 1.3518, 3.3287 -0.2694 1.3499, 3.2942 -0.2695 1.3492, 3.3322 -0.1743 1.3312, 3.2985 -0.1543 1.3285, 3.3353 -0.0904 1.3238, 3.3008 -0.0904 1.324, 3.3371 -0.0426 1.3196, 3.3034 -0.0223 1.3191, 3.342 0.0898 1.3222, 3.3075 0.0905 1.3231, 3.342 0.0905 1.3222, 3.3083 0.1101 1.3238, 3.3468 0.2206 1.3387, 3.3131 0.2406 1.3425, 3.3486 0.2693 1.3502, 3.3142 0.2694 1.3497, 3.3515 0.3478 1.3687, 3.3178 0.3671 1.3745, 3.355 0.4426 1.4018, 3.3206 0.4425 1.4022, 3.356 0.4693 1.4111, 3.3223 0.4877 1.4188, 3.3603 0.5835 1.4648, 3.3264 0.6007 1.4741, 3.3611 0.6064 1.4785, 3.3267 0.6068 1.4779, 3.3643 0.6903 1.5288, 3.3305 0.7067 1.5399, 3.3671 0.7571 1.5787, 3.3327 0.7569 1.5788, 3.3686 0.7921 1.6048, 3.3349 0.8076 1.6179, 3.3732 0.8872 1.6926, 3.3391 0.8924 1.6987, 3.3735 0.8925 1.6986, 3.3395 0.9016 1.7075, 3.378 0.9738 1.7911, 3.3443 0.9867 1.8078, 3.3801 1.0072 1.8385, 3.3457 1.0074 1.8383, 3.3828 1.05 1.8991, 3.3492 1.0611 1.9172, 3.3868 1.102 1.9925, 3.3524 1.1015 1.9928, 3.3878 1.1144 2.0148, 3.3541 1.1235 2.034, 3.3926 1.1659 2.1363, 3.3589 1.1729 2.1563, 3.3935 1.1728 2.1589, 3.359 1.1736 2.1587, 3.3973 1.2039 2.2614, 3.3636 1.2088 2.2818, 3.3999 1.2179 2.3341, 3.3655 1.2179 2.3341, 3.4018 1.2283 2.3878, 3.3681 1.231 2.4084, 3.4061 1.2393 2.5136, 3.3716 1.2385 2.5138, 3.4061 1.2393 2.5138, 3.3723 1.2399 2.534, 3.4101 1.2376 2.638, 3.3764 1.2362 2.6587, 3.412 1.2311 2.6945, 3.3776 1.2314 2.6945, 3.4144 1.2231 2.7642, 3.3807 1.2194 2.7851, 3.4184 1.199 2.8726, 3.3839 1.1984 2.8724, 3.419 1.1951 2.8905, 3.3853 1.1891 2.9113, 3.4238 1.1534 3.0148, 3.3901 1.1451 3.0351, 3.4249 1.1402 3.0436, 3.3905 1.1409 3.0439, 3.4286 1.0983 3.1349, 3.395 1.0879 3.1544, 3.4316 1.0571 3.2042, 3.3972 1.0571 3.2042, 3.4335 1.0307 3.2488, 3.3999 1.0182 3.2671, 3.4383 0.9531 3.3523, 3.4038 0.9524 3.3517, 3.4384 0.9516 3.3544, 3.4047 0.9372 3.3712, 3.4431 0.8625 3.4501, 3.4094 0.8466 3.4653, 3.4448 0.8266 3.4815, 3.4103 0.8269 3.4819, 3.4476 0.7654 3.5348, 3.4139 0.7482 3.5481, 3.451 0.6837 3.5925, 3.4165 0.6834 3.5921, 3.4519 0.6622 3.6076, 3.4181 0.6441 3.6188, 3.4559 0.5538 3.6687, 3.4222 0.5344 3.6782, 3.457 0.5259 3.6809, 3.4225 0.5262 3.6816, 3.4602 0.4374 3.7195, 3.4266 0.4167 3.7271, 3.4632 0.3568 3.7452, 3.4288 0.3568 3.745, 3.4648 0.3142 3.7587, 3.4312 0.2924 3.7643, 3.4696 0.1859 3.7852, 3.4353 0.1804 3.7852, 3.4697 0.1805 3.7857, 3.4359 0.1632 3.7884, 3.4744 0.0544 3.798, 3.4408 0.0313 3.7988, 3.4764 0.0 3.7975, 3.442 0.0 3.7979, 3.4793 -0.0781 3.7968, 3.4457 -0.1011 3.7951, 3.4831 -0.1804 3.7848, 3.4487 -0.1803 3.7843, 3.4842 -0.2092 3.7815, 3.4506 -0.2318 3.7774, 3.4889 -0.3367 3.7526, 3.4552 -0.3573 3.7466, 3.4897 -0.357 3.7458, 3.4553 -0.3587 3.7462, 3.4934 -0.4588 3.7112, 3.4598 -0.4797 3.7027, 3.4959 -0.5257 3.6805, 3.4615 -0.5257 3.6806, 3.4977 -0.5737 3.6585, 3.464 -0.5933 3.6481, 3.5017 -0.681 3.5955, 3.4674 -0.6839 3.5927, 3.5019 -0.6842 3.5932, 3.468 -0.6996 3.583, 3.506 -0.7833 3.5205, 3.4724 -0.801 3.5059, 3.5081 -0.8265 3.4815, 3.4736 -0.8267 3.4817, 3.5106 -0.8791 3.4338, 3.477 -0.8955 3.417, 3.5146 -0.9525 3.3517, 3.4801 -0.9521 3.3513, 3.5153 -0.9665 3.3361, 3.4818 -0.9812 3.3175, 3.5202 -1.0437 3.2289, 3.4866 -1.0564 3.2086, 3.5212 -1.0576 3.2045, 3.4868 -1.0584 3.205, 3.5251 -1.1092 3.1138, 3.4916 -1.1197 3.0922, 3.5279 -1.1398 3.0434, 3.4935 -1.1398 3.0434, 3.53 -1.1619 2.9928, 3.4964 -1.17 2.9702, 3.5345 -1.1996 2.8727, 3.5001 -1.1987 2.8724, 3.5347 -1.2011 2.8679, 3.5011 -1.2068 2.8449, 3.5392 -1.2267 2.7415, 3.5056 -1.2299 2.7183, 3.5408 -1.2312 2.6945, 3.5064 -1.2317 2.6946, 3.5435 -1.2389 2.6156, 3.5098 -1.2397 2.5926, 3.5468 -1.2384 2.5138, 3.5124 -1.2379 2.5138, 3.5475 -1.2383 2.4912, 3.5139 -1.2368 2.468, 3.5518 -1.2249 2.3651, 3.5182 -1.221 2.3417, 3.553 -1.2183 2.3341, 3.5185 -1.2191 2.3339, 3.5564 -1.1981 2.2388, 3.5228 -1.1916 2.2154, 3.5594 -1.1722 2.1591, 3.525 -1.1721 2.1592, 3.5611 -1.1576 2.1142, 3.5276 -1.1486 2.0913, 3.566 -1.1037 1.9936, 3.5316 -1.102 1.9924, 3.5661 -1.1028 1.9921, 3.5325 -1.0922 1.9716, 3.5709 -1.0372 1.8791, 3.5374 -1.0233 1.8584, 3.5728 -1.0073 1.8384, 3.5383 -1.0077 1.8381, 3.5758 -0.959 1.7727, 3.5422 -0.943 1.7537, 3.5794 -0.8919 1.6991, 3.5449 -0.8916 1.6995, 3.5805 -0.8708 1.676, 3.5469 -0.853 1.6589, 3.585 -0.7743 1.5903, 3.5513 -0.7578 1.5776, 3.5857 -0.7574 1.5782, 3.5514 -0.7551 1.5753, 3.5893 -0.6715 1.5164, 3.5556 -0.6513 1.5037, 3.5918 -0.6062 1.4789, 3.5573 -0.6062 1.4789, 3.5934 -0.5637 1.4544, 3.5597 -0.5421 1.4437, 3.5976 -0.448 1.4027, 3.5634 -0.4427 1.4015, 3.5978 -0.4429 1.401, 3.564 -0.4249 1.394, 3.6022 -0.3254 1.3623, 3.5686 -0.301 1.356, 3.6043 -0.2693 1.3502, 3.5698 -0.2694 1.3498, 3.6069 -0.1974 1.3347, 3.5734 -0.1721 1.3309, 3.6109 -0.0904 1.3233, 3.5764 -0.0904 1.3239, 3.6118 -0.0661 1.3207, 3.5783 -0.0403 1.3196, 3.6167 0.0664 1.3207, 3.5831 0.0905 1.3223, 3.6176 0.0904 1.3233, 3.5832 0.0921 1.3223, 2.9385 -0.357 3.7456, 2.904 -0.3569 3.7453, 2.9394 -0.3807 3.7393, 2.9053 -0.3922 3.7356, 2.9438 -0.5004 3.6938, 2.9097 -0.5114 3.6889, 2.9447 -0.5259 3.681, 2.9103 -0.5261 3.6813, 2.9479 -0.6124 3.6374, 2.9139 -0.6227 3.6316, 2.9507 -0.6835 3.5922, 2.9163 -0.6834 3.5921, 2.952 -0.7179 3.5703, 2.918 -0.7277 3.5632, 2.9564 -0.8181 3.4911, 2.9224 -0.8274 3.4828, 2.9569 -0.8272 3.4823, 2.9224 -0.8276 3.4827, 2.9611 -0.9111 3.4004, 2.9271 -0.9197 3.391, 2.9634 -0.9519 3.3512, 2.929 -0.952 3.3513, 2.9659 -0.9951 3.2992, 2.9319 -1.0028 3.2888, 2.9701 -1.0579 3.2046, 2.9356 -1.0575 3.2044, 2.9708 -1.0683 3.189, 2.9368 -1.0749 3.1777, 2.9757 -1.1293 3.0715, 2.9417 -1.1347 3.0595, 2.9768 -1.1402 3.0436, 2.9423 -1.1406 3.0438, 2.9805 -1.1773 2.9489, 2.9465 -1.1814 2.9364, 2.9833 -1.1983 2.8723, 2.9489 -1.1982 2.8723, 2.9852 -1.2117 2.8232, 2.9512 -1.2144 2.8105, 2.9896 -1.2325 2.6968, 2.9552 -1.2322 2.6946, 2.9897 -1.2326 2.6947, 2.9556 -1.2339 2.684, 2.9938 -1.2401 2.5715, 2.9597 -1.2402 2.5589, 2.9956 -1.2378 2.5138, 2.9612 -1.2379 2.5138, 2.9978 -1.2351 2.4467, 2.9638 -1.2338 2.4338, 3.0018 -1.2189 2.3339, 2.9673 -1.2184 2.334, 3.0022 -1.217 2.3203, 2.9683 -1.2143 2.3072, 3.0069 -1.1853 2.1943, 2.9729 -1.1812 2.1813, 3.0082 -1.1724 2.1591, 2.9738 -1.1728 2.159, 3.0117 -1.1401 2.0709, 2.9777 -1.1345 2.0582, 3.0149 -1.1015 1.9927, 2.9804 -1.1014 1.9928, 3.0166 -1.0816 1.9523, 2.9826 -1.0747 1.9401, 3.0214 -1.0107 1.8404, 2.9871 -1.0082 1.8377, 3.0216 -1.0085 1.8376, 2.9875 -1.0025 1.829, 3.0263 -0.9288 1.7373, 2.9923 -0.9195 1.7268, 3.0282 -0.8916 1.6995, 2.9937 -0.8918 1.6993, 3.0309 -0.8374 1.6444, 2.997 -0.8271 1.635, 3.0346 -0.7573 1.5783, 3.0001 -0.7571 1.5786, 3.0354 -0.7385 1.5628, 3.0014 -0.7274 1.5546, 3.0396 -0.634 1.4932, 3.0055 -0.6223 1.4864, 3.0406 -0.6064 1.4786, 3.0061 -0.6066 1.4783, 3.0437 -0.5236 1.4349, 3.0097 -0.511 1.4291, 3.0467 -0.4425 1.402, 3.0122 -0.4424 1.4022, 3.048 -0.4053 1.387, 3.0141 -0.3919 1.3824, 3.0527 -0.2806 1.3511, 3.0186 -0.2696 1.3487, 3.0531 -0.2696 1.3491, 3.0187 -0.2664 1.3479, 3.0574 -0.1512 1.3281, 3.0235 -0.1365 1.3264, 3.0597 -0.0904 1.324, 3.0253 -0.0904 1.3238, 3.0623 -0.0192 1.319, 3.0284 -0.0043 1.3189, 3.0664 0.0905 1.3232, 3.0319 0.0905 1.3236, 3.0672 0.1131 1.3241, 3.0333 0.128 1.3255, 3.0721 0.2435 1.343, 3.0382 0.2581 1.3461, 3.073 0.2694 1.3497, 3.0386 0.2695 1.3491, 3.0767 0.3698 1.3753, 3.0428 0.3839 1.3798, 3.0794 0.4425 1.4022, 3.045 0.4424 1.4023, 3.0812 0.4901 1.4199, 3.0472 0.5035 1.4257, 3.0854 0.6029 1.4753, 3.0511 0.6068 1.478, 3.0855 0.6068 1.4778, 3.0514 0.6154 1.4823, 3.0895 0.7087 1.5414, 3.0555 0.7207 1.5498, 3.0916 0.7569 1.5788, 3.0571 0.757 1.5787, 3.0938 0.8095 1.6195, 3.0599 0.8209 1.6294, 3.0979 0.8923 1.6988, 3.0635 0.8919 1.6992, 3.0984 0.9032 1.7093, 3.0646 0.9137 1.7206, 3.1032 0.9881 1.8096, 3.0694 0.9975 1.8221, 3.1045 1.0075 1.8382, 3.0701 1.0079 1.8379, 3.1081 1.0623 1.9191, 3.0743 1.0703 1.9327, 3.1112 1.1015 1.9928, 3.0768 1.1014 1.9928, 3.113 1.1244 2.036, 3.0792 1.131 2.0504, 3.1179 1.1736 2.1582, 3.0834 1.1731 2.1589, 3.1179 1.1737 2.1586, 3.084 1.1786 2.1732, 3.1225 1.2092 2.2837, 3.0886 1.2126 2.299, 3.1243 1.218 2.3341, 3.0899 1.2182 2.334, 3.127 1.2312 2.4102, 3.0931 1.233 2.4256, 3.1305 1.2384 2.5138, 3.096 1.238 2.5138, 3.1312 1.2399 2.5356, 3.0972 1.2401 2.5508, 3.1353 1.236 2.6603, 3.1013 1.2347 2.6758, 3.1365 1.2314 2.6945, 3.102 1.2319 2.6946, 3.1396 1.2191 2.7866, 3.1057 1.2161 2.8023, 3.1428 1.1984 2.8724, 3.1083 1.1982 2.8723, 3.1442 1.1887 2.9127, 3.1104 1.1839 2.9283, 3.149 1.1446 3.0364, 3.1149 1.141 3.0439, 3.1493 1.141 3.0439, 3.1152 1.1381 3.0517, 3.1539 1.0873 3.1556, 3.1201 1.0791 3.1702, 3.156 1.0571 3.2042, 3.1216 1.0573 3.2043, 3.1588 1.0175 3.2681, 3.125 1.0078 3.2818, 3.1627 0.9524 3.3517, 3.1282 0.952 3.3514, 3.1636 0.9365 3.3721, 3.1298 0.9254 3.3846, 3.1683 0.8459 3.466, 3.1345 0.8337 3.4772, 3.1692 0.8269 3.4819, 3.1348 0.8273 3.4824, 3.1728 0.7475 3.5486, 3.1389 0.7344 3.5584, 3.1754 0.6834 3.5921, 3.1409 0.6834 3.592, 3.177 0.6434 3.6193, 3.1431 0.6296 3.6275, 3.1811 0.5337 3.6785, 3.1469 0.5262 3.6816, 3.1814 0.5262 3.6816, 3.1472 0.5189 3.6855, 3.1854 0.4161 3.7273, 3.1516 0.4002 3.7329, 3.1876 0.3568 3.745, 3.1532 0.3569 3.7451, 3.19 0.2918 3.7644, 3.1562 0.2751 3.7683, 3.1942 0.1804 3.7852, 3.1597 0.1803 3.7846, 3.1948 0.1628 3.7885, 3.161 0.1454 3.7907, 3.1997 0.0309 3.7988, 3.1659 0.0133 3.7991, 3.2008 0.0 3.798, 3.1664 0.0 3.7986, 3.2046 -0.1014 3.7951, 3.1708 -0.119 3.7935, 3.2075 -0.1803 3.7843, 3.1731 -0.1803 3.7843, 3.2094 -0.2321 3.7773, 3.1756 -0.2493 3.7739, 3.2141 -0.3573 3.7466, 3.1796 -0.3571 3.7458, 3.2141 -0.3588 3.7462, 3.1803 -0.3755 3.741, 3.2186 -0.4798 3.7027, 3.1848 -0.4956 3.6959, 3.2203 -0.5257 3.6806, 3.1859 -0.5258 3.6808, 3.2228 -0.5932 3.6481, 3.1889 -0.608 3.6399, 3.2263 -0.6839 3.5927, 3.1918 -0.6836 3.5923, 3.2269 -0.6995 3.5831, 3.193 -0.7137 3.5733, 3.2312 -0.8008 3.506, 3.1974 -0.8143 3.4945, 3.2325 -0.8267 3.4817, 3.198 -0.827 3.4821, 3.2358 -0.8953 3.4172, 3.202 -0.9077 3.4041, 3.239 -0.9521 3.3513, 3.2045 -0.9519 3.3512, 3.2406 -0.981 3.3178, 3.2068 -0.9921 3.3032, 3.2455 -1.0562 3.2091, 3.2112 -1.058 3.2047, 3.2457 -1.0584 3.205, 3.2117 -1.0658 3.1932, 3.2504 -1.1195 3.0927, 3.2166 -1.1273 3.0759, 3.2523 -1.1398 3.0434, 3.2179 -1.1401 3.0436, 3.2552 -1.1698 2.9709, 3.2215 -1.1758 2.9533, 3.2589 -1.1987 2.8724, 3.2245 -1.1983 2.8723, 3.2599 -1.2066 2.8456, 3.2261 -1.2107 2.8277, 3.2644 -1.2298 2.7191, 3.2306 -1.232 2.7011, 3.2652 -1.2317 2.6946, 3.2308 -1.2324 2.6947, 3.2686 -1.2397 2.5935, 3.2348 -1.24 2.5757, 3.2712 -1.2379 2.5138, 3.2368 -1.2378 2.5138, 3.2727 -1.2369 2.469, 3.2388 -1.2354 2.4509, 3.277 -1.2211 2.3427, 3.2429 -1.2191 2.3339, 2.5947 1.1746 2.9569, 2.9007 -0.2668 3.7702, 2.9347 -0.2548 3.7727, 2.8975 -0.1803 3.7845, 2.9319 -0.1803 3.7843, 2.8959 -0.1369 3.7916, 2.9299 -0.1247 3.7929, 2.891 -0.0047 3.7992, 2.9253 0.0 3.7988, 2.8908 -0.0 3.799, 2.925 0.0075 3.7992, 2.8861 0.1276 3.7926, 2.9201 0.1396 3.7913, 2.8841 0.1803 3.7843, 2.9186 0.1803 3.7845, 2.8813 0.2577 3.7721, 2.9153 0.2693 3.7696, 2.8776 0.357 3.7455, 2.912 0.3569 3.7453, 2.8766 0.3835 3.7384, 2.9106 0.3945 3.7348, 2.8722 0.5032 3.6926, 2.9062 0.5135 3.6879, 2.8713 0.5259 3.681, 2.9058 0.5261 3.6814, 2.868 0.6151 3.636, 2.9021 0.6245 3.6305, 2.8654 0.6835 3.5921, 2.8998 0.6834 3.592, 2.8639 0.7204 3.5685, 2.898 0.7294 3.562, 2.8595 0.8206 3.4889, 2.8936 0.8275 3.4826, 2.8592 0.8273 3.4824, 2.8936 0.829 3.4814, 2.8549 0.9135 3.3978, 2.8889 0.9211 3.3895, 2.8527 0.9519 3.3512, 2.8871 0.952 3.3513, 2.8501 0.9972 3.2963, 2.8841 1.0039 3.2872, 2.846 1.0578 3.2046, 2.8804 1.0575 3.2044, 2.8452 1.0701 3.1858, 2.8792 1.0758 3.1761, 2.8403 1.1309 3.0681, 2.8743 1.1354 3.0579, 2.8393 1.1403 3.0437, 2.8737 1.1407 3.0438, 2.8354 1.1785 2.9453, 2.8695 1.1819 2.9348, 2.8327 1.1982 2.8723, 2.8672 1.1982 2.8723, 2.8308 1.2125 2.8195, 2.8648 1.2147 2.809, 2.8264 1.2326 2.6947, 2.8609 1.2322 2.6946, 2.8263 1.2329 2.6929, 2.8604 1.234 2.6825, 2.8222 1.2401 2.5677, 2.8563 1.2402 2.5576, 2.8204 1.2378 2.5138, 2.8549 1.2379 2.5138, 2.8181 1.2347 2.4427, 2.8522 1.2337 2.4325, 2.8143 1.2187 2.3339, 2.8487 1.2184 2.334, 2.8137 1.2162 2.3162, 2.8478 1.2141 2.3061, 2.809 1.184 2.1902, 2.8431 1.1809 2.1803, 2.8078 1.1725 2.1591, 2.8423 1.1728 2.159, 2.8042 1.1383 2.0668, 2.8383 1.1341 2.0573, 2.8012 1.1014 1.9927, 2.8356 1.1014 1.9928, 2.7993 1.0793 1.9483, 2.8334 1.0742 1.9393, 2.7945 1.0086 1.8375, 2.8289 1.0081 1.8378, 2.7944 1.008 1.8366, 2.8285 1.002 1.8283, 2.7896 0.9257 1.7338, 2.8237 0.919 1.7263, 2.7879 0.8917 1.6994, 2.8223 0.8918 1.6993, 2.7849 0.8339 1.6412, 2.819 0.8266 1.6346, 2.7815 0.7572 1.5784, 2.816 0.7571 1.5786, 2.7805 0.7347 1.56, 2.8146 0.727 1.5543, 2.7763 0.6299 1.4908, 2.8105 0.6219 1.4861, 2.7755 0.6065 1.4785, 2.8099 0.6066 1.4782, 2.7722 0.5192 1.4328, 2.8064 0.5107 1.4289, 2.7694 0.4425 1.4021, 2.8038 0.4424 1.4022, 2.7678 0.4005 1.3854, 2.802 0.3916 1.3823, 2.7632 0.2755 1.3499, 2.7974 0.2696 1.3487, 2.763 0.2696 1.3489, 2.7973 0.2662 1.3478, 2.7584 0.1458 1.3275, 2.7925 0.1364 1.3264, 2.7564 0.0904 1.3239, 2.7908 0.0904 1.3238, 2.7535 0.0137 1.319, 2.7876 0.0043 1.3189, 2.7497 -0.0905 1.3234, 2.7841 -0.0905 1.3236, 2.7486 -0.1186 1.3246, 2.7827 -0.1279 1.3255, 2.7438 -0.249 1.3441, 2.7779 -0.2579 1.346, 2.743 -0.2694 1.3495, 2.7775 -0.2695 1.3491, 2.7391 -0.3751 1.377, 2.7732 -0.3837 1.3797, 2.7366 -0.4424 1.4023, 2.7711 -0.4424 1.4023, 2.7347 -0.4953 1.4221, 2.7688 -0.5032 1.4256, 2.7305 -0.6069 1.4776, 2.765 -0.6068 1.478, 2.7305 -0.6077 1.478, 2.7647 -0.615 1.4822, 2.7264 -0.7134 1.5446, 2.7606 -0.7204 1.5496, 2.7245 -0.757 1.5787, 2.759 -0.757 1.5787, 2.722 -0.814 1.6234, 2.7562 -0.8204 1.6291, 2.7181 -0.8921 1.699, 2.7526 -0.8919 1.6992, 2.7174 -0.9074 1.7137, 2.7515 -0.9133 1.7201, 2.7126 -0.9919 1.8146, 2.7467 -0.997 1.8215, 2.7115 -1.0076 1.8381, 2.746 -1.0079 1.838, 2.7077 -1.0656 1.9246, 2.7418 -1.0699 1.9319, 2.7048 -1.1014 1.9928, 2.7393 -1.1014 1.9928, 2.7028 -1.1272 2.0418, 2.7369 -1.1306 2.0495, 2.6982 -1.1734 2.1587, 2.7326 -1.1731 2.1589, 2.698 -1.1757 2.1644, 2.7321 -1.1783 2.1722, 2.6933 -1.2106 2.2901, 2.7275 -1.2124 2.2979, 2.6917 -1.218 2.334, 2.7262 -1.2182 2.334, 2.6888 -1.232 2.4166, 2.723 -1.2328 2.4244, 2.6856 -1.2382 2.5138, 2.72 -1.238 2.5138, 2.6847 -1.24 2.542, 2.7189 -1.2401 2.5496, 2.6806 -1.2355 2.6668, 2.7148 -1.2348 2.6744, 2.6796 -1.2316 2.6945, 2.7141 -1.2318 2.6946, 2.6762 -1.2178 2.7933, 2.7104 -1.2164 2.8008, 2.6733 -1.1983 2.8724, 2.7077 -1.1982 2.8723, 2.6716 -1.1866 2.9194, 2.7057 -1.1844 2.9268, 2.6668 -1.1418 3.043, 2.7012 -1.1411 3.044, 2.6667 -1.1413 3.0441, 2.7009 -1.1388 3.0501, 2.6619 -1.0837 3.162, 2.696 -1.08 3.1686, 2.66 -1.0572 3.2042, 2.6945 -1.0573 3.2043, 2.657 -1.0132 3.2741, 2.6911 -1.0089 3.2803, 2.6534 -0.9522 3.3515, 2.6878 -0.9521 3.3514, 2.6521 -0.9316 3.3777, 2.6863 -0.9267 3.3832, 2.6475 -0.8404 3.471, 2.6817 -0.8351 3.4759, 2.6469 -0.8271 3.4821, 2.6813 -0.8273 3.4823, 2.643 -0.7416 3.553, 2.6772 -0.736 3.5572, 2.6407 -0.6834 3.592, 2.6751 -0.6834 3.592, 2.6388 -0.6372 3.623, 2.6731 -0.6314 3.6264, 2.6347 -0.527 3.6817, 2.6692 -0.5263 3.6817, 2.6347 -0.5264 3.6819, 2.669 -0.5209 3.6845, 2.6304 -0.4088 3.7299, 2.6646 -0.4024 3.7321, 2.6284 -0.3568 3.745, 2.6629 -0.3569 3.7451, 2.6257 -0.2841 3.7662, 2.6599 -0.2775 3.7678, 2.6219 -0.1804 3.7849, 2.6563 -0.1803 3.7847, 2.6209 -0.1547 3.7895, 2.6551 -0.148 3.7904, 2.6161 -0.0227 3.799, 2.6503 -0.016 3.7991, 2.6152 -0.0 3.7982, 2.6497 -0.0 3.7985, 2.6112 0.1097 3.7944, 2.6454 0.1163 3.7938, 2.6085 0.1803 3.7843, 2.643 0.1803 3.7843, 2.6063 0.2402 3.7757, 2.6405 0.2466 3.7745, 2.602 0.3572 3.7462, 2.6364 0.3571 3.7459, 2.6016 0.3667 3.7437, 2.6359 0.3728 3.7419, 2.5972 0.4873 3.6995, 2.6314 0.4929 3.697, 2.5957 0.5258 3.6807, 2.6302 0.5258 3.6808, 2.593 0.6004 3.6442, 2.6272 0.6055 3.6414, 2.5898 0.6837 3.5924, 2.6242 0.6836 3.5923, 2.5889 0.7064 3.5784, 2.6231 0.7112 3.575, 2.5845 0.8073 3.5004, 2.6188 0.8118 3.4966, 2.5836 0.8268 3.4819, 2.618 0.8269 3.482, 2.5799 0.9013 3.4109, 2.6141 0.9054 3.4065, 2.5771 0.952 3.3513, 2.6115 0.9519 3.3512, 2.5751 0.9864 3.3107, 2.6094 0.99 3.306, 2.5704 1.0584 3.205, 2.6048 1.0582 3.2048, 2.5702 1.0609 3.2013, 2.6045 1.0639 3.1963, 2.5653 1.1234 3.0844, 2.5996 1.1258 3.0792, 2.5637 1.1402 3.0436, 2.5982 1.14 3.0436, 2.5732 1.2193 2.3338, 2.573 1.2185 2.3285, 2.5684 1.1878 2.2024, 2.5667 1.1722 2.1592, 2.5636 1.1434 2.0787, 2.5773 1.2358 2.4548, 2.5793 1.2378 2.5138, 2.5814 1.24 2.5795, 2.5853 1.2322 2.6947, 2.5856 1.2316 2.7049, 2.5916 1.1984 2.8723, 2.5901 1.2099 2.8314, 4.1346 -0.9897 2.8806, 4.1346 -0.9602 2.9671, 4.0065 -1.0929 2.9789, 4.0869 0.968 2.0565, 4.0869 0.9703 2.0602, 4.1346 0.9279 2.082, 4.1346 0.6962 3.3361, 4.0869 0.7125 3.384, 4.1346 0.6118 3.4013, 4.0869 0.6328 3.4478, 4.1346 0.5757 3.4292, 4.1346 0.9602 2.9671, 4.0869 1.0017 2.9905, 4.1346 0.9271 3.0314, 4.0869 0.945 3.1006, 4.1346 0.8906 3.1026, 4.0869 0.9313 3.1274, 4.1346 0.8418 3.1707, 4.0869 0.8767 3.2037, 4.1346 0.8019 3.2264, 4.0869 0.8386 3.2569, 4.1346 0.7359 3.295, 4.0869 0.7986 3.2984, 4.0869 0.728 3.3716, 4.1346 1.0281 2.7218, 4.1346 1.037 2.6732, 4.0869 1.0844 2.6784, 4.0869 1.0703 2.755, 4.0869 1.07 2.7564, 4.1346 1.0094 2.8229, 4.0869 1.0555 2.835, 4.1346 0.9897 2.8806, 4.0869 1.0421 2.8743, 4.0869 1.0041 2.9857, 4.1346 0.9293 2.0855, 4.0869 1.0169 2.1701, 4.1346 0.9874 2.2222, 4.0869 1.0326 2.2068, 4.1346 0.9913 2.2369, 4.0869 1.0534 2.2867, 4.1346 1.026 2.3696, 4.0869 1.0728 2.3609, 4.1346 1.0289 2.396, 4.0869 1.0777 2.4046, 4.1346 1.0426 2.521, 4.0869 1.0903 2.5192, 4.1346 1.0412 2.559, 4.0869 1.0902 2.5221, 4.0869 1.0859 2.6387, 4.0869 0.9041 1.9503, 4.1346 0.8485 1.952, 4.0869 0.8953 1.9356, 4.1346 0.8436 1.9462, 4.1346 0.7511 1.8349, 4.0828 0.8011 1.8124, 4.0844 0.8401 1.8598, 4.0848 0.8502 1.8721, 4.0865 0.8873 1.9243, 4.0785 0.6799 1.6956, 4.0789 0.6911 1.7046, 4.1346 0.6376 1.7333, 4.0808 0.748 1.7566, 4.1346 0.7369 1.8222, 4.0814 0.7637 1.7731, 4.0823 0.7883 1.799, 4.0756 0.5821 1.623, 4.0758 0.5899 1.6285, 4.1346 0.5106 1.6492, 4.1346 0.6123 1.7165, 4.0775 0.646 1.6683, 4.0783 0.6718 1.689, 4.1346 0.4727 1.6315, 4.0738 0.5152 1.5826, 4.0745 0.5397 1.5974, 4.0705 0.3921 1.524, 4.0706 0.3953 1.5254, 4.1346 0.3727 1.5846, 4.072 0.4458 1.547, 4.0733 0.4946 1.572, 4.0701 0.374 1.5163, 4.1346 0.3217 1.5692, 4.0687 0.3228 1.4979, 4.0676 0.2828 1.4862, 4.1346 0.2268 1.5407, 4.0667 0.2471 1.4757, 4.1346 0.1628 1.5313, 4.0647 0.1705 1.459, 4.0666 0.2416 1.4745, 4.1346 0.0762 1.5185, 4.0627 0.0933 1.4478, 4.0646 0.1685 1.4587, 4.1346 0.0 1.5185, 4.0615 0.0505 1.4446, 4.0624 0.0814 1.4469, 4.0581 -0.0817 1.443, 4.0584 -0.0689 1.4423, 4.1346 -0.0762 1.5185, 4.0591 -0.0449 1.4411, 4.0606 0.0155 1.4419, 4.057 -0.1237 1.445, 4.1346 -0.1628 1.5313, 4.0554 -0.1878 1.4528, 4.055 -0.2015 1.4544, 4.1346 -0.2268 1.5407, 4.0539 -0.2443 1.4626, 4.053 -0.2782 1.4691, 4.1346 -0.3217 1.5692, 4.0524 -0.3041 1.476, 4.0495 -0.4163 1.5103, 4.1346 -0.3727 1.5846, 4.0477 -0.4873 1.5393, 4.1346 -0.4727 1.6315, 4.0495 -0.4139 1.5094, 4.0498 -0.4029 1.5057, 4.0511 -0.3536 1.4892, 4.0441 -0.6263 1.6139, 4.0442 -0.6215 1.6112, 4.1346 -0.6123 1.7165, 4.0459 -0.558 1.5741, 4.1346 -0.5106 1.6492, 4.046 -0.5539 1.5721, 4.0468 -0.5219 1.5564, 4.1346 -0.6376 1.7333, 4.0422 -0.6941 1.6602, 4.0422 -0.6917 1.6584, 4.1346 -0.7369 1.8222, 4.0408 -0.7397 1.6955, 4.0415 -0.7167 1.6777, 4.1346 -0.7511 1.8349, 4.0386 -0.8067 1.755, 4.0388 -0.7999 1.7481, 4.0349 -0.9075 1.8642, 4.1346 -0.8436 1.9462, 4.1346 -0.8485 1.952, 4.0356 -0.8892 1.843, 4.0369 -0.8558 1.8044, 4.0381 -0.8201 1.7684, 4.0325 -0.9632 1.9398, 4.0312 -0.9906 1.9815, 4.1346 -0.9279 2.082, 4.0329 -0.955 1.9274, 4.0339 -0.9298 1.8939, 4.0263 -1.078 2.1559, 4.0272 -1.0646 2.1225, 4.1346 -0.9874 2.2222, 4.0292 -1.0302 2.051, 4.1346 -0.9293 2.0855, 4.0294 -1.0266 2.0447, 4.0297 -1.0207 2.0343, 4.0216 -1.135 2.3385, 4.0233 -1.1181 2.2712, 4.1346 -1.026 2.3696, 4.0233 -1.118 2.2709, 4.1346 -0.9913 2.2369, 4.0252 -1.0939 2.1959, 4.0255 -1.0904 2.1871, 4.0177 -1.1586 2.5058, 4.0179 -1.1583 2.4965, 4.1346 -1.0426 2.521, 4.0197 -1.1494 2.4173, 4.1346 -1.0289 2.396, 4.0204 -1.1441 2.3884, 4.0214 -1.1369 2.3491, 4.0144 -1.1594 2.656, 4.0151 -1.1603 2.6223, 4.1346 -1.037 2.6732, 4.1346 -1.0412 2.559, 4.0162 -1.1616 2.576, 4.0175 -1.1591 2.5167, 4.0123 -1.1499 2.7462, 4.1346 -1.0281 2.7218, 4.011 -1.1411 2.8031, 4.1346 -1.0094 2.8229, 4.0097 -1.1296 2.8544, 4.0124 -1.1507 2.7409, 4.0129 -1.1534 2.7231, 4.0137 -1.1567 2.6863, 4.0071 -1.1006 2.9582, 4.009 -1.1235 2.8815, 4.0095 -1.1282 2.8605, 4.0034 -1.0443 3.0964, 4.1346 -0.9271 3.0314, 4.0014 -1.0066 3.168, 4.1346 -0.8906 3.1026, 4.0013 -1.0042 3.1719, 4.0003 -0.9842 3.2043, 4.0035 -1.0452 3.0945, 4.0051 -1.0726 3.0332, 4.0055 -1.0785 3.0174, 3.9994 -0.9643 3.2364, 4.1346 -0.8418 3.1707, 3.9974 -0.9177 3.3015, 4.1346 -0.8019 3.2264, 3.9973 -0.9127 3.3076, 4.1346 -0.7359 3.295, 4.1346 -0.6962 3.3361, 3.9937 -0.8152 3.4179, 3.9943 -0.8305 3.4017, 3.9955 -0.8668 3.3632, 3.9971 -0.9073 3.3141, 3.9887 -0.6433 3.5587, 3.989 -0.6556 3.55, 4.1346 -0.5757 3.4292, 3.99 -0.6932 3.5237, 4.1346 -0.6118 3.4013, 3.9914 -0.7402 3.4857, 3.9918 -0.7558 3.4731, 3.9929 -0.7903 3.4411, 3.9882 -0.6274 3.5698, 4.1346 -0.4727 3.487, 3.9865 -0.5584 3.6114, 3.983 -0.4176 3.6785, 4.1346 -0.3219 3.55, 3.9813 -0.3447 3.7048, 4.1346 -0.3006 3.5581, 3.9812 -0.341 3.7061, 3.9834 -0.4309 3.6727, 3.9849 -0.4926 3.6456, 4.1346 -0.4428 3.5037, 3.9852 -0.5061 3.6386, 3.9861 -0.5411 3.6204, 3.9773 -0.1839 3.7454, 3.9775 -0.1903 3.7441, 4.1346 -0.1519 3.5912, 4.1346 -0.163 3.5888, 3.9793 -0.2631 3.7284, 3.9805 -0.3133 3.7141, 3.9716 0.0522 3.7642, 3.9729 0.0 3.7634, 4.1346 0.0 3.6024, 3.9736 -0.0292 3.763, 3.9744 -0.0632 3.7602, 3.9756 -0.1109 3.7562, 3.9771 -0.1748 3.7468, 4.1346 0.1519 3.5912, 3.9686 0.176 3.7547, 3.9697 0.1331 3.7599, 3.9713 0.0655 3.7635, 3.9682 0.1938 3.7526, 4.1346 0.163 3.5888, 3.9677 0.2135 3.7502, 3.9658 0.2931 3.7351, 4.1346 0.3006 3.5581, 3.9652 0.3193 3.7283, 3.9621 0.4497 3.6886, 3.9623 0.4404 3.6917, 4.1346 0.4428 3.5037, 4.1346 0.3219 3.55, 3.9639 0.3725 3.7144, 3.9645 0.3494 3.7204, 3.9569 0.6674 3.5815, 3.957 0.6623 3.5844, 3.9586 0.5976 3.6219, 4.1346 0.4727 3.487, 3.9596 0.5548 3.6429, 3.9603 0.5247 3.6577, 3.9605 0.5166 3.6611, 3.9567 0.6737 3.5773, 3.9551 0.7363 3.5353, 4.084 0.6603 3.4312, 3.9543 0.7648 3.5132, 4.0785 0.7094 3.3982, 3.9533 0.8015 3.4849, 4.0767 0.7257 3.3873, 3.9528 0.8172 3.4711, 4.0756 0.7354 3.3798, 3.9514 0.8629 3.4306, 4.0704 0.7795 3.3458, 4.0677 0.8009 3.327, 3.9495 0.9206 3.3723, 4.0629 0.8385 3.294, 3.9487 0.9443 3.3449, 4.0602 0.8587 3.2736, 3.9484 0.9515 3.3367, 4.0564 0.8867 3.2452, 3.9477 0.972 3.3131, 4.0554 0.8937 3.2382, 3.9458 1.0222 3.247, 4.0479 0.9451 3.1784, 3.9454 1.0315 3.2328, 4.0448 0.9643 3.1527, 3.9445 1.0523 3.2013, 4.0444 0.967 3.1491, 3.9438 1.0675 3.1782, 4.0403 0.9926 3.1148, 3.9422 1.1003 3.1203, 4.0332 1.0328 3.0517, 3.9419 1.108 3.1068, 4.0321 1.0391 3.0418, 3.9402 1.1388 3.043, 4.0286 1.0572 3.0082, 3.94 1.1436 3.033, 4.0248 1.0764 2.9727, 3.9392 1.1565 3.0011, 4.0218 1.0898 2.9429, 3.9381 1.1743 2.9568, 4.0176 1.1088 2.9011, 3.9522 1.1527 2.1423, 3.948 1.139 2.0968, 3.945 1.1288 2.0633, 3.9384 1.1021 1.9924, 3.9702 1.189 2.3487, 3.9694 1.188 2.3396, 3.9663 1.1843 2.3036, 3.9593 1.1712 2.2228, 3.9593 1.1712 2.2224, 3.9541 1.1577 2.164, 3.9839 1.1929 2.5154, 3.9804 1.1937 2.4723, 3.9781 1.1942 2.4435, 3.9714 1.1905 2.3632, 4.0 1.1674 2.7112, 3.998 1.1725 2.688, 3.9973 1.1745 2.6791, 3.9908 1.1863 2.6014, 3.9901 1.1871 2.5923, 3.9845 1.1928 2.5229, 4.013 1.1264 2.8535, 4.0123 1.1291 2.8463, 4.0106 1.1355 2.829, 4.0105 1.1362 2.8271, 4.0035 1.1586 2.7508, 0.5906 -0.3471 3.0368, 0.5906 -0.4416 3.3496, 0.5906 -0.2402 3.0986, 0.5906 -0.3017 3.4128, 0.5906 -0.1228 3.1367, 0.5906 -0.153 3.4515, 0.5906 0.0 3.1496, 0.5906 0.0 3.4646, 0.5906 0.1228 3.1367, 0.5906 0.153 3.4515, 0.5906 0.2402 3.0986, 0.5906 -0.5873 2.6208, 0.5906 -0.8852 2.7498, 0.5906 -0.5616 2.7415, 0.5906 -0.8402 2.8967, 0.5906 -0.5114 2.8543, 0.5906 -0.7711 3.0338, 0.5906 -0.4389 2.9542, 0.5906 -0.6797 3.1573, 0.5906 -0.5689 3.2636, 0.5906 -0.4389 2.1639, 0.5906 -0.728 2.0206, 0.5906 -0.5114 2.2638, 0.5906 -0.8086 2.1514, 0.5906 -0.5616 2.3766, 0.5906 -0.8658 2.2939, 0.5906 -0.5873 2.4973, 0.5906 -0.8982 2.444, 0.5906 -0.9047 2.5975, 0.5906 0.0 1.9685, 0.5906 -0.0768 1.6568, 0.5906 -0.1228 1.9814, 0.5906 -0.2282 1.6828, 0.5906 -0.2402 2.0196, 0.5906 -0.373 1.7339, 0.5906 -0.3471 2.0813, 0.5906 -0.5071 1.8088, 0.5906 -0.6266 1.9053, 0.5906 0.5114 2.2638, 0.5906 0.728 2.0206, 0.5906 0.4389 2.1639, 0.5906 0.6266 1.9053, 0.5906 0.3471 2.0813, 0.5906 0.5071 1.8088, 0.5906 0.2402 2.0196, 0.5906 0.373 1.7339, 0.5906 0.1228 1.9814, 0.5906 0.2282 1.6828, 0.5906 0.0768 1.6568, 0.5906 0.3017 3.4128, 0.5906 0.4416 3.3496, 0.5906 0.3471 3.0368, 0.5906 0.5689 3.2636, 0.5906 0.4389 2.9542, 0.5906 0.6797 3.1573, 0.5906 0.5114 2.8543, 0.5906 0.7711 3.0338, 0.5906 0.5616 2.7415, 0.5906 0.8402 2.8967, 0.5906 0.8852 2.7498, 0.5906 0.5873 2.6208, 0.5906 0.9047 2.5975, 0.5906 0.5873 2.4973, 0.5906 0.8982 2.444, 0.5906 0.5616 2.3766, 0.5906 0.8658 2.2939, 0.5906 0.8086 2.1514, 1.1811 0.153 3.4515, 1.1811 0.3017 3.4128, 1.1811 0.4416 3.3496, 1.1811 0.5689 3.2636, 1.1811 0.6797 3.1573, 1.1811 0.7711 3.0338, 1.1811 0.8402 2.8967, 1.1811 0.8852 2.7498, 1.1811 0.9047 2.5975, 1.1811 0.8982 2.444, 1.1811 0.8658 2.2939, 1.1811 0.8086 2.1514, 1.1811 0.728 2.0206, 1.1811 0.6266 1.9053, 1.1811 0.5071 1.8088, 1.1811 0.373 1.7339, 1.1811 0.2282 1.6828, 1.1811 0.0768 1.6568, 1.1811 -0.0768 1.6568, 1.1811 -0.2282 1.6828, 1.1811 -0.373 1.7339, 1.1811 -0.5071 1.8088, 1.1811 -0.6266 1.9053, 1.1811 -0.728 2.0206, 1.1811 -0.8086 2.1514, 1.1811 -0.8658 2.2939, 1.1811 -0.8982 2.444, 1.1811 -0.9047 2.5975, 1.1811 -0.8852 2.7498, 1.1811 -0.8402 2.8967, 1.1811 -0.7711 3.0338, 1.1811 -0.6797 3.1573, 1.1811 -0.5689 3.2636, 1.1811 -0.4416 3.3496, 1.1811 -0.3017 3.4128, 1.1811 -0.153 3.4515, 1.1811 0.0 3.4646, 1.1811 0.0 1.5158, 1.1811 -0.1632 1.5286, 1.1811 -0.3224 1.5668, 1.1811 -0.4737 1.6295, 1.1811 -0.6132 1.715, 1.1811 -0.7377 1.8213, 1.1811 -0.8441 1.9458, 1.1811 -0.9296 2.0854, 1.1811 -0.9922 2.2367, 1.1811 -1.0305 2.3958, 1.1811 -1.0433 2.5591, 1.1811 -1.0305 2.7223, 1.1811 -0.9922 2.8815, 1.1811 0.9296 3.0327, 1.1811 0.9922 2.8815, 1.1811 1.0305 2.7223, 1.1811 1.0433 2.5591, 1.1811 1.0305 2.3958, 1.1811 0.9922 2.2367, 1.1811 0.9296 2.0854, 1.1811 0.8441 1.9458, 1.1811 0.7377 1.8213, 1.1811 0.6132 1.715, 1.1811 0.4737 1.6295, 1.1811 0.3224 1.5668, 1.1811 0.1632 1.5286, 1.1811 -0.9296 3.0327, 1.1811 -0.8441 3.1723, 1.1811 -0.7377 3.2968, 1.1811 -0.6132 3.4031, 1.1811 -0.4737 3.4887, 1.1811 -0.3224 3.5513, 1.1811 -0.1632 3.5895, 1.1811 0.0 3.6024, 1.1811 0.1632 3.5895, 1.1811 0.3224 3.5513, 1.1811 0.4737 3.4887, 1.1811 0.6132 3.4031, 1.1811 0.7377 3.2968, 1.1811 0.8441 3.1723, 4.4882 -0.1632 3.5895, 4.4882 0.0 3.6024, 4.4882 -0.3224 3.5513, 4.4882 -0.4737 3.4887, 4.4882 -0.6132 3.4031, 4.4882 -0.7377 3.2968, 4.4882 -0.8441 3.1723, 4.4882 -0.9296 3.0327, 4.4882 -0.9922 2.8815, 4.4882 -1.0305 2.7223, 4.4882 -1.0433 2.5591, 4.4882 -1.0305 2.3958, 4.4882 -0.9922 2.2367, 4.4882 -0.9296 2.0854, 4.4882 -0.8441 1.9458, 4.4882 -0.7377 1.8213, 4.4882 -0.6132 1.715, 4.4882 -0.4737 1.6295, 4.4882 -0.3224 1.5668, 4.4882 -0.1632 1.5286, 4.4882 0.0 1.5158, 4.4882 0.1632 1.5286, 4.4882 0.3224 1.5668, 4.4882 0.4737 1.6295, 4.4882 0.6132 1.715, 4.4882 0.7377 1.8213, 4.4882 0.8441 1.9458, 4.4882 0.9296 2.0854, 4.4882 0.9922 2.2367, 4.4882 1.0305 2.3958, 4.4882 1.0433 2.5591, 4.4882 1.0305 2.7223, 4.4882 0.9922 2.8815, 4.4882 0.9296 3.0327, 4.4882 0.8441 3.1723, 4.4882 0.7377 3.2968, 4.4882 0.6132 3.4031, 4.4882 0.4737 3.4887, 4.4882 0.3224 3.5513, 4.4882 0.1632 3.5895, 4.5276 0.1571 3.5506, 4.5276 0.3102 3.5139, 4.5276 0.4558 3.4536, 4.5276 0.5901 3.3713, 4.5276 0.7099 3.2689, 4.5276 0.8122 3.1492, 4.5276 0.8945 3.0148, 4.5276 0.9548 2.8693, 4.5276 0.9916 2.7161, 4.5276 1.0039 2.5591, 4.5276 0.9916 2.402, 4.5276 0.9548 2.2488, 4.5276 0.8945 2.1033, 4.5276 0.8122 1.969, 4.5276 0.7099 1.8492, 4.5276 0.5901 1.7469, 4.5276 0.4558 1.6645, 4.5276 0.3102 1.6043, 4.5276 0.1571 1.5675, 4.5276 0.0 1.5551, 4.5276 -0.1571 1.5675, 4.5276 -0.3102 1.6043, 4.5276 -0.4558 1.6645, 4.5276 -0.5901 1.7469, 4.5276 -0.7099 1.8492, 4.5276 -0.8122 1.969, 4.5276 -0.8945 2.1033, 4.5276 -0.9548 2.2488, 4.5276 -0.9916 2.402, 4.5276 -1.0039 2.5591, 4.5276 -0.9916 2.7161, 4.5276 -0.9548 2.8693, 4.5276 -0.8945 3.0148, 4.5276 -0.8122 3.1492, 4.5276 -0.7099 3.2689, 4.5276 -0.5901 3.3713, 4.5276 -0.4558 3.4536, 4.5276 -0.3102 3.5139, 4.5276 -0.1571 3.5506, 4.5276 0.0 3.563, 4.5276 0.0768 1.6568, 4.5276 0.2282 1.6828, 4.5276 0.373 1.7339, 4.5276 0.5071 1.8088, 4.5276 0.6266 1.9053, 4.5276 0.728 2.0206, 4.5276 0.8086 2.1514, 4.5276 0.8658 2.2939, 4.5276 0.8982 2.444, 4.5276 0.9047 2.5975, 4.5276 0.8852 2.7498, 4.5276 0.8402 2.8967, 4.5276 0.7711 3.0338, 4.5276 0.6797 3.1573, 4.5276 0.5689 3.2636, 4.5276 0.4416 3.3496, 4.5276 0.3017 3.4128, 4.5276 0.153 3.4515, 4.5276 0.0 3.4646, 4.5276 -0.153 3.4515, 4.5276 -0.3017 3.4128, 4.5276 -0.4416 3.3496, 4.5276 -0.5689 3.2636, 4.5276 -0.6797 3.1573, 4.5276 -0.7711 3.0338, 4.5276 -0.8402 2.8967, 4.5276 -0.8852 2.7498, 4.5276 -0.9047 2.5975, 4.5276 -0.8982 2.444, 4.5276 -0.8658 2.2939, 4.5276 -0.8086 2.1514, 4.5276 -0.728 2.0206, 4.5276 -0.6266 1.9053, 4.5276 -0.5071 1.8088, 4.5276 -0.373 1.7339, 4.5276 -0.2282 1.6828, 4.5276 -0.0768 1.6568, 3.7795 0.0 3.4646, 3.7795 0.153 3.4515, 3.7795 0.3017 3.4128, 3.7795 0.4416 3.3496, 3.7795 0.5689 3.2636, 3.7795 0.6797 3.1573, 3.7795 0.7711 3.0338, 3.7795 0.8402 2.8967, 3.7795 0.8852 2.7498, 3.7795 0.9047 2.5975, 3.7795 0.8982 2.444, 3.7795 0.8658 2.2939, 3.7795 0.8086 2.1514, 3.7795 0.728 2.0206, 3.7795 0.6266 1.9053, 3.7795 0.5071 1.8088, 3.7795 0.373 1.7339, 3.7795 0.2282 1.6828, 3.7795 0.0768 1.6568, 3.7795 -0.0768 1.6568, 3.7795 -0.2282 1.6828, 3.7795 -0.373 1.7339, 3.7795 -0.5071 1.8088, 3.7795 -0.6266 1.9053, 3.7795 -0.728 2.0206, 3.7795 -0.8086 2.1514, 3.7795 -0.8658 2.2939, 3.7795 -0.8982 2.444, 3.7795 -0.9047 2.5975, 3.7795 -0.8852 2.7498, 3.7795 -0.8402 2.8967, 3.7795 -0.7711 3.0338, 3.7795 -0.6797 3.1573, 3.7795 -0.5689 3.2636, 3.7795 -0.4416 3.3496, 3.7795 -0.3017 3.4128, 3.7795 -0.153 3.4515, 3.7795 0.8063 2.5228, 3.7795 0.7998 2.6674, 3.7795 0.7676 2.8085, 3.7795 0.7107 2.9415, 3.7795 0.631 3.0623, 3.7795 0.531 3.1669, 3.7795 0.414 3.2519, 3.7795 0.2836 3.3147, 3.7795 0.1441 3.3532, 3.7795 0.0 3.3661, 3.7795 -0.1441 3.3532, 3.7795 -0.2836 3.3147, 3.7795 -0.414 3.2519, 3.7795 -0.531 3.1669, 3.7795 -0.631 3.0623, 3.7795 -0.7107 2.9415, 3.7795 -0.7676 2.8085, 3.7795 -0.7998 2.6674, 3.7795 -0.8063 2.5228, 3.7795 -0.7869 2.3795, 3.7795 -0.7421 2.2419, 3.7795 -0.6736 2.1144, 3.7795 -0.5834 2.0013, 3.7795 -0.4744 1.9061, 3.7795 -0.3502 1.8319, 3.7795 -0.2147 1.7811, 3.7795 -0.0723 1.7552, 3.7795 0.0723 1.7552, 3.7795 0.2147 1.7811, 3.7795 0.3502 1.8319, 3.7795 0.4744 1.9061, 3.7795 0.5834 2.0013, 3.7795 0.6736 2.1144, 3.7795 0.7421 2.2419, 3.7795 0.7869 2.3795, 2.4242 0.0723 3.3629, 2.4242 0.1435 3.35, 2.4242 0.2147 3.3371, 2.4242 0.2824 3.3116, 2.4242 0.3502 3.2862, 2.4242 0.4123 3.2491, 2.4242 0.4744 3.212, 2.4242 0.5289 3.1644, 2.4242 0.5834 3.1168, 2.4242 0.6285 3.0602, 2.4242 0.6736 3.0037, 2.4242 0.7079 2.94, 2.4242 0.7421 2.8763, 2.4242 0.7645 2.8075, 2.4242 0.7869 2.7387, 2.4242 0.7966 2.667, 2.4242 0.8063 2.5953, 2.4242 0.803 2.523, 2.4242 0.7998 2.4507, 2.4242 0.7837 2.3802, 2.4242 0.7676 2.3097, 2.4242 0.7392 2.2431, 2.4242 0.7107 2.1766, 2.4242 0.6709 2.1162, 2.4242 0.631 2.0558, 2.4242 0.581 2.0036, 2.4242 0.531 1.9513, 2.4242 0.4725 1.9087, 2.4242 0.414 1.8662, 2.4242 0.3488 1.8348, 2.4242 0.2836 1.8034, 2.4242 0.2139 1.7842, 2.4242 0.1441 1.7649, 2.4242 0.0721 1.7585, 2.4242 0.0 1.752, 2.4242 -0.0721 1.7585, 2.4242 -0.1441 1.7649, 2.4242 -0.2139 1.7842, 2.4242 -0.2836 1.8034, 2.4242 -0.3488 1.8348, 2.4242 -0.414 1.8662, 2.4242 -0.4725 1.9087, 2.4242 -0.531 1.9513, 2.4242 -0.581 2.0036, 2.4242 -0.631 2.0558, 2.4242 -0.6709 2.1162, 2.4242 -0.7107 2.1766, 2.4242 -0.7392 2.2431, 2.4242 -0.7676 2.3097, 2.4242 -0.7837 2.3802, 2.4242 -0.7998 2.4507, 2.4242 -0.803 2.523, 2.4242 -0.8063 2.5953, 2.4242 -0.7966 2.667, 2.4242 -0.7869 2.7387, 2.4242 -0.7645 2.8075, 2.4242 -0.7421 2.8763, 2.4242 -0.7079 2.94, 2.4242 -0.6736 3.0037, 2.4242 -0.6285 3.0602, 2.4242 -0.5834 3.1168, 2.4242 -0.5289 3.1644, 2.4242 -0.4744 3.212, 2.4242 -0.4123 3.2491, 2.4242 -0.3502 3.2862, 2.4242 -0.2824 3.3116, 2.4242 -0.2147 3.3371, 2.4242 -0.1435 3.35, 2.4242 -0.0723 3.3629, 2.4242 0.0 3.3661, 2.2402 0.0 1.8028, 2.2402 -0.135 1.8149, 2.2402 -0.2657 1.851, 2.2402 -0.3879 1.9098, 2.2402 -0.4976 1.9895, 2.2402 -0.5913 2.0875, 2.2402 -0.666 2.2007, 2.2402 -0.7193 2.3254, 2.2402 -0.7494 2.4575, 2.2402 -0.7555 2.593, 2.2402 -0.7373 2.7273, 2.2402 -0.6954 2.8563, 2.2402 -0.6312 2.9757, 2.2402 -0.5466 3.0817, 2.2402 -0.4445 3.1709, 2.2402 -0.3281 3.2404, 2.2402 -0.2012 3.2881, 2.2402 -0.0678 3.3123, 2.2402 0.2012 3.2881, 2.2402 0.0678 3.3123, 2.2402 0.0 3.3153, 2.2402 0.3281 3.2404, 2.2402 0.4445 3.1709, 2.2402 0.5466 3.0817, 2.2402 0.6312 2.9757, 2.2402 0.6954 2.8563, 2.2402 0.7373 2.7273, 2.2402 0.7555 2.593, 2.2402 0.7494 2.4575, 2.2402 0.7193 2.3254, 2.2402 0.666 2.2007, 2.2402 0.5913 2.0875, 2.2402 0.4976 1.9895, 2.2402 0.3879 1.9098, 2.2402 0.2657 1.851, 2.2402 0.135 1.8149, 2.2402 0.1441 3.3532, 2.2402 0.2836 3.3147, 2.2402 0.414 3.2519, 2.2402 0.531 3.1669, 2.2402 0.631 3.0623, 2.2402 0.7107 2.9415, 2.2402 0.7676 2.8085, 2.2402 0.7998 2.6674, 2.2402 0.8063 2.5228, 2.2402 0.7869 2.3795, 2.2402 0.7421 2.2419, 2.2402 0.6736 2.1144, 2.2402 0.5834 2.0013, 2.2402 0.4744 1.9061, 2.2402 0.3502 1.8319, 2.2402 0.2147 1.7811, 2.2402 0.0723 1.7552, 2.2402 -0.0723 1.7552, 2.2402 -0.2147 1.7811, 2.2402 -0.3502 1.8319, 2.2402 -0.4744 1.9061, 2.2402 -0.5834 2.0013, 2.2402 -0.6736 2.1144, 2.2402 -0.7421 2.2419, 2.2402 -0.7869 2.3795, 2.2402 -0.8063 2.5228, 2.2402 -0.7998 2.6674, 2.2402 -0.7676 2.8085, 2.2402 -0.7107 2.9415, 2.2402 -0.631 3.0623, 2.2402 -0.531 3.1669, 2.2402 -0.414 3.2519, 2.2402 -0.2836 3.3147, 2.2402 -0.1441 3.3532, 2.2402 0.0 3.3661, 1.4567 0.0 3.3661, 1.4567 0.1441 3.3532, 1.4567 0.2836 3.3147, 1.4567 0.414 3.2519, 1.4567 0.531 3.1669, 1.4567 0.631 3.0623, 1.4567 0.7107 2.9415, 1.4567 0.7676 2.8085, 1.4567 0.7998 2.6674, 1.4567 0.8063 2.5228, 1.4567 0.7869 2.3795, 1.4567 0.7421 2.2419, 1.4567 0.6736 2.1144, 1.4567 0.5834 2.0013, 1.4567 0.4744 1.9061, 1.4567 0.3502 1.8319, 1.4567 0.2147 1.7811, 1.4567 0.0723 1.7552, 1.4567 -0.0723 1.7552, 1.4567 -0.2147 1.7811, 1.4567 -0.3502 1.8319, 1.4567 -0.4744 1.9061, 1.4567 -0.5834 2.0013, 1.4567 -0.6736 2.1144, 1.4567 -0.7421 2.2419, 1.4567 -0.7869 2.3795, 1.4567 -0.8063 2.5228, 1.4567 -0.7998 2.6674, 1.4567 -0.7676 2.8085, 1.4567 -0.7107 2.9415, 1.4567 -0.631 3.0623, 1.4567 -0.531 3.1669, 1.4567 -0.414 3.2519, 1.4567 -0.2836 3.3147, 1.4567 -0.1441 3.3532, 1.4567 0.4389 2.9542, 1.4567 0.3471 3.0368, 1.4567 0.2402 3.0986, 1.4567 0.1228 3.1367, 1.4567 0.0 3.1496, 1.4567 -0.1228 3.1367, 1.4567 -0.2402 3.0986, 1.4567 -0.3471 3.0368, 1.4567 0.5616 2.3766, 1.4567 0.5873 2.4973, 1.4567 0.5873 2.6208, 1.4567 0.5616 2.7415, 1.4567 0.5114 2.8543, 1.4567 -0.1228 1.9814, 1.4567 0.0 1.9685, 1.4567 0.1228 1.9814, 1.4567 0.2402 2.0196, 1.4567 0.3471 2.0813, 1.4567 0.4389 2.1639, 1.4567 0.5114 2.2638, 1.4567 -0.5616 2.3766, 1.4567 -0.5114 2.2638, 1.4567 -0.4389 2.1639, 1.4567 -0.3471 2.0813, 1.4567 -0.2402 2.0196, 1.4567 -0.4389 2.9542, 1.4567 -0.5114 2.8543, 1.4567 -0.5616 2.7415, 1.4567 -0.5873 2.6208, 1.4567 -0.5873 2.4973, 2.5953 -0.0636 1.4711, 2.5941 -0.092 1.472, 2.5511 -0.0983 1.3976, 2.6005 0.0603 1.4711, 2.599 0.0244 1.4683, 2.556 0.0261 1.3938, 2.6057 0.183 1.485, 2.6039 0.1404 1.4771, 2.5608 0.15 1.4032, 2.6641 1.0877 2.4836, 2.6635 1.0871 2.4674, 2.6204 1.1614 2.4611, 2.6684 1.0893 2.6001, 2.6675 1.0908 2.577, 2.6245 1.1654 2.5783, 2.6729 1.0782 2.7178, 2.6717 1.0834 2.6873, 2.6287 1.1575 2.6961, 2.6778 1.0539 2.836, 2.6762 1.0644 2.7986, 2.6331 1.1371 2.815, 2.7421 -0.1505 3.6387, 2.7413 -0.1302 3.6423, 2.6982 -0.1391 3.7163, 2.7472 -0.2709 3.6147, 2.7461 -0.2441 3.6224, 2.703 -0.2608 3.6951, 2.752 -0.3862 3.5781, 2.7507 -0.354 3.591, 2.7076 -0.3782 3.6616, 2.7566 -0.4946 3.5301, 2.7551 -0.4582 3.5492, 2.712 -0.4895 3.6168, 2.8192 -1.0278 2.1963, 2.8182 -1.0366 2.2188, 2.7752 -1.1074 2.1955, 2.8244 -0.9801 2.0826, 2.8231 -0.9946 2.1108, 2.78 -1.0626 2.0802, 2.8296 -0.9195 1.9745, 2.828 -0.9412 2.0073, 2.7849 -1.0056 1.9696, 2.8932 0.4666 1.5738, 2.8925 0.4492 1.5649, 2.8494 0.48 1.4969, 2.8976 0.5691 1.6294, 2.8966 0.5471 1.6152, 2.8536 0.5845 1.5507, 2.9021 0.666 1.6965, 2.9007 0.6395 1.6752, 2.8577 0.6832 1.6147, 2.9069 0.757 1.7754, 2.9052 0.7272 1.7458, 2.8621 0.7769 1.6902, 2.9763 0.7883 3.3116, 2.975 0.8103 3.2896, 2.932 0.8657 3.3395, 2.9812 0.6997 3.3944, 2.9797 0.7293 3.3705, 2.9366 0.7791 3.426, 3.0434 -0.7337 3.3653, 3.0426 -0.7197 3.379, 2.9995 -0.7689 3.4351, 3.0483 -0.819 3.2782, 3.0472 -0.8015 3.2992, 3.0041 -0.8563 3.3498, 3.0535 -0.8948 3.181, 3.052 -0.8754 3.2102, 3.0089 -0.9352 3.2547, 3.0587 -0.9595 3.0754, 3.0569 -0.9398 3.1132, 3.0138 -1.004 3.1511, 3.1224 -0.6308 1.67, 3.1215 -0.6497 1.6826, 3.0785 -0.6941 1.6227, 3.1268 -0.5319 1.6078, 3.1257 -0.5577 1.6214, 3.0826 -0.5959 1.5573, 3.1312 -0.4263 1.5562, 3.1298 -0.4606 1.5701, 3.0867 -0.4921 1.5025, 3.2054 1.0418 2.2396, 3.204 1.0324 2.2064, 3.1609 1.103 2.1823, 3.2103 1.0708 2.3575, 3.2087 1.0638 2.3168, 3.1656 1.1365 2.3003, 3.2725 0.3442 3.5933, 3.2716 0.366 3.5868, 3.2285 0.3911 3.6571, 3.2774 0.2267 3.625, 3.2762 0.2567 3.6194, 3.2331 0.2743 3.6919, 3.2825 0.105 3.6436, 3.2809 0.1432 3.6406, 3.2379 0.153 3.7146, 3.3468 -1.0649 2.7923, 3.3461 -1.0615 2.8111, 3.303 -1.134 2.8284, 3.3515 -1.0839 2.674, 3.3505 -1.0819 2.6999, 3.3075 -1.1558 2.7095, 3.3559 -1.0898 2.557, 3.3547 -1.0906 2.5894, 3.3117 -1.1651 2.5914, 3.3604 -1.0831 2.44, 3.3588 -1.0881 2.4798, 3.3158 -1.1625 2.4744, 3.4242 -0.0144 1.4692, 3.4232 -0.0375 1.4687, 3.3801 -0.0401 1.3942, 3.4294 0.1093 1.4748, 3.4281 0.079 1.4709, 3.385 0.0844 1.3965, 3.4345 0.2309 1.4941, 3.4329 0.1941 1.4855, 3.3899 0.2074 1.4121, 3.4969 1.0867 2.6467, 3.4962 1.0888 2.6285, 3.4532 1.1632 2.6333, 3.5016 1.0703 2.7649, 3.5006 1.076 2.7395, 3.4575 1.1495 2.7518, 3.5065 1.0406 2.8826, 3.5051 1.0513 2.8506, 3.4621 1.1232 2.8705, 3.5116 0.9973 2.9978, 3.5099 1.0147 2.96, 3.4668 1.084 2.9874, 3.5759 -0.3175 3.6019, 3.575 -0.2962 3.6091, 3.532 -0.3165 3.6808, 3.5807 -0.4302 3.5604, 3.5796 -0.4037 3.5726, 3.5365 -0.4312 3.6419, 3.5851 -0.5354 3.5082, 3.5838 -0.5047 3.5263, 3.5407 -0.5392 3.5924, 3.5895 -0.6339 3.4453, 3.5879 -0.5991 3.4708, 3.5448 -0.6401 3.5332, 3.648 -1.0107 2.1505, 3.6473 -1.0184 2.1677, 3.6042 -1.088 2.1409, 3.6532 -0.9577 2.0387, 3.6521 -0.971 2.0616, 3.6091 -1.0374 2.0276, 3.6584 -0.8923 1.9336, 3.657 -0.9124 1.9609, 3.614 -0.9748 1.92, 3.6636 -0.8159 1.8369, 3.6619 -0.8436 1.8673, 3.6188 -0.9013 1.82, 3.7261 0.6083 1.6544, 3.7253 0.5909 1.642, 3.6822 0.6313 1.5793, 3.7307 0.7031 1.7263, 3.7296 0.6813 1.707, 3.6865 0.7279 1.6487, 3.7356 0.7911 1.8097, 3.7341 0.7662 1.7824, 3.691 0.8186 1.7293, 3.8 0.8377 3.2567, 3.7993 0.8501 3.2429, 3.7562 0.9082 3.2896, 3.805 0.7542 3.346, 3.804 0.7732 3.3287, 3.7609 0.8261 3.3814, 3.8098 0.6627 3.4242, 3.8086 0.6889 3.405, 3.7655 0.736 3.4629, 3.8143 0.5654 3.4906, 3.8129 0.5989 3.471, 3.7698 0.6399 3.5333, 3.8771 -0.8505 3.2408, 3.8762 -0.8373 3.2585, 3.8331 -0.8945 3.3063, 3.8823 -0.9221 3.14, 3.8811 -0.9068 3.1656, 3.838 -0.9688 3.2071, 3.8875 -0.9819 3.0316, 3.886 -0.9664 3.0654, 3.8429 -1.0324 3.1001, 3.9509 -0.5921 1.6436, 3.9503 -0.6071 1.6526, 3.9072 -0.6486 1.5906, 3.9553 -0.491 1.5859, 3.9543 -0.5131 1.5963, 3.9113 -0.5482 1.5305, 3.9599 -0.3822 1.5385, 3.9586 -0.4127 1.5491, 3.9155 -0.4409 1.4801, 3.9647 -0.2666 1.5026, 3.9631 -0.3057 1.5118, 3.92 -0.3266 1.4402, 4.0291 1.0181 2.1695, 4.0282 1.0109 2.1488, 3.9851 1.08 2.1208, 4.0341 1.0552 2.2862, 4.033 1.0486 2.258, 3.9899 1.1203 2.2374, 4.0389 1.0787 2.4045, 4.0376 1.0743 2.369, 3.9945 1.1478 2.356, 4.0435 1.0891 2.5222, 4.0419 1.0881 2.4801, 3.9988 1.1625 2.4747, 2.7578 -1.1605 2.6675, 2.7619 -1.1655 2.5502, 2.7898 -0.937 1.8659, 2.7946 -0.8584 1.7705, 2.8356 0.1282 1.4006, 2.8668 0.8637 1.7764, 3.0596 -1.0165 1.9888, 3.0645 -0.9499 1.8837, 3.0911 -0.381 1.4575, 3.0957 -0.2637 1.4237, 3.3441 -0.8873 1.8032, 3.4404 1.1315 2.2793, 3.4491 1.1648 2.5163, 3.4449 1.1544 2.3981, 3.5906 -1.1638 2.4953, 3.6236 -0.8184 1.7291, 3.6646 0.1858 1.4084, 3.7922 0.0731 3.7223, 3.8478 -1.0841 2.9871, 3.8525 -1.1233 2.8703, 2.4438 0.3892 3.5771, 2.4427 0.4154 3.5679, 2.5026 -0.9006 3.1746, 2.5025 -0.8993 3.1767, 2.5171 -1.0478 2.8631, 2.5288 -0.6598 1.5982, 4.0116 1.134 2.8286, 4.0834 0.7043 3.3923, 4.0829 0.7127 3.3843, 4.078 0.7999 3.2997, 4.074 0.8628 3.2267, 4.0788 0.7874 3.3142, 4.0691 0.929 3.1311, 4.0729 0.8781 3.2047, 4.0677 0.9455 3.1008, 4.0594 1.029 2.9216, 4.0625 1.0007 2.9901, 4.0642 0.9847 3.0288, 4.0574 1.0428 2.8746, 4.0547 1.0614 2.8114, 4.0071 1.1558 2.7097, 4.0029 1.1651 2.5917, 3.9803 1.0273 2.0083, 2.6017 1.0204 1.9958, 2.5968 0.9546 1.8902, 2.592 0.8782 1.7927, 2.5873 0.7928 1.7047, 2.5829 0.7003 1.6273, 2.5787 0.6023 1.5612, 2.5702 0.3883 1.4601, 2.5746 0.499 1.5057, 2.5656 0.2714 1.4255, 2.5462 -0.221 1.4146, 2.5415 -0.3401 1.4442, 2.5371 -0.4536 1.4854, 2.5329 -0.56 1.5368, 2.5244 -0.7549 1.671, 2.5198 -0.8435 1.7546, 2.5151 -0.9238 1.8483, 2.5053 -1.0534 2.0602, 2.5102 -0.9942 1.9507, 2.4957 -1.1347 2.2926, 2.5004 -1.1004 2.1748, 2.4913 -1.1562 2.4115, 2.5274 -1.0889 2.6032, 2.526 -1.0879 2.641, 2.5301 -1.0906 2.5314, 2.5217 -1.0738 2.752, 2.5229 -1.0777 2.7209, 2.5181 -1.0534 2.8392, 2.5079 -0.9643 3.0683, 2.5123 -1.0098 2.9721, 2.513 -1.0155 2.9558, 2.5074 -0.9601 3.0773, 2.4977 -0.8287 3.2687, 2.493 -0.7495 3.3519, 2.4975 -0.8252 3.2723, 2.4885 -0.6633 3.4252, 2.4925 -0.7401 3.3599, 2.4878 -0.6474 3.4362, 2.4843 -0.572 3.4881, 2.4833 -0.5493 3.5005, 2.4802 -0.476 3.5407, 2.4789 -0.4451 3.5538, 2.4759 -0.3729 3.5843, 2.4665 -0.1506 3.6396, 2.4693 -0.2153 3.6271, 2.4713 -0.2639 3.6176, 2.4742 -0.3332 3.5965, 2.4617 -0.0347 3.6495, 2.4641 -0.0933 3.6445, 2.4589 0.0305 3.6481, 2.4568 0.0818 3.647, 2.4472 0.3086 3.6055, 2.4487 0.2739 3.6138, 2.4519 0.1968 3.6321, 2.4537 0.1537 3.6377, 2.4385 0.5157 3.5205, 2.4392 0.4975 3.5291, 2.4344 0.6095 3.4639, 2.4303 0.6941 3.4004, 2.4349 0.5983 3.4707, 2.4255 0.7825 3.3193, 2.4301 0.6989 3.3968, 2.4204 0.8634 3.2253, 2.4159 0.9252 3.1372, 2.4207 0.8584 3.2324, 2.4152 0.9332 3.1231, 3.9705 0.8875 1.8034, 3.9754 0.9627 1.9019, 3.9658 0.803 1.7143, 3.9613 0.7112 1.6356, 3.9571 0.6138 1.5682, 3.953 0.5113 1.5116, 3.9487 0.4014 1.4648, 3.9441 0.2851 1.4289, 3.9393 0.1641 1.4051, 3.9345 0.0404 1.3942, 3.9247 -0.2071 1.412, 3.9296 -0.0841 1.3965, 3.9029 -0.7443 1.662, 3.8983 -0.8337 1.7445, 3.8936 -0.9151 1.8371, 3.8838 -1.0472 2.0473, 3.8887 -0.9867 1.9386, 3.8742 -1.1314 2.279, 3.8789 -1.0957 2.1615, 3.8697 -1.1544 2.3979, 3.8655 -1.1648 2.5161, 3.8571 -1.1496 2.7516, 3.8614 -1.1632 2.633, 3.8284 -0.8108 3.3964, 3.8239 -0.7196 3.476, 3.8197 -0.6226 3.5444, 3.8113 -0.4114 3.6496, 3.8156 -0.5207 3.6019, 3.8067 -0.2956 3.6865, 3.802 -0.175 3.7114, 3.7971 -0.0514 3.7235, 3.7873 0.1963 3.708, 3.7826 0.3162 3.6809, 3.7781 0.431 3.642, 3.7738 0.539 3.5925, 3.7513 0.9808 3.1889, 3.7464 1.0423 3.0807, 3.7416 1.0919 2.9669, 3.7368 1.1288 2.8496, 3.7323 1.1529 2.7308, 3.728 1.1644 2.6124, 3.724 1.1638 2.4955, 3.7151 1.1261 2.2583, 3.7197 1.1513 2.3771, 3.7104 1.0881 2.1412, 3.7055 1.0375 2.0278, 3.7006 0.9749 1.9202, 3.6958 0.9015 1.8202, 3.6782 0.53 1.5209, 3.6739 0.4213 1.4723, 3.6694 0.3061 1.4344, 3.6597 0.0624 1.3952, 3.6548 -0.0621 1.3951, 3.65 -0.1855 1.4083, 3.6452 -0.3058 1.4343, 3.6407 -0.4211 1.4722, 3.6364 -0.5298 1.5208, 3.6324 -0.6311 1.5791, 3.6281 -0.7277 1.6486, 3.5994 -1.126 2.258, 3.5949 -1.1512 2.3768, 3.5866 -1.1644 2.6122, 3.5823 -1.1529 2.7305, 3.5778 -1.1288 2.8493, 3.573 -1.092 2.9667, 3.5633 -0.9809 3.1886, 3.5682 -1.0425 3.0804, 3.5584 -0.9084 3.2894, 3.5537 -0.8263 3.3812, 3.5491 -0.7362 3.4627, 3.5272 -0.1966 3.7079, 3.5224 -0.0734 3.7223, 3.5175 0.0511 3.7235, 3.5126 0.1747 3.7115, 3.5033 0.4111 3.6497, 3.5079 0.2953 3.6866, 3.499 0.5204 3.602, 3.4949 0.6223 3.5446, 3.4907 0.7194 3.4762, 3.4862 0.8107 3.3966, 3.4815 0.8943 3.3065, 3.4766 0.9687 3.2073, 3.4717 1.0323 3.1003, 3.4357 1.0958 2.1617, 3.4308 1.0473 2.0476, 3.4259 0.9868 1.9388, 3.421 0.9152 1.8373, 3.4163 0.8339 1.7447, 3.4117 0.7445 1.6622, 3.4074 0.6488 1.5907, 3.4033 0.5484 1.5306, 3.3946 0.3269 1.4403, 3.3991 0.4411 1.4802, 3.3752 -0.1638 1.4051, 3.3705 -0.2848 1.4288, 3.3616 -0.5111 1.5115, 3.3659 -0.4011 1.4647, 3.3575 -0.6135 1.568, 3.3533 -0.711 1.6354, 3.3488 -0.8029 1.7141, 3.3392 -0.9625 1.9017, 3.3343 -1.0271 2.0081, 3.3295 -1.0799 2.1206, 3.3247 -1.1202 2.2371, 3.3201 -1.1477 2.3557, 3.2983 -1.0994 2.9461, 3.2934 -1.0521 3.0606, 3.2885 -0.9926 3.17, 3.2789 -0.8414 3.3656, 3.2837 -0.922 3.2722, 3.2743 -0.7526 3.449, 3.2699 -0.6574 3.5215, 3.2659 -0.5576 3.5826, 3.2617 -0.4509 3.6339, 3.2525 -0.2181 3.704, 3.2572 -0.3372 3.6748, 3.2428 0.0291 3.7243, 3.2477 -0.0953 3.7207, 3.2241 0.5016 3.6112, 3.2201 0.6047 3.5555, 3.2159 0.7026 3.4891, 3.2114 0.795 3.4114, 3.2019 0.9563 3.2255, 3.2067 0.8802 3.3232, 3.197 1.0219 3.1197, 3.1921 1.0758 3.0077, 3.1827 1.1458 2.7729, 3.1873 1.1172 2.8914, 3.1783 1.1617 2.6542, 3.1743 1.1654 2.537, 3.1701 1.1571 2.4191, 3.1561 1.0568 2.0674, 3.1512 0.9984 1.9576, 3.1463 0.9286 1.8547, 3.1369 0.7608 1.676, 3.1415 0.8489 1.7604, 3.1325 0.6661 1.6026, 3.1284 0.5666 1.5405, 3.1198 0.3475 1.4465, 3.1243 0.4606 1.4884, 3.1151 0.2288 1.4162, 3.1103 0.1063 1.3983, 3.1054 -0.018 1.3936, 3.1005 -0.1421 1.4022, 3.074 -0.7871 1.6994, 3.0693 -0.873 1.7867, 3.0547 -1.0715 2.1003, 3.0499 -1.114 2.2163, 3.0409 -1.1608 2.4535, 3.0453 -1.1438 2.3347, 3.0368 -1.1655 2.5708, 3.0327 -1.1584 2.6885, 3.0282 -1.1388 2.8073, 3.0235 -1.1065 2.9254, 3.0187 -1.0614 3.0407, 2.9951 -0.6747 3.5095, 2.991 -0.5756 3.5726, 2.9868 -0.4703 3.6255, 2.9778 -0.2395 3.6998, 2.9824 -0.3578 3.6684, 2.9729 -0.1172 3.7187, 2.968 0.007 3.7246, 2.9583 0.2531 3.6968, 2.9631 0.1312 3.7172, 2.9537 0.3708 3.6641, 2.9493 0.4826 3.62, 2.9452 0.587 3.566, 2.941 0.6856 3.5017, 2.9271 0.9435 3.2434, 2.9223 1.0111 3.1389, 2.9125 1.1108 2.9122, 2.9174 1.0671 3.0279, 2.9079 1.1417 2.7939, 2.9035 1.1598 2.6751, 2.8994 1.1656 2.5577, 2.8952 1.1595 2.4401, 2.8908 1.1411 2.3213, 2.8814 1.0659 2.0875, 2.8862 1.1099 2.203, 2.8765 1.0096 1.9766, 2.8716 0.9418 1.8723, 2.845 0.368 1.4531, 2.8404 0.2502 1.4206, 2.8307 0.004 1.3935, 2.8258 -0.1202 1.3997, 2.8163 -0.3606 1.4507, 2.821 -0.2424 1.419, 2.8119 -0.473 1.4938, 2.8077 -0.5781 1.5469, 2.8036 -0.677 1.6103, 2.7992 -0.7711 1.685, 2.7705 -1.1394 2.3136, 2.7661 -1.1587 2.4325, 2.7534 -1.1432 2.7863, 2.7488 -1.1132 2.9047, 2.744 -1.0703 3.0206, 2.7391 -1.015 3.132, 2.7342 -0.9482 3.2369, 2.7294 -0.871 3.3336, 2.7247 -0.7849 3.4207, 2.7203 -0.6918 3.4971, 2.7161 -0.5934 3.5623, 2.6933 -0.015 3.7245, 2.6884 0.1093 3.7195, 2.6836 0.2317 3.7014, 2.6789 0.3504 3.6707, 2.6745 0.4633 3.6286, 2.6703 0.5691 3.5763, 2.6662 0.6684 3.5139, 2.6572 0.8509 3.3556, 2.6618 0.763 3.4402, 2.6524 0.9305 3.2611, 2.6475 0.9999 3.158, 2.6378 1.104 2.933, 2.6426 1.0581 3.048, 2.616 1.1452 2.3423, 2.6114 1.1163 2.2238, 2.6066 1.0746 2.1076, 4.0525 1.0714 2.7567, 4.0502 1.0818 2.7001, 4.0478 1.0867 2.6386, 4.046 1.0906 2.5896, 4.0239 0.9677 2.0567, 4.0233 0.9615 2.0436, 4.0187 0.9047 1.9499, 4.0184 0.9011 1.944, 4.0136 0.8307 1.8518, 4.0044 0.6657 1.6947, 4.0086 0.7457 1.7632, 4.0089 0.7517 1.7683, 4.0038 0.6534 1.6862, 3.9961 0.4786 1.5786, 3.9993 0.5556 1.6211, 4.0002 0.5745 1.6316, 3.995 0.4518 1.5672, 3.9872 0.2668 1.5012, 3.9903 0.3403 1.5239, 3.9918 0.3757 1.5348, 3.9853 0.2227 1.4925, 3.9824 0.1536 1.4789, 3.9802 0.1009 1.4743, 3.9775 0.0378 1.4687, 3.975 -0.0228 1.4699, 3.9726 -0.0787 1.4709, 3.9698 -0.1461 1.4794, 3.9678 -0.1938 1.4854, 3.9464 -0.6882 1.7131, 3.9366 -0.8565 1.8833, 3.9414 -0.7803 1.7966, 3.9415 -0.7779 1.7944, 3.946 -0.6966 1.7194, 3.9364 -0.8589 1.8866, 3.9268 -0.9802 2.0801, 3.9313 -0.9292 1.9884, 3.9317 -0.9235 1.9783, 3.926 -0.9877 2.0977, 3.9173 -1.059 2.2969, 3.9209 -1.0332 2.2122, 3.922 -1.0256 2.1869, 3.9159 -1.0654 2.3297, 3.9085 -1.0902 2.5188, 3.9112 -1.084 2.448, 3.9128 -1.0805 2.4082, 3.9068 -1.0896 2.5649, 3.9045 -1.0888 2.6283, 3.9024 -1.0826 2.682, 3.9002 -1.076 2.7393, 3.8977 -1.0625 2.8003, 3.8956 -1.0514 2.8504, 3.8927 -1.0289 2.9175, 3.8908 -1.0147 2.9597, 3.8721 -0.7688 3.3322, 3.8715 -0.759 3.3428, 3.8672 -0.6788 3.4127, 3.867 -0.6735 3.4173, 3.8627 -0.5827 3.4814, 3.8544 -0.3851 3.5798, 3.8584 -0.4806 3.5381, 3.8587 -0.4874 3.5351, 3.8538 -0.371 3.5843, 3.845 -0.1638 3.6377, 3.8489 -0.2547 3.6189, 3.8498 -0.2767 3.6144, 3.8438 -0.1338 3.6406, 3.8353 0.0684 3.6479, 3.8386 -0.0103 3.6486, 3.8402 -0.0481 3.649, 3.8334 0.1133 3.6427, 3.8304 0.1838 3.6345, 3.8283 0.2348 3.6229, 3.8257 0.296 3.6091, 3.8233 0.3518 3.5902, 3.8212 0.4034 3.5727, 3.8187 0.4625 3.5456, 3.8169 0.5045 3.5264, 3.7949 0.9115 3.1576, 3.7846 1.022 2.9408, 3.7895 0.9756 3.0473, 3.7896 0.9738 3.0505, 3.7944 0.918 3.1486, 3.7845 1.0232 2.9372, 3.7754 1.0791 2.7198, 3.7794 1.0588 2.8201, 3.7799 1.0566 2.831, 3.7747 1.0808 2.7017, 3.767 1.0894 2.4996, 3.7702 1.0897 2.5842, 3.7711 1.0898 2.609, 3.7658 1.086 2.4676, 3.7582 1.054 2.2775, 3.7612 1.0693 2.3494, 3.7628 1.0776 2.3887, 3.7562 1.0392 2.2317, 3.7535 1.0185 2.1679, 3.7511 0.9956 2.1167, 3.7486 0.9711 2.0618, 3.7459 0.939 2.0066, 3.7437 0.9125 1.9611, 3.7407 0.8704 1.9037, 3.7388 0.8438 1.8675, 3.7218 0.5084 1.5945, 3.7077 0.1739 1.482, 3.7124 0.2865 1.5064, 3.717 0.3944 1.5418, 3.7172 0.401 1.5448, 3.7212 0.4961 1.5874, 3.7074 0.1665 1.4812, 3.6979 -0.0581 1.4696, 3.7022 0.0434 1.4696, 3.7028 0.0584 1.4696, 3.697 -0.0804 1.472, 3.6883 -0.2862 1.5063, 3.6918 -0.2027 1.4883, 3.693 -0.1736 1.482, 3.6868 -0.3211 1.5178, 3.6795 -0.4959 1.5873, 3.6821 -0.4337 1.5594, 3.6838 -0.3942 1.5418, 3.6776 -0.5387 1.6119, 3.6754 -0.5907 1.6418, 3.6732 -0.637 1.6751, 3.6712 -0.6811 1.7068, 3.6685 -0.7302 1.7504, 3.6666 -0.766 1.7822, 3.643 -1.0505 2.2666, 3.6337 -1.0894 2.4993, 3.638 -1.0776 2.3885, 3.6381 -1.0768 2.3847, 3.6425 -1.054 2.2773, 3.6335 -1.0894 2.5027, 3.6254 -1.0791 2.7195, 3.6292 -1.0888 2.6192, 3.6296 -1.0899 2.6088, 3.6246 -1.0756 2.7371, 3.6161 -1.0221 2.9406, 3.6198 -1.0489 2.8552, 3.6208 -1.0566 2.8308, 3.6147 -1.0088 2.9712, 3.6063 -0.9182 3.1483, 3.6095 -0.9554 3.0828, 3.6112 -0.9758 3.0471, 3.6043 -0.8898 3.1877, 3.6015 -0.8503 3.2427, 3.5992 -0.8131 3.2841, 3.5967 -0.7734 3.3286, 3.5942 -0.7272 3.3704, 3.5922 -0.6891 3.4049, 3.5709 -0.1989 3.6311, 3.5557 0.1635 3.6377, 3.5605 0.0478 3.649, 3.5654 -0.0687 3.6479, 3.5658 -0.0765 3.647, 3.5703 -0.184 3.6344, 3.5554 0.1705 3.6363, 3.5464 0.3848 3.5799, 3.5503 0.2902 3.6101, 3.5509 0.2764 3.6144, 3.5455 0.4045 3.5713, 3.538 0.5825 3.4815, 3.541 0.5116 3.5215, 3.542 0.4871 3.5352, 3.5367 0.6113 3.4612, 3.5292 0.7588 3.343, 3.532 0.7059 3.389, 3.5337 0.6733 3.4175, 3.5271 0.7938 3.3053, 3.5245 0.8371 3.2587, 3.522 0.8727 3.2112, 3.5197 0.9067 3.1658, 3.5168 0.9411 3.108, 3.5148 0.9662 3.0657, 3.4926 1.0901 2.5301, 3.4834 1.0591 2.2972, 3.4879 1.0805 2.4084, 3.4881 1.0809 2.4125, 3.4922 1.0903 2.519, 3.4833 1.0582 2.2941, 3.4739 0.9803 2.0803, 3.4783 1.0215 2.1773, 3.4787 1.0256 2.1871, 3.4731 0.9714 2.0643, 3.4641 0.8567 1.8835, 3.4679 0.9088 1.9574, 3.469 0.9237 1.9785, 3.4627 0.8348 1.8586, 3.4548 0.6968 1.7196, 3.4577 0.7511 1.7696, 3.4593 0.7805 1.7968, 3.453 0.6595 1.6917, 3.4504 0.6073 1.6527, 3.4485 0.5621 1.6256, 3.4464 0.5133 1.5964, 3.4441 0.459 1.5709, 3.4421 0.4129 1.5492, 3.4394 0.3481 1.5266, 3.4376 0.306 1.5119, 3.419 -0.1378 1.4775, 3.4046 -0.4784 1.5785, 3.409 -0.3755 1.5347, 3.4135 -0.2666 1.5011, 3.4139 -0.2587 1.4996, 3.4183 -0.1534 1.4789, 3.4044 -0.4841 1.5817, 3.3963 -0.6655 1.6945, 3.4 -0.5854 1.6392, 3.4006 -0.5743 1.6314, 3.3955 -0.6815 1.7083, 3.3871 -0.8305 1.8516, 3.3907 -0.7713 1.7891, 3.3918 -0.7515 1.7682, 3.3856 -0.8527 1.8807, 3.3774 -0.9614 2.0433, 3.3804 -0.924 1.9817, 3.3823 -0.9009 1.9438, 3.3752 -0.9835 2.0903, 3.3725 -1.0108 2.1486, 3.3701 -1.0301 2.2044, 3.3677 -1.0485 2.2577, 3.3651 -1.0634 2.3217, 3.3632 -1.0743 2.3688, 3.3418 -1.0324 2.9099, 3.3316 -0.9291 3.1309, 3.3365 -0.9848 3.0286, 3.3367 -0.9865 3.0244, 3.3414 -1.0291 2.9213, 3.3315 -0.9274 3.1333, 3.322 -0.7876 3.314, 3.3263 -0.8562 3.2344, 3.3267 -0.863 3.2265, 3.3212 -0.7747 3.3261, 3.313 -0.6154 3.4599, 3.3164 -0.6848 3.4071, 3.3174 -0.7045 3.3921, 3.3118 -0.5887 3.4762, 3.3047 -0.422 3.5651, 3.3075 -0.4874 3.5337, 3.3089 -0.5219 3.5171, 3.3029 -0.3784 3.5808, 3.3003 -0.3157 3.6034, 3.298 -0.2627 3.6164, 3.2956 -0.2041 3.6308, 3.2929 -0.1421 3.6392, 3.2907 -0.0892 3.6464, 3.2878 -0.0188 3.6484, 3.2858 0.0272 3.6497, 3.2678 0.4555 3.5497, 3.2545 0.7441 3.3569, 3.2589 0.6576 3.4296, 3.2631 0.566 3.4917, 3.2634 0.5591 3.4955, 3.2672 0.4695 3.5438, 3.2542 0.7486 3.3523, 3.2449 0.8951 3.1828, 3.2492 0.8324 3.2633, 3.2498 0.8238 3.2743, 3.244 0.9064 3.1645, 3.2351 1.0069 2.979, 3.2388 0.9691 3.0576, 3.24 0.9565 3.0838, 3.2336 1.0191 2.9447, 3.2258 1.0725 2.7592, 3.2286 1.0559 2.828, 3.2304 1.0457 2.8702, 3.2238 1.0791 2.7097, 3.2214 1.0874 2.6481, 3.2193 1.0891 2.5921, 3.2173 1.0908 2.5384, 3.2149 1.0864 2.4756, 3.2131 1.0831 2.4281, 3.2003 0.9994 2.1242, 3.1991 0.9892 2.0989, 3.1951 0.9438 2.0136, 3.1942 0.9345 1.9961, 3.1899 0.8761 1.9099, 3.18 0.7121 1.7325, 3.1846 0.7946 1.8115, 3.1848 0.7977 1.8151, 3.1894 0.8692 1.8997, 3.1799 0.7101 1.7309, 3.1715 0.5304 1.6057, 3.1752 0.6152 1.6586, 3.1756 0.6235 1.6638, 3.1709 0.5155 1.5983, 3.1629 0.3253 1.5177, 3.1664 0.4084 1.5485, 3.1673 0.4312 1.5569, 3.1616 0.2943 1.5098, 3.1534 0.0995 1.4726, 3.1565 0.1747 1.4836, 3.1582 0.2142 1.4893, 3.1514 0.0519 1.4708, 3.1485 -0.0169 1.4682, 3.1461 -0.072 1.472, 3.1436 -0.133 1.4762, 3.141 -0.1944 1.4871, 3.1388 -0.2468 1.4964, 3.136 -0.3132 1.5155, 3.1342 -0.3566 1.528, 3.1177 -0.7245 1.7443, 3.1027 -0.9515 2.0253, 3.1076 -0.8892 1.9269, 3.1124 -0.8171 1.8361, 3.1127 -0.811 1.83, 3.1171 -0.7367 1.7544, 3.1024 -0.9543 2.0309, 3.093 -1.0427 2.2382, 3.0972 -1.0077 2.1425, 3.0978 -1.0029 2.1296, 3.0921 -1.0479 2.2586, 3.084 -1.0865 2.4602, 3.0873 -1.0745 2.3767, 3.0884 -1.0706 2.349, 3.0827 -1.0879 2.4947, 3.0757 -1.0842 2.6802, 3.0783 -1.0884 2.6111, 3.0799 -1.0909 2.57, 3.0738 -1.0762 2.7289, 3.0713 -1.0659 2.7915, 3.0689 -1.0507 2.8471, 3.0666 -1.0357 2.902, 3.0639 -1.0117 2.9633, 3.0618 -0.9935 3.0099, 3.0386 -0.641 3.4412, 3.0299 -0.4402 3.5573, 3.0341 -0.5388 3.5077, 3.0342 -0.5428 3.5052, 3.0382 -0.6315 3.4487, 3.0298 -0.4381 3.5581, 3.0208 -0.2242 3.6268, 3.0251 -0.3256 3.5998, 3.0255 -0.3349 3.5974, 3.0201 -0.2072 3.6294, 3.0111 0.0066 3.65, 3.015 -0.0849 3.6457, 3.016 -0.1097 3.6445, 3.0097 0.0389 3.6481, 3.0014 0.2369 3.624, 3.0046 0.162 3.6366, 3.0062 0.1228 3.6431, 2.9995 0.2819 3.6115, 2.9968 0.3471 3.5934, 2.9947 0.3967 3.5738, 2.9924 0.4517 3.5521, 2.9901 0.5044 3.5249, 2.9882 0.5494 3.5016, 2.9858 0.6046 3.4656, 2.9841 0.6417 3.4414, 2.9712 0.8681 3.2182, 2.9702 0.8832 3.1996, 2.966 0.9374 3.1157, 2.9653 0.9464 3.1018, 2.951 1.0686 2.7789, 2.9556 1.0397 2.8896, 2.9604 0.9988 2.9979, 2.9608 0.9948 3.0059, 2.9507 1.0695 2.7731, 2.9424 1.091 2.5577, 2.9461 1.0862 2.6548, 2.9466 1.0856 2.6677, 2.9417 1.09 2.5381, 2.9339 1.068 2.3365, 2.9372 1.0811 2.4207, 2.9383 1.0853 2.4477, 2.9325 1.0591 2.3025, 2.9244 0.9977 2.1176, 2.9274 1.0235 2.1855, 2.9292 1.0389 2.2258, 2.9223 0.9746 2.0722, 2.9195 0.945 2.0138, 2.9171 0.9131 1.9648, 2.9146 0.8815 1.9162, 2.9119 0.84 1.8652, 2.9098 0.8084 1.8265, 2.8886 0.3562 1.5285, 2.8786 0.12 1.4747, 2.8834 0.2342 1.4935, 2.8837 0.2393 1.4949, 2.8881 0.3445 1.5239, 2.8785 0.1179 1.4746, 2.8688 -0.1125 1.4739, 2.8733 -0.0058 1.4686, 2.8737 0.0038 1.4681, 2.8681 -0.1294 1.4765, 2.8594 -0.3375 1.5216, 2.863 -0.2504 1.4982, 2.864 -0.2269 1.4919, 2.8581 -0.3667 1.5328, 2.8508 -0.5411 1.6117, 2.8535 -0.4764 1.579, 2.8549 -0.4427 1.5619, 2.8491 -0.5783 1.6355, 2.8467 -0.6337 1.671, 2.8446 -0.6748 1.7036, 2.8423 -0.7217 1.7409, 2.8398 -0.7652 1.7835, 2.8376 -0.8034 1.821, 2.8348 -0.8474 1.8742, 2.8328 -0.8771 1.9102, 2.8142 -1.0622 2.3135, 2.8009 -1.0863 2.6606, 2.805 -1.091 2.5507, 2.8091 -1.0845 2.4406, 2.8095 -1.0831 2.4318, 2.8136 -1.0665 2.3293, 2.8007 -1.0855 2.6659, 2.7919 -1.0419 2.8826, 2.796 -1.0669 2.7842, 2.7965 -1.0701 2.7718, 2.791 -1.0348 2.9018, 2.7822 -0.9501 3.0953, 2.7859 -0.9893 3.0163, 2.7871 -1.0018 2.9911, 2.7807 -0.9309 3.1255, 2.7724 -0.8152 3.2841, 2.7755 -0.8606 3.2272, 2.7773 -0.8875 3.1935, 2.7704 -0.78 3.3197, 2.7678 -0.7347 3.3656, 2.7655 -0.6909 3.4015, 2.7633 -0.6475 3.4371, 2.761 -0.5953 3.4717, 2.7592 -0.5555 3.4981, 2.7369 -0.0272 3.6491, 2.7267 0.2169 3.6283, 2.7315 0.1023 3.6452, 2.7317 0.0966 3.6455, 2.7364 -0.0141 3.65, 2.7266 0.2186 3.6278, 2.7175 0.4337 3.5602, 2.7216 0.3364 3.5964, 2.722 0.3279 3.5996, 2.7169 0.4481 3.553, 2.7093 0.6257 3.4528, 2.7125 0.5519 3.4991, 2.7134 0.5327 3.5112, 2.7081 0.6497 3.4341, 2.7003 0.7965 3.3046, 2.7033 0.7418 3.3572, 2.7049 0.7142 3.3838, 2.6983 0.8263 3.2691, 2.6955 0.8709 3.2161, 2.6932 0.9012 3.1712, 2.6906 0.9359 3.1196, 2.688 0.9649 3.0649, 2.6857 0.9904 3.0167, 2.6828 1.016 2.9525, 2.6809 1.0333 2.909, 2.6595 1.0732 2.3654, 2.6497 1.0058 2.1365, 2.6545 1.0449 2.2453, 2.6546 1.0454 2.2473, 2.6591 1.072 2.3562, 2.6495 1.0035 2.1317, 2.6399 0.8935 1.933, 2.6443 0.9483 2.0208, 2.6448 0.9551 2.0318, 2.6391 0.8809 1.9169, 2.6304 0.7421 1.7593, 2.6339 0.8028 1.8219, 2.6351 0.822 1.8417, 2.629 0.7156 1.7372, 2.6217 0.5638 1.625, 2.6244 0.6214 1.6639, 2.6259 0.6554 1.6869, 2.62 0.5222 1.6027, 2.6177 0.4671 1.5731, 2.6155 0.4158 1.552, 2.6133 0.3635 1.5304, 2.6107 0.3022 1.5123, 2.6087 0.254 1.4981, 2.5901 -0.1863 1.485, 2.5893 -0.2069 1.4879, 2.5851 -0.3055 1.5123, 2.5846 -0.3183 1.5155, 2.5803 -0.4191 1.5521, 2.5801 -0.4245 1.5541, 2.5759 -0.5242 1.6023, 2.5675 -0.7066 1.7278, 2.5715 -0.6244 1.6649, 2.5718 -0.6176 1.6597, 2.5668 -0.7183 1.7388, 2.5581 -0.8647 1.8938, 2.5619 -0.8049 1.8241, 2.5629 -0.7895 1.8061, 2.5568 -0.8825 1.9197, 2.5483 -0.986 2.0921, 2.5516 -0.9492 2.024, 2.5532 -0.9306 1.9896, 2.5464 -1.0036 2.1351, 2.5435 -1.03 2.1994, 2.5413 -1.045 2.2508, 2.5388 -1.0621 2.3097, 2.5364 -1.0728 2.3687, 2.5343 -1.0822 2.4209, 2.5318 -1.0872 2.4868, 3.1714 -0.9531 2.0284, 3.1713 -0.9545 2.0307, 3.1369 -0.9545 2.0307, 3.4005 -0.9292 3.1304, 3.4004 -0.9276 3.1334, 3.3659 -0.9276 3.1334, 3.9362 -0.6808 3.4114, 3.9361 -0.679 3.413, 3.9017 -0.679 3.413, 3.2143 0.7101 1.7308, 3.2934 0.6569 3.4301, 2.4296 1.086 2.6629, 4.083 0.8381 1.8615, 4.048 0.8303 1.8514, 4.0532 0.905 1.9498, 4.0584 0.9683 2.0564, 4.0636 1.019 2.1692, 4.0686 1.0563 2.286, 4.0734 1.08 2.4044, 4.0819 1.0856 2.6386, 4.0779 1.0904 2.5221, 2.4444 0.9917 3.0139, 2.4393 1.0367 2.899, 2.4343 1.0681 2.7813, 2.4253 1.0909 2.546, 2.4208 1.0832 2.4287, 2.4161 1.0622 2.3102, 2.4383 0.9557 2.0364, 2.4351 0.919 1.971, 2.4334 0.8946 1.9374, 2.43 0.8465 1.8708, 2.4286 0.8237 1.8458, 2.4249 0.764 1.7802, 2.4239 0.7443 1.7629, 2.4201 0.6732 1.7006, 2.4194 0.658 1.6899, 2.4156 0.5764 1.6328, 2.4152 0.5667 1.6273, 4.043 0.7459 1.7629, 4.0382 0.6538 1.6857, 4.0338 0.556 1.6204, 4.0294 0.4523 1.5662, 4.0247 0.3407 1.5226, 4.0198 0.223 1.4911, 4.0146 0.101 1.4728, 4.0094 -0.0228 1.4683, 4.0042 -0.1463 1.4779, 3.9992 -0.2669 1.5012, 3.9943 -0.3826 1.5374, 3.9897 -0.4914 1.585, 3.9854 -0.5925 1.643, 3.9808 -0.6885 1.7127, 3.9709 -0.859 1.8865, 3.976 -0.778 1.7942, 3.9657 -0.9297 1.9882, 3.9605 -0.9885 2.0973, 3.9553 -1.0343 2.2119, 3.9504 -1.0666 2.3295, 3.9457 -1.0853 2.4479, 3.9413 -1.091 2.5649, 3.9369 -1.084 2.6821, 3.9321 -1.0639 2.8006, 3.9271 -1.0302 2.918, 3.922 -0.9831 3.0321, 3.9168 -0.9231 3.1406, 3.9116 -0.8513 3.2414, 3.9065 -0.7693 3.3326, 3.8972 -0.5825 3.4815, 3.8928 -0.4808 3.5384, 3.8882 -0.3712 3.585, 3.8833 -0.2549 3.6198, 3.8782 -0.1339 3.6418, 3.873 -0.0103 3.65, 3.8678 0.1135 3.6441, 3.8627 0.2351 3.6244, 3.8531 0.4631 3.5469, 3.8578 0.3523 3.5916, 3.8488 0.5661 3.4917, 3.8443 0.6634 3.4252, 3.8395 0.7549 3.3467, 3.8345 0.8383 3.2572, 3.8293 0.9119 3.1579, 3.8241 0.974 3.0506, 3.8189 1.0233 2.9372, 3.8139 1.0593 2.8202, 3.8091 1.0816 2.7018, 3.8046 1.0907 2.5842, 3.8003 1.0871 2.4675, 3.7956 1.0706 2.3492, 3.7907 1.0406 2.2312, 3.7804 0.9403 2.0058, 3.7856 0.997 2.116, 3.7752 0.8715 1.9028, 3.7701 0.7921 1.8088, 3.7652 0.7039 1.7255, 3.7605 0.6088 1.6537, 3.7562 0.5087 1.5939, 3.7517 0.4012 1.5445, 3.7469 0.2865 1.5064, 3.7418 0.1666 1.4809, 3.7366 0.0434 1.4689, 3.7314 -0.0805 1.471, 3.7263 -0.203 1.4871, 3.7213 -0.3215 1.5165, 3.7165 -0.4342 1.5582, 3.7121 -0.5393 1.6107, 3.703 -0.7311 1.7493, 3.7077 -0.6379 1.674, 3.698 -0.8169 1.836, 3.6929 -0.8933 1.9328, 3.6877 -0.9586 2.0382, 3.6825 -1.0115 2.1501, 3.6726 -1.077 2.3847, 3.6774 -1.051 2.2664, 3.6637 -1.0893 2.6192, 3.668 -1.0895 2.5027, 3.6591 -1.0763 2.7373, 3.6542 -1.0499 2.8555, 3.6492 -1.0099 2.9717, 3.644 -0.9567 3.0835, 3.6387 -0.891 3.1886, 3.6336 -0.8143 3.2852, 3.6286 -0.7282 3.3715, 3.6239 -0.6347 3.4464, 3.6196 -0.536 3.5093, 3.6151 -0.4307 3.5614, 3.6104 -0.3178 3.6027, 3.6054 -0.199 3.6317, 3.6002 -0.0765 3.6474, 3.595 0.0475 3.649, 3.5898 0.1705 3.6366, 3.5848 0.2904 3.6107, 3.58 0.4048 3.5722, 3.5754 0.5121 3.5224, 3.5711 0.612 3.4622, 3.5665 0.7069 3.3901, 3.5616 0.7949 3.3064, 3.5513 0.9424 3.1088, 3.5565 0.874 3.2121, 3.5461 0.9986 2.9984, 3.541 1.0418 2.8831, 3.536 1.0714 2.7651, 3.5314 1.0875 2.6468, 3.5226 1.0811 2.4125, 3.527 1.0906 2.5301, 3.5178 1.0583 2.2941, 3.5127 1.0219 2.1771, 3.5076 0.9722 2.0639, 3.5023 0.9097 1.9568, 3.4972 0.8358 1.8578, 3.4922 0.752 1.7686, 3.4874 0.6603 1.6906, 3.4829 0.5628 1.6244, 3.4786 0.4596 1.5696, 3.4739 0.3486 1.5252, 3.4689 0.2312 1.4928, 3.4638 0.1095 1.4736, 3.4586 -0.0144 1.4682, 3.4534 -0.1379 1.4768, 3.4483 -0.2588 1.4992, 3.4434 -0.3749 1.5345, 3.4388 -0.4842 1.5814, 3.4345 -0.5858 1.6387, 3.43 -0.6821 1.7076, 3.4251 -0.7721 1.7883, 3.4201 -0.8538 1.8799, 3.4149 -0.9252 1.9809, 3.4097 -0.9848 2.0897, 3.4045 -1.0316 2.2039, 3.3995 -1.0648 2.3214, 3.3948 -1.0845 2.4398, 3.3904 -1.091 2.557, 3.386 -1.0849 2.6741, 3.3813 -1.0657 2.7925, 3.3763 -1.033 2.9101, 3.3711 -0.9867 3.0245, 3.3607 -0.8566 3.2348, 3.3557 -0.7752 3.3267, 3.3508 -0.6854 3.4078, 3.3463 -0.5893 3.4772, 3.342 -0.488 3.5348, 3.3374 -0.3789 3.5821, 3.3325 -0.2631 3.6179, 3.3222 -0.0188 3.6499, 3.3274 -0.1423 3.6407, 3.317 0.1051 3.645, 3.3119 0.2269 3.6262, 3.3069 0.3445 3.5942, 3.3022 0.4558 3.5503, 3.2979 0.5592 3.4958, 3.2886 0.7488 3.3525, 3.2836 0.8329 3.2637, 3.2785 0.9072 3.165, 3.2733 0.9701 3.0581, 3.2681 1.0204 2.9451, 3.263 1.0572 2.8283, 3.2582 1.0805 2.7099, 3.2537 1.0905 2.5922, 3.2494 1.0878 2.4755, 3.2448 1.0722 2.3573, 3.2398 1.0431 2.2393, 3.2347 1.0004 2.1238, 3.2295 0.9446 2.0132, 3.2243 0.8766 1.9096, 3.2192 0.7979 1.815, 3.2097 0.6155 1.6583, 3.2053 0.5158 1.5977, 3.2008 0.4088 1.5475, 3.196 0.2946 1.5086, 3.191 0.1749 1.4822, 3.1858 0.0519 1.4693, 3.1806 -0.0721 1.4705, 3.1754 -0.1947 1.4856, 3.1704 -0.3136 1.5141, 3.1657 -0.4268 1.555, 3.1612 -0.5324 1.6068, 3.1568 -0.6313 1.6693, 3.1522 -0.725 1.7438, 3.1472 -0.8113 1.8297, 3.1421 -0.8885 1.9259, 3.1317 -1.0083 2.1423, 3.1266 -1.0487 2.2584, 3.1217 -1.0756 2.3766, 3.1171 -1.0891 2.4947, 3.1128 -1.0897 2.6112, 3.1082 -1.0776 2.7292, 3.1034 -1.0522 2.8475, 3.0983 -1.0131 2.9639, 3.0931 -0.9607 3.076, 3.0879 -0.8959 3.1817, 3.0828 -0.8198 3.2789, 3.0778 -0.7343 3.3659, 3.0731 -0.6413 3.4416, 3.0687 -0.5429 3.5054, 3.0643 -0.4381 3.5582, 3.0595 -0.3257 3.6003, 3.0546 -0.2073 3.6302, 3.0494 -0.085 3.6467, 3.0442 0.039 3.6494, 3.039 0.1622 3.6379, 3.0339 0.2823 3.6129, 3.0291 0.3972 3.5752, 3.0246 0.505 3.5261, 3.0202 0.6053 3.4667, 3.0156 0.7006 3.3954, 3.0108 0.7891 3.3124, 3.0057 0.8689 3.2189, 2.9952 0.9952 3.0061, 3.0005 0.9381 3.1161, 2.9901 1.0392 2.8911, 2.9852 1.0698 2.7732, 2.9805 1.0868 2.6548, 2.9762 1.0908 2.5381, 2.9717 1.0822 2.4206, 2.9669 1.0603 2.3021, 2.9619 1.0249 2.185, 2.9567 0.976 2.0715, 2.9463 0.8412 1.8643, 2.9515 0.9144 1.9639, 2.9413 0.758 1.7744, 2.9365 0.6668 1.6955, 2.932 0.5696 1.6286, 2.9277 0.4669 1.573, 2.923 0.3564 1.5279, 2.9181 0.2394 1.4947, 2.913 0.1179 1.4745, 2.9078 -0.0059 1.4681, 2.9026 -0.1295 1.4758, 2.8975 -0.2507 1.4973, 2.8926 -0.3671 1.5317, 2.8879 -0.477 1.5779, 2.8836 -0.579 1.6344, 2.8791 -0.6757 1.7025, 2.8743 -0.7662 1.7824, 2.8692 -0.8485 1.8733, 2.8641 -0.9207 1.9738, 2.8588 -0.9812 2.082, 2.8537 -1.0288 2.196, 2.8487 -1.0629 2.3133, 2.8439 -1.0835 2.4317, 2.8395 -1.0909 2.549, 2.8351 -1.0857 2.666, 2.8304 -1.0675 2.7844, 2.8255 -1.0357 2.9021, 2.8203 -0.9903 3.0168, 2.8151 -0.932 3.1262, 2.8099 -0.8618 3.2281, 2.8048 -0.7811 3.3208, 2.7954 -0.596 3.4728, 2.8 -0.6918 3.4027, 2.7911 -0.4952 3.5312, 2.7865 -0.3866 3.5792, 2.7816 -0.2712 3.6158, 2.7766 -0.1507 3.6396, 2.7662 0.0966 3.6458, 2.7714 -0.0273 3.6497, 2.7561 0.3366 3.5968, 2.761 0.2187 3.6279, 2.7514 0.4484 3.5536, 2.747 0.5524 3.4999, 2.7425 0.6504 3.435, 2.7378 0.7428 3.3582, 2.7328 0.8275 3.2701, 2.7277 0.9025 3.172, 2.7173 1.0174 2.953, 2.7224 0.9662 3.0657, 2.7122 1.0552 2.8364, 2.7074 1.0794 2.718, 2.7029 1.0902 2.6002, 2.6985 1.0884 2.4836, 2.6939 1.0737 2.3654, 2.689 1.0455 2.2473, 2.6839 1.0037 2.1315, 2.6787 0.9488 2.0205, 2.6735 0.8816 1.9164, 2.6684 0.8036 1.8211, 2.6634 0.7164 1.7362, 2.6588 0.6221 1.6628, 2.6544 0.5228 1.6015, 2.6452 0.3026 1.5109, 2.65 0.4164 1.5506, 2.6402 0.1832 1.4836, 2.635 0.0604 1.4697, 2.6298 -0.0636 1.4699, 2.6246 -0.1864 1.4841, 2.6196 -0.3056 1.5117, 2.6148 -0.4192 1.5518, 2.6103 -0.5254 1.6029, 2.606 -0.6247 1.6646, 2.6013 -0.7187 1.7383, 2.5964 -0.8057 1.8235, 2.5912 -0.8835 1.919, 2.586 -0.9504 2.0233, 2.5808 -1.005 2.1345, 2.5757 -1.0464 2.2503, 2.5662 -1.0886 2.4866, 2.5708 -1.0742 2.3685, 2.5619 -1.0901 2.6032, 2.5574 -1.0789 2.7211, 2.5525 -1.0543 2.8394, 2.5475 -1.0162 2.956, 2.5371 -0.9007 3.1747, 2.5423 -0.9647 3.0685, 2.5269 -0.7404 3.3603, 2.5319 -0.8254 3.2725, 2.5222 -0.6479 3.4368, 2.5178 -0.5498 3.5014, 2.5134 -0.4456 3.5549, 2.5087 -0.3336 3.5978, 2.5037 -0.2155 3.6285, 2.4986 -0.0934 3.646, 2.4934 0.0305 3.6496, 2.4882 0.1538 3.6391, 2.4831 0.2742 3.615, 2.4782 0.3895 3.5781, 2.4737 0.4979 3.5298, 2.4694 0.5986 3.4712, 2.4648 0.6942 3.4007, 2.4599 0.7833 3.3185, 2.4548 0.8637 3.2256, 2.4496 0.9337 3.1234, 4.0824 0.8303 1.8514, 4.0783 0.7596 1.7773, 4.0774 0.7459 1.7629, 4.0737 0.6742 1.7028, 4.0727 0.6538 1.6857, 4.0695 0.5834 1.6387, 4.0683 0.556 1.6204, 4.0654 0.4881 1.585, 4.0639 0.4523 1.5662, 4.0611 0.3859 1.5403, 4.0592 0.3407 1.5226, 4.0565 0.2777 1.5058, 4.0542 0.223 1.4911, 4.0518 0.1649 1.4824, 4.0439 -0.0228 1.4683, 4.0469 0.0494 1.4709, 4.0491 0.101 1.4728, 4.042 -0.067 1.4717, 4.0336 -0.2669 1.5012, 4.0372 -0.1823 1.4849, 4.0387 -0.1463 1.4779, 4.0324 -0.2946 1.5099, 4.0242 -0.4914 1.585, 4.0279 -0.4021 1.5459, 4.0287 -0.3826 1.5374, 4.0236 -0.5034 1.5919, 4.0198 -0.5925 1.643, 4.0196 -0.598 1.647, 4.0153 -0.6883 1.7126, 4.0153 -0.6885 1.7127, 4.0107 -0.7724 1.7892, 4.0104 -0.778 1.7942, 4.006 -0.8491 1.8752, 4.0053 -0.859 1.8865, 4.0011 -0.9168 1.9697, 4.0002 -0.9297 1.9882, 3.9962 -0.9743 2.071, 3.9949 -0.9885 2.0973, 3.9913 -1.0205 2.1775, 3.9898 -1.0343 2.2119, 3.9866 -1.055 2.2872, 3.9848 -1.0666 2.3295, 3.9821 -1.0775 2.3983, 3.9801 -1.0853 2.4479, 3.9778 -1.0883 2.509, 3.9713 -1.084 2.6821, 3.9737 -1.0878 2.6183, 3.9757 -1.091 2.5649, 3.9694 -1.076 2.7291, 3.9616 -1.0302 2.918, 3.9649 -1.0526 2.8402, 3.9666 -1.0639 2.8006, 3.9601 -1.0171 2.9498, 3.9512 -0.9231 3.1406, 3.9553 -0.9699 3.0559, 3.9564 -0.9831 3.0321, 3.9504 -0.9116 3.1567, 3.946 -0.8513 3.2414, 3.9455 -0.8431 3.2505, 3.941 -0.7693 3.3326, 3.9408 -0.7657 3.3358, 3.932 -0.5902 3.4761, 3.9316 -0.5825 3.4815, 3.9279 -0.4951 3.5304, 3.9273 -0.4808 3.5384, 3.9236 -0.3933 3.5756, 3.9227 -0.3712 3.585, 3.9191 -0.2853 3.6107, 3.9178 -0.2549 3.6198, 3.9143 -0.1727 3.6348, 3.9127 -0.1339 3.6418, 3.9095 -0.0572 3.6469, 3.9075 -0.0103 3.65, 3.9046 0.0591 3.6467, 3.8971 0.2351 3.6244, 3.8997 0.1745 3.6342, 3.9023 0.1135 3.6441, 3.895 0.287 3.6099, 3.8875 0.4631 3.5469, 3.8904 0.3948 3.5745, 3.8922 0.3523 3.5916, 3.8861 0.4964 3.529, 3.8787 0.6634 3.4252, 3.882 0.5912 3.4745, 3.8832 0.5661 3.4917, 3.8778 0.6816 3.4095, 3.8689 0.8383 3.2572, 3.8732 0.7666 3.3342, 3.8739 0.7549 3.3467, 3.8685 0.8443 3.2492, 3.8587 0.9716 3.0547, 3.8636 0.9133 3.1556, 3.8638 0.9119 3.1579, 3.8585 0.974 3.0506, 3.8539 1.0185 2.9483, 3.8534 1.0233 2.9372, 3.8491 1.0536 2.8386, 3.8483 1.0593 2.8202, 3.8446 1.0768 2.7274, 3.8435 1.0816 2.7018, 3.8403 1.0882 2.6166, 3.8391 1.0907 2.5842, 3.8362 1.0884 2.5072, 3.8347 1.0871 2.4675, 3.8319 1.0772 2.3965, 3.8301 1.0706 2.3492, 3.8274 1.0544 2.2854, 3.8251 1.0406 2.2312, 3.8227 1.0196 2.1758, 3.8148 0.9403 2.0058, 3.8178 0.9731 2.0695, 3.82 0.997 2.116, 3.8129 0.9153 1.9684, 3.8045 0.7921 1.8088, 3.8081 0.8474 1.8743, 3.8096 0.8715 1.9028, 3.8033 0.7705 1.7885, 3.795 0.6088 1.6537, 3.7988 0.6863 1.7122, 3.7996 0.7039 1.7255, 3.7945 0.5964 1.6463, 3.7861 0.4012 1.5445, 3.7904 0.502 1.5908, 3.7907 0.5087 1.5939, 3.7816 0.2931 1.5085, 3.7813 0.2865 1.5064, 3.7769 0.1806 1.4838, 3.7763 0.1666 1.4809, 3.772 0.0652 1.471, 3.7711 0.0434 1.4689, 3.7671 -0.0513 1.4705, 3.7659 -0.0805 1.471, 3.7622 -0.1668 1.4824, 3.7607 -0.203 1.4871, 3.7575 -0.2795 1.5061, 3.7557 -0.3215 1.5165, 3.7529 -0.3877 1.541, 3.751 -0.4342 1.5582, 3.7486 -0.4897 1.5859, 3.7465 -0.5393 1.6107, 3.7445 -0.5848 1.6399, 3.7375 -0.7311 1.7493, 3.7403 -0.6754 1.7043, 3.7422 -0.6379 1.674, 3.7357 -0.7605 1.779, 3.7273 -0.8933 1.9328, 3.731 -0.8386 1.8634, 3.7325 -0.8169 1.836, 3.7262 -0.908 1.9565, 3.7169 -1.0115 2.1501, 3.7213 -0.9673 2.0567, 3.7221 -0.9586 2.0382, 3.7164 -1.0156 2.1624, 3.7119 -1.051 2.2664, 3.7116 -1.0522 2.2718, 3.7071 -1.0766 2.383, 3.707 -1.077 2.3847, 3.7028 -1.0886 2.494, 3.7024 -1.0895 2.5027, 3.6987 -1.0894 2.6035, 3.6981 -1.0893 2.6192, 3.6944 -1.0789 2.7141, 3.6935 -1.0763 2.7373, 3.6899 -1.0567 2.8253, 3.6887 -1.0499 2.8555, 3.6852 -1.0225 2.9351, 3.6836 -1.0099 2.9717, 3.6803 -0.9766 3.0416, 3.6784 -0.9567 3.0835, 3.6754 -0.9195 3.143, 3.6732 -0.891 3.1886, 3.6706 -0.8521 3.2376, 3.6631 -0.7282 3.3715, 3.6658 -0.7757 3.3238, 3.6681 -0.8143 3.2852, 3.6613 -0.6919 3.4006, 3.654 -0.536 3.5093, 3.657 -0.6022 3.4671, 3.6584 -0.6347 3.4464, 3.6529 -0.5082 3.5231, 3.6448 -0.3178 3.6027, 3.6486 -0.4075 3.5699, 3.6496 -0.4307 3.5614, 3.6441 -0.3004 3.607, 3.6398 -0.199 3.6317, 3.6394 -0.1884 3.6331, 3.6347 -0.0765 3.6474, 3.6345 -0.0732 3.6474, 3.6296 0.0434 3.649, 3.6295 0.0475 3.649, 3.6248 0.1592 3.6378, 3.6243 0.1705 3.6366, 3.62 0.2722 3.6146, 3.6192 0.2904 3.6107, 3.6154 0.3807 3.5803, 3.6144 0.4048 3.5722, 3.6111 0.4831 3.5358, 3.6099 0.5121 3.5224, 3.607 0.5786 3.4823, 3.6056 0.612 3.4622, 3.6028 0.6694 3.4186, 3.6009 0.7069 3.3901, 3.5983 0.7549 3.3444, 3.596 0.7949 3.3064, 3.5936 0.8334 3.2605, 3.5857 0.9424 3.1088, 3.5887 0.9032 3.1679, 3.5909 0.874 3.2121, 3.5838 0.9631 3.0681, 3.5754 1.0418 2.8831, 3.5789 1.012 2.9627, 3.5805 0.9986 2.9984, 3.5742 1.0492 2.8536, 3.5658 1.0875 2.6468, 3.5696 1.0744 2.7426, 3.5705 1.0714 2.7651, 3.5653 1.0879 2.6316, 3.557 1.0811 2.4125, 3.5612 1.09 2.5221, 3.5615 1.0906 2.5301, 3.5525 1.0595 2.3001, 3.5522 1.0583 2.2941, 3.5477 1.026 2.1901, 3.5472 1.0219 2.1771, 3.5429 0.9807 2.0833, 3.542 0.9722 2.0639, 3.538 0.9241 1.9815, 3.5368 0.9097 1.9568, 3.5331 0.8572 1.8865, 3.5316 0.8358 1.8578, 3.5284 0.7812 1.7997, 3.5266 0.752 1.7686, 3.5238 0.6977 1.7224, 3.5218 0.6603 1.6906, 3.5194 0.6084 1.6553, 3.5174 0.5628 1.6244, 3.5153 0.5146 1.5988, 3.5083 0.3486 1.5252, 3.5111 0.4144 1.5515, 3.513 0.4596 1.5696, 3.5066 0.3077 1.514, 3.4983 0.1095 1.4736, 3.5019 0.196 1.4873, 3.5034 0.2312 1.4928, 3.4971 0.081 1.4723, 3.4879 -0.1379 1.4768, 3.4922 -0.0354 1.4696, 3.4931 -0.0144 1.4682, 3.4873 -0.1513 1.4793, 3.4779 -0.3749 1.5345, 3.4825 -0.2647 1.501, 3.4828 -0.2588 1.4992, 3.4736 -0.4767 1.5782, 3.4733 -0.4842 1.5814, 3.4695 -0.5726 1.6313, 3.469 -0.5858 1.6387, 3.4653 -0.6637 1.6944, 3.4644 -0.6821 1.7076, 3.4608 -0.7496 1.7681, 3.4596 -0.7721 1.7883, 3.4561 -0.8285 1.8515, 3.4545 -0.8538 1.8799, 3.4512 -0.8989 1.9436, 3.4493 -0.9252 1.9809, 3.4463 -0.9593 2.0431, 3.4441 -0.9848 2.0897, 3.4415 -1.0088 2.1482, 3.434 -1.0648 2.3214, 3.4367 -1.0466 2.2572, 3.439 -1.0316 2.2039, 3.4321 -1.0725 2.3681, 3.4248 -1.091 2.557, 3.4278 -1.0866 2.479, 3.4292 -1.0845 2.4398, 3.4237 -1.0894 2.5885, 3.4157 -1.0657 2.7925, 3.4194 -1.0809 2.699, 3.4204 -1.0849 2.6741, 3.415 -1.0608 2.8102, 3.4107 -1.033 2.9101, 3.4103 -1.0287 2.9206, 3.4056 -0.9867 3.0245, 3.4054 -0.9848 3.028, 3.3956 -0.8627 3.2259, 3.3952 -0.8566 3.2348, 3.3909 -0.7871 3.3132, 3.3901 -0.7752 3.3267, 3.3863 -0.7039 3.3912, 3.3853 -0.6854 3.4078, 3.3819 -0.6147 3.4588, 3.3807 -0.5893 3.4772, 3.3778 -0.5212 3.5159, 3.3764 -0.488 3.5348, 3.3736 -0.4214 3.5637, 3.3718 -0.3789 3.5821, 3.3691 -0.3151 3.6018, 3.3669 -0.2631 3.6179, 3.3644 -0.2036 3.6291, 3.3567 -0.0188 3.6499, 3.3596 -0.0888 3.6447, 3.3619 -0.1423 3.6407, 3.3547 0.0275 3.6481, 3.3463 0.2269 3.6262, 3.3498 0.1434 3.6391, 3.3514 0.1051 3.645, 3.345 0.2569 3.618, 3.3367 0.4558 3.5503, 3.3404 0.3662 3.5857, 3.3414 0.3445 3.5942, 3.3361 0.4698 3.5429, 3.3323 0.5592 3.4958, 3.332 0.5664 3.491, 3.3279 0.6569 3.4301, 3.3278 0.6582 3.429, 3.3233 0.7446 3.3561, 3.3231 0.7488 3.3525, 3.3186 0.824 3.2731, 3.3181 0.8329 3.2637, 3.3138 0.8949 3.1814, 3.3129 0.9072 3.165, 3.3089 0.956 3.0822, 3.3077 0.9701 3.0581, 3.304 1.0061 2.9773, 3.3025 1.0204 2.9451, 3.2992 1.0446 2.8684, 3.2975 1.0572 2.8283, 3.2946 1.0711 2.7576, 3.2927 1.0805 2.7099, 3.2903 1.0859 2.6465, 3.2882 1.0905 2.5922, 3.2861 1.0892 2.537, 3.2792 1.0722 2.3573, 3.2819 1.0813 2.4267, 3.2839 1.0878 2.4755, 3.2775 1.0619 2.3156, 3.2692 1.0004 2.1238, 3.2728 1.0305 2.2053, 3.2743 1.0431 2.2393, 3.268 0.9873 2.0978, 3.2588 0.8766 1.9096, 3.2631 0.9326 1.9949, 3.264 0.9446 2.0132, 3.2582 0.8674 1.8986, 3.2488 0.7101 1.7308, 3.2534 0.7929 1.8102, 3.2537 0.7979 1.815, 3.2444 0.6215 1.6628, 3.2441 0.6155 1.6583, 3.2403 0.5281 1.6052, 3.2398 0.5158 1.5977, 3.2361 0.4286 1.5568, 3.2353 0.4088 1.5475, 3.2316 0.3226 1.5181, 3.2305 0.2946 1.5086, 3.227 0.2114 1.4902, 3.2254 0.1749 1.4822, 3.2221 0.0967 1.474, 3.2203 0.0519 1.4693, 3.2172 -0.0196 1.47, 3.215 -0.0721 1.4705, 3.2124 -0.1356 1.4783, 3.2049 -0.3136 1.5141, 3.2076 -0.2492 1.4987, 3.2099 -0.1947 1.4856, 3.203 -0.3588 1.5304, 3.1957 -0.5324 1.6068, 3.1986 -0.4627 1.5726, 3.2001 -0.4268 1.555, 3.1945 -0.5596 1.624, 3.1866 -0.725 1.7438, 3.1903 -0.6515 1.6853, 3.1913 -0.6313 1.6693, 3.1858 -0.7385 1.7572, 3.1817 -0.8113 1.8297, 3.1812 -0.8188 1.839, 3.1765 -0.8885 1.9259, 3.1763 -0.8909 1.9298, 3.1665 -1.0039 2.1332, 3.1661 -1.0083 2.1423, 3.1617 -1.043 2.242, 3.161 -1.0487 2.2584, 3.1571 -1.0702 2.3529, 3.1561 -1.0756 2.3766, 3.1527 -1.0856 2.4641, 3.1516 -1.0891 2.4947, 3.1486 -1.0895 2.5737, 3.1472 -1.0897 2.6112, 3.1444 -1.0823 2.6839, 3.1427 -1.0776 2.7292, 3.14 -1.0635 2.795, 3.1328 -1.0131 2.9639, 3.1353 -1.0327 2.9054, 3.1378 -1.0522 2.8475, 3.1305 -0.9902 3.013, 3.1224 -0.8959 3.1817, 3.1256 -0.9362 3.1161, 3.1276 -0.9607 3.076, 3.1207 -0.8716 3.2128, 3.1122 -0.7343 3.3659, 3.1159 -0.7976 3.3015, 3.1172 -0.8198 3.2789, 3.1113 -0.7157 3.3811, 3.1031 -0.5429 3.5054, 3.1069 -0.6275 3.4506, 3.1075 -0.6413 3.4416, 3.1028 -0.5347 3.5095, 3.0942 -0.3303 3.5986, 3.0986 -0.436 3.559, 3.0987 -0.4381 3.5582, 3.094 -0.3257 3.6003, 3.0895 -0.2192 3.6272, 3.089 -0.2073 3.6302, 3.0847 -0.1046 3.6441, 3.0838 -0.085 3.6467, 3.0798 0.0117 3.6488, 3.0786 0.039 3.6494, 3.0749 0.1278 3.6411, 3.0734 0.1622 3.6379, 3.0701 0.2417 3.6214, 3.0684 0.2823 3.6129, 3.0655 0.3515 3.5902, 3.0636 0.3972 3.5752, 3.0611 0.4558 3.5485, 3.059 0.505 3.5261, 3.0569 0.5531 3.4977, 3.0501 0.7006 3.3954, 3.0528 0.6451 3.4369, 3.0547 0.6053 3.4667, 3.0483 0.7323 3.3656, 3.0401 0.8689 3.2189, 3.0437 0.813 3.2844, 3.0452 0.7891 3.3124, 3.0389 0.8855 3.1941, 3.0297 0.9952 3.0061, 3.034 0.9484 3.0962, 3.0349 0.9381 3.1161, 3.0291 1.0005 2.9921, 3.0196 1.0698 2.7732, 3.0243 1.0411 2.8838, 3.0246 1.0392 2.8911, 3.0152 1.0858 2.6617, 3.015 1.0868 2.6548, 3.0111 1.0903 2.5518, 3.0106 1.0908 2.5381, 3.0069 1.0837 2.4417, 3.0061 1.0822 2.4206, 3.0025 1.0655 2.3305, 3.0014 1.0603 2.3021, 2.9978 1.0355 2.2201, 2.9963 1.0249 2.185, 2.993 0.9935 2.1122, 2.9912 0.976 2.0715, 2.9881 0.9401 2.0089, 2.986 0.9144 1.9639, 2.9833 0.8761 1.9118, 2.9808 0.8412 1.8643, 2.9785 0.8026 1.8226, 2.971 0.6668 1.6955, 2.9738 0.7211 1.7425, 2.9758 0.758 1.7744, 2.9694 0.6332 1.6724, 2.9621 0.4669 1.573, 2.9653 0.5408 1.613, 2.9665 0.5696 1.6286, 2.9611 0.4425 1.5631, 2.9526 0.2394 1.4947, 2.9567 0.3375 1.5225, 2.9575 0.3564 1.5279, 2.952 0.2269 1.4926, 2.9474 0.1179 1.4745, 2.9472 0.1126 1.4742, 2.9423 -0.0038 1.4682, 2.9422 -0.0059 1.4681, 2.9374 -0.1201 1.4752, 2.937 -0.1295 1.4758, 2.9326 -0.2342 1.4943, 2.9319 -0.2507 1.4973, 2.928 -0.3444 1.525, 2.927 -0.3671 1.5317, 2.9236 -0.4491 1.5661, 2.9224 -0.477 1.5779, 2.9194 -0.5468 1.6166, 2.9181 -0.579 1.6344, 2.9153 -0.6391 1.6767, 2.9136 -0.6757 1.7025, 2.9108 -0.7266 1.7474, 2.9037 -0.8485 1.8733, 2.9062 -0.8076 1.8281, 2.9087 -0.7662 1.7824, 2.9014 -0.8805 1.9179, 2.8933 -0.9812 2.082, 2.8965 -0.9439 2.0154, 2.8985 -0.9207 1.9738, 2.8916 -0.9967 2.1191, 2.8831 -1.0629 2.3133, 2.8868 -1.0379 2.2271, 2.8881 -1.0288 2.196, 2.8822 -1.0672 2.3377, 2.8739 -1.0909 2.549, 2.8777 -1.0846 2.4489, 2.8784 -1.0835 2.4317, 2.8736 -1.0905 2.5589, 2.865 -1.0681 2.7802, 2.8695 -1.0853 2.6689, 2.8696 -1.0857 2.666, 2.8649 -1.0675 2.7844, 2.8604 -1.0387 2.8909, 2.8599 -1.0357 2.9021, 2.8556 -0.9974 2.999, 2.8548 -0.9903 3.0168, 2.8507 -0.9445 3.1027, 2.8496 -0.932 3.1262, 2.8458 -0.881 3.2002, 2.8444 -0.8618 3.2281, 2.841 -0.8079 3.2899, 2.8393 -0.7811 3.3208, 2.8363 -0.7268 3.3705, 2.8344 -0.6918 3.4027, 2.8319 -0.6393 3.4412, 2.8298 -0.596 3.4728, 2.8277 -0.547 3.5012, 2.821 -0.3866 3.5792, 2.8236 -0.4492 3.5515, 2.8255 -0.4952 3.5312, 2.8192 -0.3446 3.5926, 2.811 -0.1507 3.6396, 2.8146 -0.2344 3.6231, 2.8161 -0.2712 3.6158, 2.8097 -0.1203 3.6421, 2.8006 0.0966 3.6458, 2.8049 -0.0042 3.649, 2.8058 -0.0273 3.6497, 2.8 0.1121 3.6435, 2.7905 0.3366 3.5968, 2.7951 0.2266 3.6258, 2.7955 0.2187 3.6279, 2.7861 0.4425 3.5559, 2.7858 0.4484 3.5536, 2.7819 0.5408 3.5059, 2.7814 0.5524 3.4999, 2.7778 0.6333 3.4463, 2.777 0.6504 3.435, 2.7734 0.7211 3.3762, 2.7723 0.7428 3.3582, 2.7687 0.8026 3.296, 2.7673 0.8275 3.2701, 2.7639 0.876 3.2067, 2.7621 0.9025 3.172, 2.759 0.94 3.1095, 2.7569 0.9662 3.0657, 2.7541 0.9933 3.0061, 2.7517 1.0174 2.953, 2.7493 1.0351 2.8983, 2.7418 1.0794 2.718, 2.7447 1.0651 2.7878, 2.7466 1.0552 2.8364, 2.7402 1.0832 2.6767, 2.733 1.0884 2.4836, 2.7361 1.0897 2.5666, 2.7373 1.0902 2.6002, 2.7319 1.085 2.4569, 2.7235 1.0455 2.2473, 2.7275 1.069 2.3457, 2.7284 1.0737 2.3654, 2.7229 1.041 2.2348, 2.7132 0.9488 2.0205, 2.7181 1.0011 2.1262, 2.7184 1.0037 2.1315, 2.7083 0.8864 1.9238, 2.7079 0.8816 1.9164, 2.7035 0.8137 1.8335, 2.7028 0.8036 1.8211, 2.6988 0.7329 1.7523, 2.6979 0.7164 1.7362, 2.6944 0.6456 1.6811, 2.6932 0.6221 1.6628, 2.6902 0.5535 1.6204, 2.6889 0.5228 1.6015, 2.6861 0.4561 1.5696, 2.6844 0.4164 1.5506, 2.6817 0.3518 1.5281, 2.6746 0.1832 1.4836, 2.6771 0.242 1.497, 2.6796 0.3026 1.5109, 2.6723 0.1281 1.4774, 2.6642 -0.0636 1.4699, 2.6674 0.0121 1.4698, 2.6694 0.0604 1.4697, 2.6625 -0.1042 1.4746, 2.654 -0.3056 1.5117, 2.6577 -0.2187 1.4916, 2.659 -0.1864 1.4841, 2.653 -0.3297 1.5202, 2.6448 -0.5254 1.6029, 2.6486 -0.4353 1.5596, 2.6492 -0.4192 1.5518, 2.6444 -0.5344 1.6085, 2.6359 -0.716 1.7361, 2.6403 -0.6275 1.6668, 2.6404 -0.6247 1.6646, 2.6358 -0.7187 1.7383, 2.6313 -0.7979 1.8158, 2.6308 -0.8057 1.8235, 2.6265 -0.8719 1.9047, 2.6257 -0.8835 1.919, 2.6216 -0.9364 2.0015, 2.6205 -0.9504 2.0233, 2.6167 -0.9903 2.1047, 2.6153 -1.005 2.1345, 2.6119 -1.0328 2.2124, 2.6102 -1.0464 2.2503, 2.6072 -1.0635 2.3228, 2.6053 -1.0742 2.3685, 2.6027 -1.0822 2.434, 2.6007 -1.0886 2.4866, 2.5986 -1.0893 2.5441, 2.5918 -1.0789 2.7211, 2.5944 -1.0853 2.6537, 2.5964 -1.0901 2.6032, 2.59 -1.0698 2.7648, 2.5819 -1.0162 2.956, 2.5854 -1.0425 2.8756, 2.587 -1.0543 2.8394, 2.5806 -1.0033 2.9843, 2.5715 -0.9007 3.1747, 2.5758 -0.9524 3.0889, 2.5768 -0.9647 3.0685, 2.5709 -0.8907 3.1876, 2.5614 -0.7404 3.3603, 2.566 -0.8192 3.2789, 2.5664 -0.8254 3.2725, 2.5569 -0.6522 3.4332, 2.5567 -0.6479 3.4368, 2.5527 -0.5602 3.4945, 2.5522 -0.5498 3.5014, 2.5486 -0.4632 3.5459, 2.5479 -0.4456 3.5549, 2.5442 -0.3592 3.588, 2.5431 -0.3336 3.5978, 2.5396 -0.2496 3.6197, 2.5382 -0.2155 3.6285, 2.5348 -0.1359 3.64, 2.533 -0.0934 3.646, 2.5299 -0.0199 3.6482, 2.5278 0.0305 3.6496, 2.525 0.0963 3.644, 2.5226 0.1538 3.6391, 2.5202 0.211 3.6277, 2.5127 0.3895 3.5781, 2.5155 0.3221 3.5997, 2.5175 0.2742 3.615, 2.5111 0.4281 3.5609, 2.5038 0.5986 3.4712, 2.5069 0.5275 3.5126, 2.5081 0.4979 3.5298, 2.5028 0.6207 3.4548, 2.4944 0.7833 3.3185, 2.4984 0.7096 3.3865, 2.4992 0.6942 3.4007, 2.4938 0.7924 3.308, 2.4841 0.9337 3.1234, 2.489 0.8675 3.2201, 2.4893 0.8637 3.2256, 2.4792 0.9879 3.021, 2.4789 0.9917 3.0139, 2.4744 1.031 2.9134, 2.4737 1.0367 2.899, 2.4697 1.0623 2.803, 2.4688 1.0681 2.7813, 2.4652 1.0817 2.6917, 2.4641 1.086 2.6629, 2.461 1.0894 2.5814, 2.4597 1.0909 2.546, 2.4569 1.086 2.4719, 2.4553 1.0832 2.4287, 2.4526 1.0712 2.3609, 2.4505 1.0622 2.3102, 2.4479 1.0445 2.25, 2.4455 1.0277 2.1929, 2.4432 1.0059 2.1412, 2.4404 0.9798 2.0791, 2.7563 1.0144 1.985, 2.7514 0.9474 1.8801, 3.0627 1.1429 2.7876, 3.0583 1.1604 2.6688, 3.4075 -0.2179 3.7041, 3.4485 -1.0524 3.0601, 3.4436 -0.9929 3.1696, 3.7917 -0.5239 1.5179, 3.9067 0.9758 3.1965, 3.9018 1.0383 3.0887, 2.4956 1.1461 2.347, 3.9427 0.1868 3.7096, 3.8969 1.0888 2.9752, 3.9116 0.9025 3.2967, 3.9163 0.8196 3.3878, 3.9208 0.729 3.4685, 3.9251 0.6324 3.5382, 3.9292 0.531 3.5966, 3.9335 0.4224 3.6454, 3.938 0.3071 3.6835, 3.9476 0.0633 3.7229, 3.9574 -0.1848 3.7099, 3.9525 -0.0613 3.723, 3.9621 -0.3052 3.684, 3.9667 -0.4206 3.6461, 3.971 -0.5294 3.5975, 3.975 -0.6308 3.5392, 3.9838 -0.8182 3.3891, 3.9793 -0.7275 3.4697, 3.9886 -0.9012 3.2982, 3.9934 -0.9747 3.1981, 3.9983 -1.0374 3.0905, 4.0032 -1.088 2.9771, 4.008 -1.1261 2.8599, 2.491 1.1177 2.2284, 2.5 1.1618 2.4658, 2.5041 1.1653 2.583, 2.5083 1.1569 2.701, 2.5127 1.136 2.82, 2.5174 1.1023 2.9379, 2.5223 1.0558 3.0528, 3.8922 1.1266 2.858, 3.8876 1.1516 2.7391, 3.8793 1.1643 2.5036, 3.8833 1.1639 2.6206, 3.875 1.1525 2.3852, 3.8705 1.1282 2.2663, 3.8657 1.091 2.1489, 3.8609 1.0412 2.0352, 3.856 0.9794 1.9271, 3.8511 0.9065 1.8264, 3.8464 0.8241 1.7348, 3.8418 0.7339 1.6535, 3.8375 0.6375 1.5833, 3.8335 0.5365 1.5243, 3.8247 0.3132 1.4364, 3.8292 0.4282 1.475, 3.8151 0.0697 1.3956, 3.8199 0.1931 1.4096, 3.8101 -0.0548 1.3948, 3.8005 -0.2991 1.4325, 3.8053 -0.1784 1.4072, 3.796 -0.4148 1.4698, 3.7876 -0.6257 1.5756, 3.7834 -0.7226 1.6445, 3.7788 -0.8137 1.7245, 3.7741 -0.8971 1.8149, 3.7692 -0.9712 1.9146, 3.7643 -1.0344 2.0219, 3.7595 -1.0857 2.1351, 3.7501 -1.1503 2.3709, 3.7547 -1.1244 2.2521, 3.7458 -1.1635 2.4895, 3.7375 -1.1537 2.7249, 3.733 -1.1303 2.8438, 3.7418 -1.1646 2.6065, 3.7283 -1.094 2.9613, 3.7185 -0.9839 3.1839, 3.7234 -1.045 3.0754, 3.7089 -0.83 3.3774, 3.7136 -0.9118 3.2851, 3.7043 -0.7402 3.4594, 3.7 -0.6442 3.5304, 3.6959 -0.5435 3.5901, 3.6917 -0.4358 3.6401, 3.6872 -0.3212 3.6795, 3.6825 -0.2014 3.7071, 3.6776 -0.0782 3.722, 3.6678 0.1701 3.7122, 3.6727 0.0464 3.7237, 3.663 0.291 3.6877, 3.6542 0.5167 3.6038, 3.6585 0.4071 3.6512, 3.6501 0.6189 3.5467, 3.6413 0.8077 3.3994, 3.6459 0.7162 3.4787, 3.6318 0.9665 3.2106, 3.6366 0.8917 3.3096, 3.6269 1.0305 3.1037, 3.622 1.0826 2.9909, 3.6172 1.1222 2.8741, 3.6126 1.1489 2.7553, 3.6083 1.163 2.6366, 3.6043 1.1649 2.5196, 3.6 1.1549 2.4013, 3.5908 1.0968 2.1647, 3.5955 1.1323 2.2824, 3.586 1.0487 2.0503, 3.581 0.9884 1.9414, 3.5762 0.917 1.8396, 3.5714 0.8358 1.7467, 3.5668 0.7465 1.6639, 3.5625 0.6509 1.5922, 3.5584 0.5506 1.5317, 3.5542 0.4433 1.4811, 3.5497 0.3292 1.4409, 3.545 0.2096 1.4125, 3.5401 0.0866 1.3967, 3.5352 -0.0379 1.3941, 3.5303 -0.1618 1.4048, 3.5256 -0.2829 1.4283, 3.521 -0.3994 1.464, 3.5126 -0.6121 1.5672, 3.5084 -0.7097 1.6345, 3.5166 -0.5095 1.5107, 3.5039 -0.8017 1.713, 3.4943 -0.9617 1.9006, 3.4894 -1.0265 2.0069, 3.4992 -0.8863 1.8021, 3.4797 -1.1199 2.236, 3.4845 -1.0795 2.1194, 3.4752 -1.1475 2.3547, 3.4708 -1.1624 2.4735, 3.4667 -1.1651 2.5906, 3.4625 -1.1559 2.7087, 3.458 -1.1342 2.8277, 3.4533 -1.0996 2.9455, 3.4387 -0.9222 3.2719, 3.4293 -0.7528 3.4489, 3.4339 -0.8416 3.3654, 3.425 -0.6575 3.5214, 3.4167 -0.4509 3.6339, 3.4209 -0.5576 3.5826, 3.4122 -0.3371 3.6748, 3.4027 -0.095 3.7208, 3.3978 0.0294 3.7243, 3.3929 0.1534 3.7145, 3.3881 0.2748 3.6918, 3.3835 0.3917 3.6569, 3.3791 0.5023 3.6109, 3.3751 0.6054 3.5551, 3.3664 0.7957 3.4108, 3.3709 0.7032 3.4886, 3.3617 0.8808 3.3224, 3.3568 0.9569 3.2245, 3.3519 1.0225 3.1186, 3.3471 1.0763 3.0065, 3.3423 1.1176 2.8901, 3.3377 1.1461 2.7715, 3.3333 1.1618 2.6527, 3.3292 1.1653 2.5355, 3.325 1.1569 2.4175, 3.3206 1.1361 2.2985, 3.3159 1.1024 2.1805, 3.311 1.056 2.0656, 3.3061 0.9973 1.9558, 3.3012 0.9273 1.8529, 3.2964 0.8474 1.7587, 3.2918 0.7591 1.6745, 3.2834 0.5646 1.5393, 3.2875 0.6642 1.6012, 3.2792 0.4584 1.4874, 3.27 0.2261 1.4156, 3.2747 0.345 1.4457, 3.2652 0.1035 1.3981, 3.2603 -0.021 1.3937, 3.2506 -0.2667 1.4244, 3.2554 -0.1451 1.4025, 3.246 -0.3839 1.4585, 3.2416 -0.495 1.5038, 3.2375 -0.5986 1.5589, 3.2334 -0.6967 1.6247, 3.2289 -0.7896 1.7017, 3.2242 -0.8753 1.7894, 3.2194 -0.9521 1.8867, 3.2145 -1.0184 1.9921, 3.2048 -1.1152 2.22, 3.2002 -1.1445 2.3386, 3.2096 -1.073 2.1038, 3.1958 -1.1611 2.4574, 3.1875 -1.1579 2.6926, 3.1917 -1.1655 2.5747, 3.1831 -1.1379 2.8115, 3.1784 -1.1051 2.9296, 3.1736 -1.0595 3.0448, 3.1687 -1.0017 3.1551, 3.1638 -0.9324 3.2584, 3.159 -0.8531 3.3533, 3.1543 -0.7653 3.4382, 3.15 -0.6708 3.5123, 3.1459 -0.5715 3.5749, 3.1417 -0.4658 3.6275, 3.1372 -0.3529 3.6699, 3.1326 -0.2344 3.7008, 3.1277 -0.1119 3.7193, 3.1228 0.0125 3.7246, 3.1179 0.1367 3.7166, 3.1085 0.3761 3.6623, 3.1131 0.2585 3.6956, 3.1 0.5917 3.5632, 3.1041 0.4876 3.6177, 3.0959 0.6902 3.4983, 3.0914 0.7835 3.422, 3.0867 0.8698 3.335, 3.0819 0.9472 3.2383, 3.077 1.0142 3.1334, 3.0721 1.0697 3.022, 3.0673 1.1127 2.9061, 3.0542 1.1655 2.5513, 3.0456 1.1397 2.3147, 3.0409 1.1077 2.1964, 3.05 1.1588 2.4336, 3.0361 1.063 2.081, 3.0312 1.006 1.9703, 3.0263 0.9375 1.8664, 3.0215 0.8588 1.771, 3.0169 0.7715 1.6854, 3.0124 0.6774 1.6105, 3.0083 0.5784 1.5471, 3.0042 0.4732 1.4939, 2.9998 0.3608 1.4507, 2.9951 0.2426 1.419, 2.9903 0.1203 1.3997, 2.9805 -0.1283 1.4006, 2.9757 -0.2504 1.4207, 2.9854 -0.004 1.3935, 2.971 -0.3683 1.4532, 2.9625 -0.5849 1.5509, 2.9666 -0.4803 1.497, 2.9584 -0.6837 1.6151, 2.9539 -0.7774 1.6906, 2.9493 -0.8642 1.7769, 2.9445 -0.9422 1.8729, 2.9396 -1.01 1.9773, 2.9347 -1.0663 2.0883, 2.9298 -1.1102 2.2041, 2.9252 -1.1413 2.3224, 2.9208 -1.1596 2.4413, 2.9166 -1.1656 2.5589, 2.9125 -1.1596 2.6764, 2.9081 -1.1414 2.7954, 2.8986 -1.0664 3.0294, 2.8937 -1.0102 3.1405, 2.9034 -1.1103 2.9137, 2.8888 -0.9425 3.2449, 2.8794 -0.7777 3.4273, 2.884 -0.8644 3.3409, 2.8749 -0.684 3.5029, 2.8708 -0.5852 3.5671, 2.8667 -0.4806 3.6209, 2.8623 -0.3686 3.6648, 2.8576 -0.2507 3.6973, 2.8528 -0.1287 3.7175, 2.8479 -0.0044 3.7246, 2.843 0.1199 3.7184, 2.8382 0.2422 3.6992, 2.8335 0.3605 3.6675, 2.8291 0.4729 3.6244, 2.8208 0.6771 3.5078, 2.8164 0.7712 3.433, 2.825 0.5781 3.5712, 2.8118 0.8585 3.3474, 2.8021 1.0058 3.1481, 2.807 0.9372 3.252, 2.7924 1.1076 2.922, 2.7972 1.0629 3.0375, 2.7877 1.1396 2.8038, 2.7833 1.1588 2.6849, 2.7791 1.1655 2.5671, 2.775 1.1604 2.4497, 2.7706 1.143 2.3308, 2.766 1.1128 2.2124, 2.7612 1.0698 2.0964, 2.7466 0.87 1.7834, 2.7374 0.6905 1.62, 2.7419 0.7838 1.6964, 2.7333 0.592 1.555, 2.7248 0.3765 1.456, 2.7292 0.488 1.5005, 2.7153 0.1371 1.4016, 2.7202 0.2589 1.4226, 2.7105 0.0129 1.3936, 2.7056 -0.1115 1.3988, 2.7007 -0.234 1.4172, 2.6961 -0.3526 1.4481, 2.6916 -0.4655 1.4905, 2.6874 -0.5712 1.543, 2.6833 -0.6705 1.6057, 2.6743 -0.8529 1.7646, 2.679 -0.765 1.6797, 2.6695 -0.9322 1.8594, 2.6646 -1.0015 1.9627, 2.6597 -1.0594 2.0729, 2.6549 -1.105 2.1881, 2.6502 -1.1378 2.3062, 2.6458 -1.1579 2.4252, 2.6416 -1.1655 2.5431, 2.6375 -1.1612 2.6604, 2.6331 -1.1446 2.7792, 2.6285 -1.1153 2.8977, 2.6237 -1.0731 3.0139, 2.6188 -1.0186 3.1257, 2.6139 -0.9523 3.2311, 2.6091 -0.8756 3.3284, 2.5999 -0.697 3.4932, 2.6044 -0.7899 3.4162, 2.5958 -0.5989 3.559, 2.5917 -0.4953 3.6142, 2.5873 -0.3842 3.6595, 2.5779 -0.1454 3.7155, 2.573 -0.0214 3.7244, 2.5827 -0.267 3.6936, 2.5633 0.2258 3.7026, 2.5681 0.1031 3.7201, 2.5586 0.3447 3.6725, 2.5541 0.458 3.6309, 2.5499 0.5642 3.579, 2.5458 0.6639 3.5171, 2.5415 0.7588 3.4438, 2.5369 0.8471 3.3596, 2.5321 0.9271 3.2655, 2.5272 0.9971 3.1627
            ]
        }
        coordIndex [
            0,1,2,-1,3,4,5,-1,6,7,8,-1,8,7,9,-1,9,7,10,-1,10,7,11,-1,10,11,12,-1,12,11,13,-1,12,13,14,-1,15,16,17,-1,17,16,18,-1,17,18,19,-1,18,20,19,-1,19,20,21,-1,19,21,13,-1,13,21,22,-1,13,22,14,-1,23,24,25,-1,25,24,26,-1,25,26,27,-1,27,26,28,-1,27,28,17,-1,17,28,29,-1,17,29,15,-1,23,25,30,-1,30,25,31,-1,30,31,32,-1,32,31,33,-1,32,33,34,-1,35,36,37,-1,37,36,38,-1,38,39,37,-1,37,39,40,-1,37,40,41,-1,40,42,41,-1,41,42,43,-1,41,43,33,-1,33,43,44,-1,33,44,34,-1,37,45,35,-1,35,45,46,-1,35,46,47,-1,47,46,48,-1,47,48,49,-1,49,48,50,-1,49,50,51,-1,51,50,52,-1,51,52,53,-1,53,52,54,-1,53,54,55,-1,55,54,56,-1,55,56,57,-1,57,56,58,-1,57,58,59,-1,58,60,59,-1,59,60,61,-1,59,61,62,-1,62,61,63,-1,62,63,64,-1,64,63,65,-1,64,65,66,-1,67,68,69,-1,69,68,70,-1,69,70,71,-1,71,70,72,-1,66,65,73,-1,73,65,74,-1,73,74,75,-1,75,74,76,-1,75,76,72,-1,72,76,77,-1,72,77,71,-1,78,79,80,-1,80,79,81,-1,80,81,82,-1,83,84,85,-1,85,84,81,-1,83,85,86,-1,86,85,87,-1,86,87,88,-1,88,87,89,-1,88,89,67,-1,67,89,90,-1,67,90,68,-1,91,92,93,-1,93,92,94,-1,93,94,95,-1,95,94,96,-1,95,96,97,-1,97,96,98,-1,97,98,99,-1,99,98,100,-1,99,100,101,-1,101,100,102,-1,101,102,78,-1,78,102,103,-1,78,103,79,-1,5,4,104,-1,4,105,104,-1,104,105,106,-1,104,106,107,-1,107,106,108,-1,107,108,109,-1,109,108,110,-1,109,110,91,-1,91,110,111,-1,91,111,92,-1,3,5,112,-1,112,5,113,-1,112,113,114,-1,115,116,117,-1,117,116,118,-1,117,118,119,-1,119,118,120,-1,119,120,114,-1,114,120,121,-1,114,121,112,-1,117,122,115,-1,115,122,123,-1,115,123,124,-1,124,123,125,-1,126,127,128,-1,128,127,129,-1,128,129,130,-1,130,129,131,-1,130,131,125,-1,125,131,132,-1,125,132,124,-1,133,134,135,-1,135,134,136,-1,135,136,126,-1,126,136,137,-1,126,137,127,-1,138,139,140,-1,140,141,138,-1,138,141,142,-1,138,142,135,-1,135,142,143,-1,135,143,133,-1,144,145,146,-1,146,145,147,-1,146,147,148,-1,148,147,149,-1,148,149,139,-1,139,149,150,-1,139,150,140,-1,151,152,146,-1,146,152,153,-1,146,153,144,-1,154,155,151,-1,151,155,156,-1,151,156,152,-1,157,158,159,-1,159,158,160,-1,158,161,160,-1,160,161,162,-1,160,162,154,-1,154,162,163,-1,154,163,155,-1,164,165,166,-1,166,165,167,-1,166,167,159,-1,159,167,168,-1,159,168,157,-1,164,166,169,-1,169,166,170,-1,169,170,171,-1,171,170,172,-1,171,172,173,-1,174,175,176,-1,176,175,177,-1,176,177,172,-1,172,177,178,-1,172,178,173,-1,174,176,179,-1,179,176,180,-1,179,180,181,-1,181,180,182,-1,181,182,183,-1,184,185,182,-1,182,185,186,-1,182,186,183,-1,187,188,189,-1,189,188,190,-1,189,190,184,-1,184,190,191,-1,184,191,185,-1,192,193,194,-1,194,193,195,-1,194,195,189,-1,189,195,196,-1,189,196,187,-1,197,198,199,-1,199,198,200,-1,199,200,192,-1,192,200,201,-1,192,201,193,-1,197,199,202,-1,202,199,203,-1,202,203,204,-1,2,205,0,-1,0,205,206,-1,0,206,203,-1,203,206,207,-1,203,207,204,-1,208,209,210,-1,210,209,211,-1,210,211,212,-1,211,213,212,-1,212,213,214,-1,212,214,1,-1,1,214,215,-1,1,215,2,-1,216,217,218,-1,218,217,219,-1,218,219,210,-1,210,219,220,-1,210,220,208,-1,221,222,223,-1,223,222,224,-1,223,224,216,-1,216,224,225,-1,216,225,217,-1,226,227,228,-1,228,227,229,-1,229,227,230,-1,229,230,223,-1,223,230,231,-1,223,231,221,-1,232,233,234,-1,234,233,235,-1,233,236,235,-1,235,236,237,-1,235,237,228,-1,228,237,238,-1,228,238,226,-1,239,240,241,-1,241,240,242,-1,241,242,243,-1,243,242,244,-1,243,244,234,-1,234,244,245,-1,234,245,232,-1,246,247,248,-1,248,247,249,-1,246,250,247,-1,247,250,251,-1,247,251,241,-1,241,251,252,-1,241,252,239,-1,253,254,255,-1,255,254,256,-1,255,256,257,-1,257,256,258,-1,257,258,249,-1,249,258,259,-1,249,259,248,-1,260,261,255,-1,255,261,262,-1,255,262,253,-1,263,264,260,-1,260,264,265,-1,260,265,261,-1,266,267,268,-1,268,267,269,-1,267,270,269,-1,269,270,271,-1,269,271,263,-1,263,271,272,-1,263,272,264,-1,273,274,268,-1,268,274,275,-1,268,275,266,-1,276,277,278,-1,278,277,279,-1,278,279,273,-1,273,279,280,-1,273,280,274,-1,276,278,281,-1,281,278,282,-1,281,282,283,-1,283,282,284,-1,284,282,285,-1,284,285,286,-1,287,288,285,-1,285,288,289,-1,285,289,286,-1,290,291,287,-1,287,291,292,-1,287,292,288,-1,293,294,295,-1,295,294,296,-1,295,296,297,-1,296,298,297,-1,297,298,299,-1,297,299,290,-1,290,299,300,-1,290,300,291,-1,301,302,303,-1,301,303,304,-1,304,303,305,-1,304,305,295,-1,295,305,306,-1,295,306,293,-1,307,308,309,-1,309,308,310,-1,309,310,311,-1,310,312,311,-1,311,312,313,-1,311,313,301,-1,301,313,314,-1,301,314,302,-1,315,316,317,-1,317,316,318,-1,317,318,309,-1,309,318,319,-1,309,319,307,-1,320,321,322,-1,322,321,323,-1,322,323,317,-1,317,323,324,-1,317,324,315,-1,320,322,325,-1,325,322,326,-1,325,326,327,-1,327,326,328,-1,327,328,329,-1,330,331,328,-1,328,331,332,-1,328,332,329,-1,84,333,81,-1,81,333,334,-1,81,334,82,-1,82,334,335,-1,82,335,330,-1,330,335,336,-1,330,336,331,-1,337,338,339,-1,339,338,340,-1,340,338,341,-1,341,338,342,-1,341,342,343,-1,343,342,344,-1,344,342,345,-1,344,345,346,-1,347,348,349,-1,347,349,345,-1,345,349,350,-1,345,350,346,-1,348,347,351,-1,351,347,352,-1,351,352,353,-1,354,355,356,-1,354,356,352,-1,352,356,357,-1,352,357,353,-1,354,358,355,-1,355,358,359,-1,355,359,360,-1,360,359,361,-1,360,361,362,-1,362,361,363,-1,362,363,364,-1,364,363,365,-1,364,365,366,-1,366,365,367,-1,366,367,368,-1,368,367,369,-1,368,369,370,-1,370,369,371,-1,370,371,372,-1,372,371,373,-1,372,373,374,-1,374,373,375,-1,374,375,376,-1,376,375,377,-1,376,377,378,-1,378,377,379,-1,378,379,380,-1,380,379,381,-1,380,381,382,-1,382,381,383,-1,382,383,384,-1,384,383,385,-1,384,385,386,-1,386,385,387,-1,386,387,388,-1,388,387,389,-1,388,389,390,-1,390,389,391,-1,390,391,392,-1,392,391,393,-1,392,393,394,-1,394,393,395,-1,394,395,396,-1,396,395,397,-1,396,397,398,-1,398,397,399,-1,398,399,400,-1,400,399,401,-1,400,401,402,-1,402,401,403,-1,402,403,404,-1,404,403,405,-1,404,405,406,-1,406,405,407,-1,406,407,408,-1,408,407,409,-1,408,409,410,-1,410,409,411,-1,410,411,412,-1,412,411,413,-1,412,413,414,-1,414,413,415,-1,414,415,416,-1,416,415,417,-1,416,417,418,-1,418,417,419,-1,418,419,420,-1,420,419,421,-1,420,421,422,-1,422,421,423,-1,422,423,424,-1,424,423,425,-1,424,425,426,-1,426,425,427,-1,426,427,428,-1,428,427,429,-1,428,429,430,-1,430,429,431,-1,430,431,432,-1,432,431,433,-1,432,433,434,-1,434,433,435,-1,434,435,436,-1,436,435,437,-1,436,437,438,-1,438,437,439,-1,438,439,440,-1,440,439,441,-1,440,441,442,-1,442,441,443,-1,442,443,444,-1,444,443,445,-1,444,445,446,-1,446,445,447,-1,446,447,448,-1,448,447,449,-1,448,449,450,-1,450,449,451,-1,450,451,452,-1,452,451,453,-1,452,453,454,-1,454,453,455,-1,454,455,456,-1,456,455,457,-1,456,457,458,-1,458,457,459,-1,458,459,460,-1,460,459,461,-1,460,461,462,-1,462,461,463,-1,462,463,464,-1,464,463,465,-1,464,465,466,-1,466,465,467,-1,466,467,468,-1,468,467,469,-1,468,469,470,-1,470,469,471,-1,470,471,472,-1,472,471,473,-1,472,473,474,-1,474,473,475,-1,474,475,476,-1,476,475,477,-1,476,477,478,-1,478,477,479,-1,478,479,480,-1,480,479,481,-1,480,481,482,-1,482,481,483,-1,482,483,484,-1,484,483,485,-1,484,485,486,-1,486,485,487,-1,486,487,488,-1,488,487,489,-1,488,489,490,-1,490,489,491,-1,490,491,492,-1,492,491,493,-1,492,493,494,-1,494,493,495,-1,494,495,496,-1,496,495,497,-1,496,497,498,-1,498,497,499,-1,498,499,500,-1,500,499,501,-1,500,501,502,-1,502,501,503,-1,502,503,504,-1,504,503,505,-1,504,505,506,-1,506,505,507,-1,506,507,508,-1,508,507,509,-1,508,509,510,-1,510,509,511,-1,510,511,512,-1,512,511,513,-1,512,513,514,-1,514,513,515,-1,514,515,516,-1,516,515,517,-1,516,517,518,-1,518,517,519,-1,518,519,520,-1,520,519,521,-1,520,521,522,-1,522,521,523,-1,522,523,524,-1,524,523,525,-1,524,525,526,-1,526,525,527,-1,526,527,528,-1,528,527,529,-1,528,529,530,-1,530,529,531,-1,530,531,532,-1,532,531,533,-1,532,533,534,-1,534,533,535,-1,534,535,536,-1,536,535,537,-1,536,537,538,-1,538,537,539,-1,538,539,540,-1,540,539,541,-1,540,541,542,-1,542,541,543,-1,542,543,544,-1,544,543,545,-1,544,545,546,-1,546,545,547,-1,546,547,548,-1,548,547,549,-1,548,549,550,-1,550,549,551,-1,550,551,552,-1,552,551,553,-1,552,553,554,-1,554,553,555,-1,554,555,556,-1,556,555,557,-1,556,557,558,-1,558,557,559,-1,558,559,560,-1,560,559,561,-1,560,561,562,-1,562,561,563,-1,562,563,564,-1,564,563,565,-1,564,565,566,-1,566,565,567,-1,566,567,568,-1,568,567,569,-1,568,569,570,-1,570,569,571,-1,570,571,572,-1,572,571,573,-1,572,573,574,-1,574,573,575,-1,574,575,576,-1,576,575,577,-1,576,577,578,-1,578,577,579,-1,578,579,580,-1,580,579,581,-1,580,581,582,-1,582,581,583,-1,582,583,584,-1,584,583,585,-1,584,585,586,-1,586,585,587,-1,586,587,588,-1,588,587,589,-1,588,589,590,-1,590,589,591,-1,590,591,592,-1,592,591,593,-1,592,593,594,-1,594,593,595,-1,596,597,598,-1,598,597,599,-1,598,599,600,-1,600,599,601,-1,600,601,602,-1,602,601,603,-1,602,603,604,-1,604,603,605,-1,604,605,606,-1,606,605,607,-1,606,607,608,-1,608,607,609,-1,608,609,610,-1,610,609,611,-1,610,611,612,-1,612,611,613,-1,612,613,614,-1,614,613,615,-1,614,615,616,-1,616,615,617,-1,616,617,618,-1,618,617,619,-1,618,619,620,-1,620,619,621,-1,620,621,622,-1,622,621,623,-1,622,623,624,-1,624,623,625,-1,624,625,626,-1,626,625,627,-1,626,627,628,-1,628,627,629,-1,628,629,630,-1,630,629,631,-1,630,631,632,-1,632,631,633,-1,632,633,634,-1,634,633,635,-1,634,635,636,-1,636,635,637,-1,636,637,638,-1,638,637,639,-1,638,639,640,-1,640,639,641,-1,640,641,642,-1,642,641,643,-1,642,643,644,-1,644,643,645,-1,644,645,646,-1,646,645,647,-1,646,647,648,-1,648,647,649,-1,648,649,650,-1,650,649,651,-1,650,651,652,-1,652,651,653,-1,652,653,654,-1,654,653,655,-1,654,655,656,-1,656,655,657,-1,656,657,658,-1,658,657,659,-1,658,659,660,-1,660,659,661,-1,660,661,662,-1,662,661,663,-1,662,663,664,-1,664,663,665,-1,664,665,666,-1,666,665,667,-1,666,667,668,-1,668,667,669,-1,668,669,670,-1,670,669,671,-1,670,671,672,-1,672,671,673,-1,672,673,674,-1,674,673,675,-1,674,675,676,-1,676,675,677,-1,676,677,678,-1,678,677,679,-1,678,679,680,-1,680,679,681,-1,680,681,682,-1,682,681,683,-1,682,683,684,-1,684,683,685,-1,684,685,686,-1,686,685,687,-1,686,687,688,-1,688,687,689,-1,688,689,690,-1,690,689,691,-1,690,691,692,-1,692,691,693,-1,692,693,694,-1,694,693,695,-1,694,695,696,-1,696,695,697,-1,696,697,698,-1,698,697,699,-1,698,699,700,-1,700,699,701,-1,700,701,702,-1,702,701,703,-1,702,703,704,-1,704,703,705,-1,704,705,706,-1,706,705,707,-1,706,707,708,-1,708,707,709,-1,708,709,710,-1,710,709,711,-1,710,711,712,-1,712,711,713,-1,712,713,714,-1,714,713,715,-1,714,715,716,-1,716,715,717,-1,716,717,718,-1,718,717,719,-1,718,719,720,-1,720,719,721,-1,720,721,722,-1,722,721,723,-1,722,723,724,-1,724,723,725,-1,724,725,726,-1,726,725,727,-1,726,727,728,-1,728,727,729,-1,728,729,730,-1,730,729,731,-1,730,731,732,-1,732,731,733,-1,732,733,734,-1,734,733,735,-1,734,735,736,-1,736,735,737,-1,736,737,738,-1,738,737,739,-1,738,739,740,-1,740,739,741,-1,740,741,742,-1,742,741,743,-1,742,743,744,-1,744,743,745,-1,744,745,746,-1,746,745,747,-1,746,747,748,-1,748,747,749,-1,748,749,750,-1,750,749,751,-1,750,751,752,-1,752,751,753,-1,752,753,754,-1,754,753,755,-1,754,755,756,-1,756,755,757,-1,756,757,758,-1,758,757,759,-1,758,759,760,-1,760,759,761,-1,760,761,762,-1,762,761,763,-1,762,763,764,-1,764,763,765,-1,764,765,766,-1,766,765,767,-1,766,767,768,-1,768,767,769,-1,768,769,770,-1,770,769,771,-1,770,771,772,-1,772,771,773,-1,772,773,774,-1,774,773,775,-1,774,775,776,-1,776,775,777,-1,776,777,778,-1,778,777,779,-1,778,779,780,-1,780,779,781,-1,780,781,782,-1,782,781,783,-1,782,783,784,-1,784,783,785,-1,784,785,786,-1,786,785,787,-1,786,787,788,-1,788,787,789,-1,788,789,790,-1,790,789,791,-1,790,791,792,-1,792,791,793,-1,792,793,794,-1,794,793,795,-1,794,795,796,-1,796,795,797,-1,796,797,798,-1,798,797,799,-1,798,799,800,-1,800,799,801,-1,800,801,802,-1,802,801,803,-1,802,803,804,-1,804,803,805,-1,804,805,806,-1,806,805,807,-1,806,807,808,-1,808,807,809,-1,808,809,810,-1,810,809,811,-1,810,811,812,-1,812,811,813,-1,812,813,814,-1,814,813,815,-1,814,815,816,-1,816,815,817,-1,816,817,818,-1,818,817,819,-1,818,819,820,-1,820,819,821,-1,820,821,822,-1,822,821,823,-1,822,823,824,-1,824,823,825,-1,824,825,826,-1,826,825,827,-1,826,827,828,-1,828,827,829,-1,828,829,830,-1,830,829,831,-1,830,831,832,-1,832,831,833,-1,832,833,834,-1,834,833,835,-1,834,835,836,-1,836,835,837,-1,836,837,838,-1,838,837,839,-1,838,839,840,-1,840,839,841,-1,840,841,842,-1,842,841,843,-1,842,843,844,-1,844,843,845,-1,844,845,846,-1,846,845,847,-1,846,847,848,-1,848,847,849,-1,848,849,850,-1,850,849,851,-1,850,851,595,-1,595,851,594,-1,852,853,854,-1,854,853,855,-1,854,855,856,-1,856,855,857,-1,856,857,858,-1,858,857,859,-1,858,859,860,-1,860,859,861,-1,860,861,862,-1,862,861,863,-1,862,863,864,-1,864,863,865,-1,864,865,866,-1,866,865,867,-1,866,867,868,-1,868,867,869,-1,868,869,870,-1,870,869,871,-1,870,871,872,-1,872,871,873,-1,872,873,874,-1,874,873,875,-1,874,875,876,-1,876,875,877,-1,876,877,878,-1,878,877,879,-1,878,879,880,-1,880,879,881,-1,880,881,882,-1,882,881,883,-1,882,883,884,-1,884,883,885,-1,884,885,886,-1,886,885,887,-1,886,887,888,-1,888,887,889,-1,888,889,890,-1,890,889,891,-1,890,891,892,-1,892,891,893,-1,892,893,894,-1,894,893,895,-1,894,895,896,-1,896,895,897,-1,896,897,898,-1,898,897,899,-1,898,899,900,-1,900,899,901,-1,900,901,902,-1,902,901,903,-1,902,903,904,-1,904,903,905,-1,904,905,906,-1,906,905,907,-1,906,907,908,-1,908,907,909,-1,908,909,910,-1,910,909,911,-1,910,911,912,-1,912,911,913,-1,912,913,914,-1,914,913,915,-1,914,915,916,-1,916,915,917,-1,916,917,918,-1,918,917,919,-1,918,919,920,-1,920,919,921,-1,920,921,922,-1,922,921,923,-1,922,923,924,-1,924,923,925,-1,924,925,926,-1,926,925,927,-1,926,927,928,-1,928,927,929,-1,928,929,930,-1,930,929,931,-1,930,931,932,-1,932,931,933,-1,932,933,934,-1,934,933,935,-1,934,935,936,-1,936,935,937,-1,936,937,938,-1,938,937,939,-1,938,939,940,-1,940,939,941,-1,940,941,942,-1,942,941,943,-1,942,943,944,-1,944,943,945,-1,944,945,946,-1,946,945,947,-1,946,947,948,-1,948,947,949,-1,948,949,950,-1,950,949,951,-1,950,951,952,-1,952,951,953,-1,952,953,954,-1,954,953,955,-1,954,955,956,-1,956,955,957,-1,956,957,958,-1,958,957,959,-1,958,959,960,-1,960,959,961,-1,960,961,962,-1,962,961,963,-1,962,963,964,-1,964,963,965,-1,964,965,966,-1,966,965,967,-1,966,967,968,-1,968,967,969,-1,968,969,970,-1,970,969,971,-1,970,971,972,-1,972,971,973,-1,972,973,974,-1,974,973,975,-1,974,975,976,-1,976,975,977,-1,976,977,978,-1,978,977,979,-1,978,979,980,-1,980,979,981,-1,980,981,982,-1,982,981,983,-1,982,983,984,-1,984,983,985,-1,984,985,986,-1,986,985,987,-1,986,987,988,-1,988,987,989,-1,988,989,990,-1,990,989,991,-1,990,991,992,-1,992,991,993,-1,992,993,994,-1,994,993,995,-1,994,995,996,-1,996,995,997,-1,996,997,998,-1,998,997,999,-1,998,999,1000,-1,1000,999,1001,-1,1000,1001,1002,-1,1002,1001,1003,-1,1002,1003,1004,-1,1004,1003,1005,-1,1004,1005,1006,-1,1006,1005,1007,-1,1006,1007,1008,-1,1008,1007,1009,-1,1008,1009,1010,-1,1010,1009,1011,-1,1010,1011,1012,-1,1012,1011,1013,-1,1012,1013,1014,-1,1014,1013,1015,-1,1014,1015,1016,-1,1016,1015,1017,-1,1016,1017,1018,-1,1018,1017,1019,-1,1018,1019,1020,-1,1020,1019,1021,-1,1020,1021,1022,-1,1022,1021,1023,-1,1022,1023,1024,-1,1024,1023,1025,-1,1024,1025,1026,-1,1026,1025,1027,-1,1026,1027,1028,-1,1028,1027,1029,-1,1028,1029,1030,-1,1030,1029,1031,-1,1030,1031,1032,-1,1032,1031,1033,-1,1032,1033,1034,-1,1034,1033,1035,-1,1034,1035,1036,-1,1036,1035,1037,-1,1036,1037,1038,-1,1038,1037,1039,-1,1038,1039,1040,-1,1040,1039,1041,-1,1040,1041,1042,-1,1042,1041,1043,-1,1042,1043,1044,-1,1044,1043,1045,-1,1044,1045,1046,-1,1046,1045,1047,-1,1046,1047,1048,-1,1048,1047,1049,-1,1048,1049,1050,-1,1050,1049,1051,-1,1050,1051,1052,-1,1052,1051,1053,-1,1052,1053,1054,-1,1054,1053,1055,-1,1054,1055,1056,-1,1056,1055,1057,-1,1056,1057,1058,-1,1058,1057,1059,-1,1058,1059,1060,-1,1060,1059,1061,-1,1060,1061,1062,-1,1062,1061,1063,-1,1062,1063,1064,-1,1064,1063,1065,-1,1064,1065,1066,-1,1066,1065,1067,-1,1066,1067,1068,-1,1068,1067,1069,-1,1068,1069,1070,-1,1070,1069,1071,-1,1070,1071,1072,-1,1072,1071,1073,-1,1072,1073,1074,-1,1074,1073,1075,-1,1074,1075,1076,-1,1076,1075,1077,-1,1076,1077,1078,-1,1078,1077,1079,-1,1078,1079,1080,-1,1080,1079,1081,-1,1080,1081,1082,-1,1082,1081,1083,-1,1082,1083,1084,-1,1084,1083,1085,-1,1084,1085,1086,-1,1086,1085,1087,-1,1086,1087,1088,-1,1088,1087,1089,-1,1088,1089,1090,-1,1090,1089,1091,-1,1090,1091,1092,-1,1092,1091,1093,-1,1092,1093,1094,-1,1094,1093,1095,-1,1094,1095,1096,-1,1096,1095,1097,-1,1096,1097,1098,-1,1098,1097,1099,-1,1098,1099,1100,-1,1100,1099,1101,-1,1100,1101,1102,-1,1102,1101,1103,-1,1102,1103,1104,-1,1104,1103,1105,-1,1104,1105,1106,-1,1106,1105,1107,-1,1106,1107,596,-1,596,1107,597,-1,1108,7,6,-1,853,852,1109,-1,1109,852,1110,-1,1109,1110,1111,-1,1111,1110,1112,-1,1111,1112,1113,-1,1113,1112,1114,-1,1113,1114,1115,-1,1115,1114,1116,-1,1115,1116,1117,-1,1117,1116,1118,-1,1117,1118,1119,-1,1119,1118,1120,-1,1119,1120,1121,-1,1121,1120,1122,-1,1121,1122,1123,-1,1123,1122,1124,-1,1123,1124,1125,-1,1125,1124,1126,-1,1125,1126,1127,-1,1127,1126,1128,-1,1127,1128,1129,-1,1129,1128,1130,-1,1129,1130,1131,-1,1131,1130,1132,-1,1131,1132,1133,-1,1133,1132,1134,-1,1133,1134,1135,-1,1135,1134,1136,-1,1135,1136,1137,-1,1137,1136,1138,-1,1137,1138,1139,-1,1139,1138,1140,-1,1139,1140,1141,-1,1141,1140,1142,-1,1141,1142,1143,-1,1143,1142,1144,-1,1143,1144,1145,-1,1145,1144,1146,-1,1145,1146,1147,-1,1147,1146,1148,-1,1147,1148,1149,-1,1149,1148,1150,-1,1149,1150,1151,-1,1151,1150,1152,-1,1151,1152,1153,-1,1153,1152,1154,-1,1153,1154,1155,-1,1155,1154,1156,-1,1155,1156,1157,-1,1157,1156,1158,-1,1157,1158,1159,-1,1159,1158,1160,-1,1159,1160,1161,-1,1161,1160,1162,-1,1161,1162,1163,-1,1163,1162,1164,-1,1163,1164,1165,-1,1165,1164,1166,-1,1165,1166,1167,-1,1167,1166,1168,-1,1167,1168,1169,-1,1169,1168,1170,-1,1169,1170,1171,-1,1171,1170,1172,-1,1171,1172,1173,-1,1173,1172,1174,-1,1173,1174,1175,-1,1175,1174,1176,-1,1175,1176,1177,-1,1177,1176,1178,-1,1177,1178,1179,-1,1179,1178,1180,-1,1179,1180,1181,-1,1181,1180,1182,-1,1181,1182,1183,-1,1183,1182,1184,-1,1183,1184,1185,-1,1185,1184,1186,-1,1185,1186,1187,-1,1187,1186,1188,-1,1187,1188,1189,-1,1189,1188,1190,-1,1189,1190,1191,-1,1191,1190,1192,-1,1191,1192,1193,-1,1193,1192,1194,-1,1193,1194,1195,-1,1195,1194,1196,-1,1195,1196,1197,-1,1197,1196,1198,-1,1197,1198,1199,-1,1199,1198,1200,-1,1199,1200,1201,-1,1201,1200,1202,-1,1201,1202,1203,-1,1203,1202,1204,-1,1203,1204,1205,-1,1205,1204,1206,-1,1205,1206,1207,-1,1207,1206,1208,-1,1207,1208,1209,-1,1209,1208,1210,-1,1209,1210,1211,-1,1211,1210,1212,-1,1211,1212,1213,-1,1213,1212,1214,-1,1213,1214,1215,-1,1215,1214,1216,-1,1215,1216,1217,-1,1217,1216,1218,-1,1217,1218,1219,-1,1219,1218,1220,-1,1219,1220,1221,-1,1221,1220,1222,-1,1221,1222,1223,-1,1223,1222,1224,-1,1223,1224,1225,-1,1225,1224,1226,-1,1225,1226,1227,-1,1227,1226,1228,-1,1227,1228,1229,-1,1229,1228,1230,-1,1229,1230,1231,-1,1231,1230,1232,-1,1231,1232,1233,-1,1233,1232,1234,-1,1233,1234,1235,-1,1235,1234,1236,-1,1235,1236,1237,-1,1237,1236,1238,-1,1237,1238,1239,-1,1239,1238,1240,-1,1239,1240,1241,-1,1241,1240,1242,-1,1241,1242,1243,-1,1243,1242,1244,-1,1243,1244,1245,-1,1245,1244,1246,-1,1245,1246,1247,-1,1247,1246,1248,-1,1247,1248,1249,-1,1249,1248,1250,-1,1249,1250,1251,-1,1251,1250,1252,-1,1251,1252,1253,-1,1253,1252,1254,-1,1253,1254,1255,-1,1255,1254,1256,-1,1255,1256,1257,-1,1257,1256,1258,-1,1257,1258,1259,-1,1259,1258,1260,-1,1259,1260,1261,-1,1261,1260,1262,-1,1261,1262,1263,-1,1263,1262,1264,-1,1263,1264,1265,-1,1265,1264,1266,-1,1265,1266,1267,-1,1267,1266,1268,-1,1267,1268,1269,-1,1269,1268,1270,-1,1269,1270,1271,-1,1271,1270,1272,-1,1271,1272,1273,-1,1273,1272,1274,-1,1273,1274,1275,-1,1275,1274,1276,-1,1275,1276,1277,-1,1277,1276,1278,-1,1277,1278,1279,-1,1279,1278,1280,-1,1279,1280,1281,-1,1281,1280,1282,-1,1281,1282,1283,-1,1283,1282,1284,-1,1283,1284,1285,-1,1285,1284,1286,-1,1285,1286,1287,-1,1287,1286,1288,-1,1287,1288,1289,-1,1289,1288,1290,-1,1289,1290,1291,-1,1291,1290,1292,-1,1291,1292,1293,-1,1293,1292,1294,-1,1293,1294,1295,-1,1295,1294,1296,-1,1295,1296,1297,-1,1297,1296,1298,-1,1297,1298,1299,-1,1299,1298,1300,-1,1299,1300,1301,-1,1301,1300,1302,-1,1301,1302,1303,-1,1303,1302,1304,-1,1303,1304,1305,-1,1305,1304,1306,-1,1305,1306,1307,-1,1307,1306,1308,-1,1307,1308,1309,-1,1309,1308,1310,-1,1309,1310,1311,-1,1311,1310,1312,-1,1311,1312,1313,-1,1313,1312,1314,-1,1313,1314,1315,-1,1315,1314,1316,-1,1315,1316,1317,-1,1317,1316,1318,-1,1317,1318,1319,-1,1319,1318,1320,-1,1319,1320,1321,-1,1321,1320,1322,-1,1321,1322,1323,-1,1323,1322,1324,-1,1323,1324,1325,-1,1325,1324,1326,-1,1325,1326,1327,-1,1327,1326,1328,-1,1327,1328,1329,-1,1329,1328,1330,-1,1329,1330,1331,-1,1331,1330,1332,-1,1331,1332,1333,-1,1333,1332,1334,-1,1333,1334,1335,-1,1335,1334,1336,-1,1335,1336,1337,-1,1337,1336,1338,-1,1337,1338,1339,-1,1339,1338,1340,-1,1339,1340,1341,-1,1341,1340,1342,-1,1341,1342,1343,-1,1343,1342,1344,-1,1343,1344,1345,-1,1345,1344,1346,-1,1345,1346,1347,-1,1347,1346,1348,-1,1347,1348,1349,-1,1349,1348,1350,-1,1349,1350,1351,-1,1351,1350,1352,-1,1351,1352,1353,-1,1353,1352,1354,-1,1353,1354,1355,-1,1355,1354,1356,-1,1355,1356,1357,-1,1357,1356,1358,-1,1357,1358,1359,-1,1359,1358,1360,-1,1359,1360,1361,-1,1361,1360,1362,-1,1361,1362,6,-1,6,1362,1108,-1,31,1363,1364,-1,31,1364,33,-1,33,1364,1365,-1,33,1365,41,-1,41,1365,1366,-1,41,1366,37,-1,37,1366,1367,-1,37,1367,45,-1,1363,31,1368,-1,1368,31,25,-1,1368,25,1369,-1,1369,25,27,-1,1369,27,1370,-1,1370,27,17,-1,1370,17,1371,-1,1371,17,19,-1,1371,19,1372,-1,7,1108,11,-1,11,1108,1373,-1,11,1373,1374,-1,1372,19,1374,-1,1374,19,13,-1,1374,13,11,-1,1375,1376,1377,-1,1378,1379,1380,-1,1381,1382,1383,-1,1383,1382,1384,-1,1383,1384,1385,-1,1386,1387,1388,-1,1388,1387,1389,-1,1388,1389,1390,-1,1390,1389,1391,-1,1390,1391,1392,-1,1392,1391,1393,-1,1392,1393,1394,-1,1394,1393,1395,-1,1394,1395,1396,-1,1396,1395,1397,-1,1396,1397,1381,-1,1381,1397,1398,-1,1381,1398,1382,-1,1399,1400,1401,-1,1401,1402,1399,-1,1399,1402,1403,-1,1399,1403,1404,-1,1404,1403,1405,-1,1404,1405,1406,-1,1406,1405,1407,-1,1406,1407,1386,-1,1386,1407,1408,-1,1386,1408,1387,-1,1380,1379,1409,-1,1409,1379,1410,-1,1409,1410,1411,-1,1411,1410,1412,-1,1411,1412,1413,-1,1413,1412,1414,-1,1413,1414,1415,-1,1415,1414,1416,-1,1415,1416,1417,-1,1417,1416,1418,-1,1417,1418,1419,-1,1419,1418,1420,-1,1419,1420,1421,-1,1421,1420,1422,-1,1421,1422,1400,-1,1400,1422,1423,-1,1400,1423,1401,-1,1378,1380,1424,-1,1424,1380,1425,-1,1424,1425,1426,-1,1427,1428,1429,-1,1429,1430,1427,-1,1427,1430,1431,-1,1427,1431,1425,-1,1425,1431,1432,-1,1425,1432,1426,-1,1433,1434,1435,-1,1435,1434,1436,-1,1435,1436,1437,-1,1437,1436,1438,-1,1437,1438,1428,-1,1428,1438,1439,-1,1428,1439,1429,-1,1440,1441,1442,-1,1442,1441,1443,-1,1443,1441,1444,-1,1443,1444,1435,-1,1435,1444,1445,-1,1435,1445,1433,-1,1446,1447,1442,-1,1442,1447,1448,-1,1442,1448,1440,-1,1449,1450,1451,-1,1451,1450,1452,-1,1451,1452,1446,-1,1446,1452,1453,-1,1446,1453,1447,-1,1449,1451,1454,-1,1454,1451,1455,-1,1454,1455,1456,-1,1456,1455,1457,-1,1457,1455,1458,-1,1457,1458,1459,-1,1460,1461,1458,-1,1458,1461,1462,-1,1458,1462,1459,-1,1463,1464,1460,-1,1460,1464,1465,-1,1460,1465,1461,-1,1466,1467,1463,-1,1463,1467,1468,-1,1463,1468,1464,-1,1469,1470,1471,-1,1471,1470,1472,-1,1471,1472,1466,-1,1466,1472,1473,-1,1466,1473,1467,-1,1469,1471,1474,-1,1474,1471,1475,-1,1474,1475,1476,-1,1476,1475,1477,-1,1477,1475,1478,-1,1477,1478,1479,-1,1479,1478,1480,-1,1480,1478,1481,-1,1480,1481,1482,-1,1483,1484,1485,-1,1485,1484,1486,-1,1483,1487,1484,-1,1484,1487,1488,-1,1484,1488,1481,-1,1481,1488,1489,-1,1481,1489,1482,-1,1490,1491,1492,-1,1492,1491,1493,-1,1492,1493,1494,-1,1494,1493,1495,-1,1494,1495,1486,-1,1486,1495,1496,-1,1486,1496,1485,-1,1497,1498,1492,-1,1492,1498,1499,-1,1492,1499,1490,-1,1500,1501,1497,-1,1497,1501,1502,-1,1497,1502,1498,-1,1503,1504,1500,-1,1500,1504,1505,-1,1500,1505,1501,-1,1506,1507,1508,-1,1506,1509,1507,-1,1507,1509,1510,-1,1507,1510,1503,-1,1503,1510,1511,-1,1503,1511,1504,-1,1512,1508,1513,-1,1513,1508,1514,-1,1512,1515,1508,-1,1508,1515,1516,-1,1508,1516,1506,-1,1517,1518,1519,-1,1519,1518,1520,-1,1519,1520,1521,-1,1521,1520,1522,-1,1521,1522,1514,-1,1514,1522,1523,-1,1514,1523,1513,-1,1524,1525,1526,-1,1526,1525,1527,-1,1526,1527,1528,-1,1528,1527,1529,-1,1528,1529,1519,-1,1519,1529,1530,-1,1519,1530,1517,-1,1531,1532,1533,-1,1533,1532,1534,-1,1533,1534,1535,-1,1535,1534,1536,-1,1535,1536,1526,-1,1526,1536,1537,-1,1526,1537,1524,-1,1538,1539,1540,-1,1540,1539,1541,-1,1541,1539,1542,-1,1541,1542,1533,-1,1533,1542,1543,-1,1533,1543,1531,-1,1544,1545,1546,-1,1546,1545,1547,-1,1546,1547,1548,-1,1544,1549,1545,-1,1545,1549,1550,-1,1545,1550,1540,-1,1540,1550,1551,-1,1540,1551,1538,-1,1377,1552,1375,-1,1375,1552,1553,-1,1375,1553,1547,-1,1547,1553,1554,-1,1547,1554,1548,-1,1555,1556,1557,-1,1557,1556,1558,-1,1557,1558,1559,-1,1559,1558,1560,-1,1555,1561,1556,-1,1556,1561,1562,-1,1556,1562,1376,-1,1376,1562,1563,-1,1376,1563,1377,-1,1560,1558,1564,-1,1564,1558,1565,-1,1564,1565,1566,-1,1566,1565,1567,-1,1566,1567,1568,-1,1569,1570,1571,-1,1571,1572,1569,-1,1569,1572,1573,-1,1569,1573,1567,-1,1567,1573,1574,-1,1567,1574,1568,-1,1575,1576,1577,-1,1577,1576,1578,-1,1577,1578,1579,-1,1578,1580,1579,-1,1579,1580,1581,-1,1579,1581,1570,-1,1570,1581,1582,-1,1570,1582,1571,-1,1575,1577,1583,-1,1583,1577,1584,-1,1583,1584,1585,-1,1586,1587,1588,-1,1588,1587,1589,-1,1588,1589,1590,-1,1586,1591,1587,-1,1587,1591,1592,-1,1587,1592,1593,-1,1593,1592,1594,-1,1593,1594,1584,-1,1584,1594,1595,-1,1584,1595,1585,-1,1596,1597,1598,-1,1598,1597,1599,-1,1599,1597,1600,-1,1599,1600,1589,-1,1589,1600,1601,-1,1589,1601,1590,-1,1602,1603,1604,-1,1604,1603,1605,-1,1605,1606,1604,-1,1604,1606,1607,-1,1604,1607,1598,-1,1598,1607,1608,-1,1598,1608,1596,-1,1609,1610,1611,-1,1609,1611,1604,-1,1604,1611,1612,-1,1604,1612,1602,-1,1610,1609,1613,-1,1613,1609,1614,-1,1613,1614,1615,-1,1615,1614,1616,-1,1616,1614,1617,-1,1616,1617,1618,-1,1619,1620,1621,-1,1621,1620,1622,-1,1622,1620,1623,-1,1622,1623,1617,-1,1617,1623,1624,-1,1617,1624,1618,-1,1625,1626,1385,-1,1385,1626,1627,-1,1385,1627,1628,-1,1627,1629,1628,-1,1628,1629,1630,-1,1628,1630,1621,-1,1621,1630,1631,-1,1621,1631,1619,-1,1625,1385,1632,-1,1632,1385,1384,-1,1632,1384,1633,-1,1633,1384,1634,-1,1633,1634,1635,-1,1635,1634,1636,-1,1635,1636,1637,-1,1637,1636,1638,-1,1637,1638,1639,-1,1639,1638,1640,-1,1639,1640,1641,-1,1640,1642,1641,-1,1641,1642,1643,-1,1641,1643,1644,-1,1644,1643,1645,-1,1644,1645,1646,-1,1646,1645,1647,-1,1646,1647,1648,-1,1648,1647,1649,-1,1648,1649,1650,-1,1650,1649,1651,-1,1650,1651,1652,-1,1652,1651,1653,-1,1652,1653,1654,-1,1654,1653,1655,-1,1654,1655,1656,-1,1656,1655,1657,-1,1656,1657,1658,-1,1658,1657,1659,-1,1658,1659,1660,-1,1660,1659,1661,-1,1660,1661,1662,-1,1662,1661,1663,-1,1662,1663,1664,-1,1664,1663,1665,-1,1664,1665,1666,-1,1666,1665,1667,-1,1666,1667,1668,-1,1668,1667,1669,-1,1668,1669,1670,-1,1670,1669,1671,-1,1670,1671,337,-1,1672,1673,352,-1,352,1673,1674,-1,352,1674,354,-1,354,1674,1675,-1,354,1675,358,-1,1676,1677,347,-1,347,1677,1678,-1,1678,1679,347,-1,347,1679,1680,-1,347,1680,352,-1,352,1680,1681,-1,352,1681,1672,-1,1682,1683,345,-1,345,1683,1684,-1,345,1684,347,-1,347,1684,1685,-1,347,1685,1676,-1,1686,1687,342,-1,342,1687,1688,-1,1688,1689,342,-1,342,1689,1690,-1,342,1690,345,-1,345,1690,1691,-1,345,1691,1682,-1,337,1671,338,-1,338,1671,1692,-1,338,1692,1693,-1,1693,1694,338,-1,338,1694,1695,-1,338,1695,342,-1,342,1695,1696,-1,342,1696,1686,-1,1697,1698,1699,-1,1699,1698,1700,-1,1699,1700,1701,-1,1701,1700,1702,-1,1701,1702,1703,-1,1703,1702,1704,-1,1703,1704,1705,-1,1705,1704,1706,-1,1705,1706,1707,-1,1708,1709,1710,-1,1710,1709,1711,-1,1710,1711,1712,-1,1712,1711,1713,-1,1712,1713,1714,-1,1714,1713,1715,-1,1714,1715,1697,-1,1697,1715,1716,-1,1697,1716,1698,-1,1717,1718,1719,-1,1719,1718,1720,-1,1719,1720,1721,-1,1721,1720,1722,-1,1721,1722,1723,-1,1723,1722,1724,-1,1723,1724,1708,-1,1708,1724,1725,-1,1708,1725,1709,-1,1726,1727,1728,-1,1728,1727,1729,-1,1728,1729,1730,-1,1730,1729,1731,-1,1730,1731,1732,-1,1732,1731,1733,-1,1732,1733,1717,-1,1717,1733,1734,-1,1717,1734,1718,-1,1735,1736,1737,-1,1737,1736,1738,-1,1737,1738,1739,-1,1739,1738,1740,-1,1739,1740,1741,-1,1741,1740,1742,-1,1741,1742,1743,-1,1743,1742,1744,-1,1743,1744,1726,-1,1726,1744,1745,-1,1726,1745,1727,-1,1706,1746,1707,-1,1707,1746,1747,-1,1707,1747,1748,-1,1748,1747,1749,-1,1748,1749,1750,-1,1750,1749,1751,-1,1750,1751,1752,-1,1752,1751,1753,-1,1752,1753,1754,-1,1753,1755,1754,-1,1754,1755,1756,-1,1754,1756,1757,-1,1757,1756,1758,-1,1757,1758,1759,-1,1759,1758,1760,-1,1759,1760,1761,-1,1761,1760,1762,-1,1761,1762,1735,-1,1735,1762,1763,-1,1735,1763,1736,-1,1704,1764,1706,-1,1706,1764,1765,-1,1706,1765,1746,-1,1746,1765,1766,-1,1746,1766,1747,-1,1747,1766,1767,-1,1747,1767,1749,-1,1749,1767,1768,-1,1749,1768,1751,-1,1751,1768,1769,-1,1751,1769,1753,-1,1753,1769,1770,-1,1753,1770,1755,-1,1755,1770,1771,-1,1755,1771,1756,-1,1756,1771,1772,-1,1756,1772,1758,-1,1758,1772,1773,-1,1758,1773,1760,-1,1760,1773,1774,-1,1760,1774,1762,-1,1762,1774,1775,-1,1762,1775,1763,-1,1763,1775,1776,-1,1763,1776,1736,-1,1736,1776,1777,-1,1736,1777,1738,-1,1738,1777,1778,-1,1738,1778,1740,-1,1740,1778,1779,-1,1740,1779,1742,-1,1742,1779,1780,-1,1742,1780,1744,-1,1744,1780,1781,-1,1744,1781,1745,-1,1745,1781,1782,-1,1745,1782,1727,-1,1727,1782,1783,-1,1727,1783,1729,-1,1729,1783,1784,-1,1729,1784,1731,-1,1731,1784,1785,-1,1731,1785,1733,-1,1733,1785,1786,-1,1733,1786,1734,-1,1734,1786,1787,-1,1734,1787,1718,-1,1718,1787,1788,-1,1718,1788,1720,-1,1720,1788,1789,-1,1720,1789,1722,-1,1722,1789,1790,-1,1722,1790,1724,-1,1724,1790,1791,-1,1724,1791,1725,-1,1725,1791,1792,-1,1725,1792,1709,-1,1709,1792,1793,-1,1709,1793,1711,-1,1711,1793,1794,-1,1711,1794,1713,-1,1713,1794,1795,-1,1713,1795,1715,-1,1715,1795,1796,-1,1715,1796,1716,-1,1716,1796,1797,-1,1716,1797,1698,-1,1698,1797,1798,-1,1698,1798,1700,-1,1700,1798,1799,-1,1700,1799,1702,-1,1702,1799,1800,-1,1702,1800,1704,-1,1704,1800,1764,-1,1781,1801,1782,-1,1782,1801,1802,-1,1782,1802,1783,-1,1783,1802,1803,-1,1783,1803,1784,-1,1784,1803,1804,-1,1784,1804,1785,-1,1785,1804,1805,-1,1785,1805,1786,-1,1786,1805,1806,-1,1786,1806,1787,-1,1787,1806,1807,-1,1787,1807,1788,-1,1788,1807,1808,-1,1788,1808,1789,-1,1789,1808,1809,-1,1789,1809,1790,-1,1790,1809,1810,-1,1790,1810,1791,-1,1791,1810,1811,-1,1791,1811,1792,-1,1792,1811,1812,-1,1792,1812,1793,-1,1793,1812,1813,-1,1793,1813,1794,-1,1769,1814,1770,-1,1770,1814,1815,-1,1770,1815,1771,-1,1771,1815,1816,-1,1771,1816,1772,-1,1772,1816,1817,-1,1772,1817,1773,-1,1773,1817,1818,-1,1773,1818,1774,-1,1774,1818,1819,-1,1774,1819,1775,-1,1775,1819,1820,-1,1775,1820,1776,-1,1776,1820,1821,-1,1776,1821,1777,-1,1777,1821,1822,-1,1777,1822,1778,-1,1778,1822,1823,-1,1778,1823,1779,-1,1779,1823,1824,-1,1779,1824,1780,-1,1780,1824,1825,-1,1780,1825,1781,-1,1781,1825,1826,-1,1781,1826,1801,-1,1813,1827,1794,-1,1794,1827,1828,-1,1794,1828,1795,-1,1795,1828,1829,-1,1795,1829,1796,-1,1796,1829,1830,-1,1796,1830,1797,-1,1797,1830,1831,-1,1797,1831,1798,-1,1798,1831,1832,-1,1798,1832,1799,-1,1799,1832,1833,-1,1799,1833,1800,-1,1800,1833,1834,-1,1800,1834,1764,-1,1764,1834,1835,-1,1764,1835,1765,-1,1765,1835,1836,-1,1765,1836,1766,-1,1766,1836,1837,-1,1766,1837,1767,-1,1767,1837,1838,-1,1767,1838,1768,-1,1768,1838,1839,-1,1768,1839,1769,-1,1769,1839,1840,-1,1769,1840,1814,-1,182,1834,1833,-1,1832,189,1833,-1,1833,189,184,-1,1833,184,182,-1,1831,192,1832,-1,1832,192,194,-1,1832,194,189,-1,1830,203,1831,-1,1831,203,199,-1,1831,199,192,-1,1829,1,1830,-1,1830,1,0,-1,1830,0,203,-1,1828,210,1829,-1,1829,210,212,-1,1829,212,1,-1,223,216,1828,-1,1828,216,218,-1,1828,218,210,-1,223,1828,229,-1,229,1828,1827,-1,229,1827,228,-1,228,1827,1813,-1,228,1813,235,-1,235,1813,234,-1,234,1813,1812,-1,234,1812,243,-1,243,1812,241,-1,241,1812,1811,-1,241,1811,247,-1,247,1811,249,-1,249,1811,1810,-1,249,1810,257,-1,257,1810,255,-1,255,1810,1809,-1,255,1809,260,-1,260,1809,263,-1,263,1809,1808,-1,263,1808,269,-1,269,1808,268,-1,268,1808,1807,-1,268,1807,273,-1,273,1807,278,-1,278,1807,1806,-1,278,1806,282,-1,282,1806,285,-1,285,1806,1805,-1,285,1805,287,-1,287,1805,290,-1,290,1805,1804,-1,290,1804,297,-1,297,1804,295,-1,295,1804,1803,-1,295,1803,304,-1,304,1803,301,-1,301,1803,1802,-1,301,1802,311,-1,311,1802,309,-1,309,1802,1801,-1,309,1801,317,-1,317,1801,322,-1,322,1801,1826,-1,322,1826,326,-1,326,1826,328,-1,328,1826,1825,-1,328,1825,330,-1,330,1825,82,-1,82,1825,1824,-1,82,1824,80,-1,80,1824,78,-1,78,1824,1823,-1,78,1823,101,-1,101,1823,99,-1,99,1823,1822,-1,99,1822,97,-1,97,1822,95,-1,95,1822,1821,-1,95,1821,93,-1,93,1821,91,-1,91,1821,1820,-1,91,1820,109,-1,109,1820,107,-1,107,1820,1819,-1,107,1819,104,-1,104,1819,5,-1,5,1819,1818,-1,5,1818,113,-1,113,1818,114,-1,114,1818,1817,-1,114,1817,119,-1,119,1817,117,-1,117,1817,1816,-1,117,1816,122,-1,122,1816,123,-1,123,1816,1815,-1,123,1815,125,-1,125,1815,130,-1,130,1815,1814,-1,130,1814,128,-1,128,1814,126,-1,126,1814,1840,-1,126,1840,135,-1,1839,139,1840,-1,1840,139,138,-1,1840,138,135,-1,1838,146,1839,-1,1839,146,148,-1,1839,148,139,-1,1837,154,1838,-1,1838,154,151,-1,1838,151,146,-1,1836,159,1837,-1,1837,159,160,-1,1837,160,154,-1,1835,170,1836,-1,1836,170,166,-1,1836,166,159,-1,182,180,1834,-1,1834,180,176,-1,1834,176,1835,-1,1835,176,172,-1,1835,172,170,-1,1598,1841,1842,-1,1598,1599,1841,-1,1841,1599,1589,-1,1841,1589,1843,-1,1589,1587,1843,-1,1843,1587,1593,-1,1843,1593,1844,-1,1593,1584,1844,-1,1844,1584,1577,-1,1844,1577,1845,-1,1577,1579,1845,-1,1845,1579,1570,-1,1845,1570,1846,-1,1570,1569,1846,-1,1846,1569,1567,-1,1846,1567,1847,-1,1567,1565,1847,-1,1847,1565,1558,-1,1847,1558,1848,-1,1558,1556,1848,-1,1848,1556,1376,-1,1848,1376,1849,-1,1376,1375,1849,-1,1849,1375,1547,-1,1849,1547,1850,-1,1547,1545,1850,-1,1850,1545,1540,-1,1850,1540,1851,-1,1540,1541,1851,-1,1851,1541,1533,-1,1851,1533,1852,-1,1533,1535,1852,-1,1852,1535,1526,-1,1852,1526,1853,-1,1521,1854,1519,-1,1519,1854,1853,-1,1519,1853,1528,-1,1528,1853,1526,-1,1521,1514,1854,-1,1854,1514,1508,-1,1854,1508,1855,-1,1508,1507,1855,-1,1855,1507,1503,-1,1855,1503,1856,-1,1503,1500,1856,-1,1856,1500,1497,-1,1856,1497,1857,-1,1497,1492,1857,-1,1857,1492,1494,-1,1857,1494,1858,-1,1494,1486,1858,-1,1858,1486,1484,-1,1858,1484,1859,-1,1484,1481,1859,-1,1859,1481,1478,-1,1859,1478,1860,-1,1478,1475,1860,-1,1860,1475,1471,-1,1860,1471,1861,-1,1471,1466,1861,-1,1861,1466,1463,-1,1861,1463,1862,-1,1463,1460,1862,-1,1862,1460,1458,-1,1862,1458,1863,-1,1458,1455,1863,-1,1863,1455,1451,-1,1863,1451,1864,-1,1451,1446,1864,-1,1864,1446,1442,-1,1864,1442,1865,-1,1442,1443,1865,-1,1865,1443,1435,-1,1865,1435,1866,-1,1427,1867,1428,-1,1428,1867,1866,-1,1428,1866,1437,-1,1437,1866,1435,-1,1427,1425,1867,-1,1867,1425,1380,-1,1867,1380,1868,-1,1380,1409,1868,-1,1868,1409,1411,-1,1868,1411,1869,-1,1411,1413,1869,-1,1869,1413,1415,-1,1869,1415,1870,-1,1415,1417,1870,-1,1870,1417,1419,-1,1870,1419,1871,-1,1419,1421,1871,-1,1871,1421,1400,-1,1871,1400,1872,-1,1400,1399,1872,-1,1872,1399,1404,-1,1872,1404,1873,-1,1404,1406,1873,-1,1873,1406,1386,-1,1873,1386,1874,-1,1386,1388,1874,-1,1874,1388,1390,-1,1874,1390,1875,-1,1390,1392,1875,-1,1875,1392,1394,-1,1875,1394,1876,-1,1394,1396,1876,-1,1876,1396,1381,-1,1876,1381,1877,-1,1381,1383,1877,-1,1877,1383,1385,-1,1877,1385,1878,-1,1385,1628,1878,-1,1878,1628,1621,-1,1878,1621,1879,-1,1621,1622,1879,-1,1879,1622,1617,-1,1879,1617,1880,-1,1617,1614,1880,-1,1880,1614,1609,-1,1880,1609,1842,-1,1842,1609,1604,-1,1842,1604,1598,-1,1842,1881,1880,-1,1880,1881,1882,-1,1880,1882,1879,-1,1879,1882,1883,-1,1879,1883,1878,-1,1878,1883,1884,-1,1878,1884,1877,-1,1877,1884,1885,-1,1877,1885,1876,-1,1876,1885,1886,-1,1876,1886,1875,-1,1875,1886,1887,-1,1875,1887,1874,-1,1874,1887,1888,-1,1874,1888,1873,-1,1873,1888,1889,-1,1873,1889,1872,-1,1872,1889,1890,-1,1872,1890,1871,-1,1871,1890,1891,-1,1871,1891,1870,-1,1870,1891,1892,-1,1870,1892,1869,-1,1869,1892,1893,-1,1869,1893,1868,-1,1868,1893,1894,-1,1868,1894,1867,-1,1867,1894,1895,-1,1867,1895,1866,-1,1866,1895,1896,-1,1866,1896,1865,-1,1865,1896,1897,-1,1865,1897,1864,-1,1864,1897,1898,-1,1864,1898,1863,-1,1863,1898,1899,-1,1863,1899,1862,-1,1862,1899,1900,-1,1862,1900,1861,-1,1861,1900,1901,-1,1861,1901,1860,-1,1860,1901,1902,-1,1860,1902,1859,-1,1859,1902,1903,-1,1859,1903,1858,-1,1858,1903,1904,-1,1858,1904,1857,-1,1857,1904,1905,-1,1857,1905,1856,-1,1856,1905,1906,-1,1856,1906,1855,-1,1855,1906,1907,-1,1855,1907,1854,-1,1854,1907,1908,-1,1854,1908,1853,-1,1853,1908,1909,-1,1853,1909,1852,-1,1852,1909,1910,-1,1852,1910,1851,-1,1851,1910,1911,-1,1851,1911,1850,-1,1850,1911,1912,-1,1850,1912,1849,-1,1849,1912,1913,-1,1849,1913,1848,-1,1848,1913,1914,-1,1848,1914,1847,-1,1847,1914,1915,-1,1847,1915,1846,-1,1846,1915,1916,-1,1846,1916,1845,-1,1845,1916,1917,-1,1845,1917,1844,-1,1844,1917,1918,-1,1844,1918,1843,-1,1843,1918,1919,-1,1843,1919,1841,-1,1841,1919,1920,-1,1841,1920,1842,-1,1842,1920,1881,-1,1921,1899,1922,-1,1922,1899,1898,-1,1922,1898,1923,-1,1923,1898,1897,-1,1923,1897,1924,-1,1924,1897,1896,-1,1924,1896,1925,-1,1925,1896,1895,-1,1925,1895,1926,-1,1926,1895,1894,-1,1926,1894,1927,-1,1927,1894,1893,-1,1927,1893,1928,-1,1928,1893,1892,-1,1928,1892,1929,-1,1929,1892,1891,-1,1929,1891,1930,-1,1930,1891,1890,-1,1930,1890,1931,-1,1931,1890,1889,-1,1931,1889,1932,-1,1932,1889,1888,-1,1932,1888,1933,-1,1888,1887,1933,-1,1933,1887,1886,-1,1933,1886,1934,-1,1934,1886,1885,-1,1934,1885,1935,-1,1935,1885,1884,-1,1935,1884,1936,-1,1936,1884,1883,-1,1936,1883,1937,-1,1937,1883,1882,-1,1937,1882,1938,-1,1938,1882,1881,-1,1938,1881,1939,-1,1939,1881,1920,-1,1939,1920,1940,-1,1940,1920,1919,-1,1940,1919,1941,-1,1941,1919,1918,-1,1941,1918,1942,-1,1942,1918,1917,-1,1942,1917,1943,-1,1943,1917,1916,-1,1943,1916,1944,-1,1944,1916,1915,-1,1944,1915,1945,-1,1915,1914,1945,-1,1945,1914,1913,-1,1945,1913,1946,-1,1946,1913,1912,-1,1946,1912,1947,-1,1947,1912,1911,-1,1947,1911,1948,-1,1948,1911,1910,-1,1948,1910,1949,-1,1949,1910,1909,-1,1949,1909,1950,-1,1950,1909,1908,-1,1950,1908,1951,-1,1951,1908,1907,-1,1951,1907,1952,-1,1952,1907,1906,-1,1952,1906,1953,-1,1953,1906,1905,-1,1953,1905,1954,-1,1954,1905,1904,-1,1954,1904,1955,-1,1955,1904,1903,-1,1955,1903,1956,-1,1956,1903,1902,-1,1956,1902,1957,-1,1957,1902,1901,-1,1957,1901,1921,-1,1921,1901,1900,-1,1921,1900,1899,-1,1939,1958,1938,-1,1938,1958,1959,-1,1938,1959,1937,-1,1937,1959,1960,-1,1937,1960,1936,-1,1936,1960,1961,-1,1936,1961,1935,-1,1935,1961,1962,-1,1935,1962,1934,-1,1934,1962,1963,-1,1934,1963,1933,-1,1933,1963,1964,-1,1933,1964,1932,-1,1932,1964,1965,-1,1932,1965,1931,-1,1931,1965,1966,-1,1931,1966,1930,-1,1930,1966,1967,-1,1930,1967,1929,-1,1929,1967,1968,-1,1929,1968,1928,-1,1928,1968,1969,-1,1928,1969,1927,-1,1927,1969,1970,-1,1927,1970,1926,-1,1926,1970,1971,-1,1926,1971,1925,-1,1925,1971,1972,-1,1925,1972,1924,-1,1924,1972,1973,-1,1924,1973,1923,-1,1923,1973,1974,-1,1923,1974,1922,-1,1922,1974,1975,-1,1922,1975,1921,-1,1921,1975,1976,-1,1921,1976,1957,-1,1957,1976,1977,-1,1957,1977,1956,-1,1956,1977,1978,-1,1956,1978,1955,-1,1955,1978,1979,-1,1955,1979,1954,-1,1954,1979,1980,-1,1954,1980,1953,-1,1953,1980,1981,-1,1953,1981,1952,-1,1952,1981,1982,-1,1952,1982,1951,-1,1951,1982,1983,-1,1951,1983,1950,-1,1950,1983,1984,-1,1950,1984,1949,-1,1949,1984,1985,-1,1949,1985,1948,-1,1948,1985,1986,-1,1948,1986,1947,-1,1947,1986,1987,-1,1947,1987,1946,-1,1946,1987,1988,-1,1946,1988,1945,-1,1945,1988,1989,-1,1945,1989,1944,-1,1944,1989,1990,-1,1944,1990,1943,-1,1943,1990,1991,-1,1943,1991,1942,-1,1942,1991,1992,-1,1942,1992,1941,-1,1941,1992,1993,-1,1941,1993,1940,-1,1940,1993,1994,-1,1940,1994,1939,-1,1939,1994,1958,-1,1995,1967,1996,-1,1996,1967,1966,-1,1996,1966,1997,-1,1997,1966,1965,-1,1997,1965,1998,-1,1998,1965,1964,-1,1998,1964,1999,-1,1999,1964,1963,-1,1999,1963,2000,-1,2000,1963,1962,-1,2000,1962,2001,-1,2001,1962,1961,-1,2001,1961,2002,-1,2002,1961,1960,-1,2002,1960,2003,-1,2003,1960,1959,-1,2003,1959,2004,-1,2004,1959,1958,-1,2004,1958,2005,-1,2005,1958,1994,-1,2005,1994,2006,-1,2006,1994,1993,-1,2006,1993,2007,-1,2007,1993,1992,-1,2007,1992,2008,-1,2008,1992,1991,-1,2008,1991,2009,-1,2009,1991,1990,-1,2009,1990,2010,-1,2010,1990,1989,-1,2010,1989,2011,-1,2011,1989,1988,-1,2011,1988,2012,-1,2012,1988,1987,-1,2012,1987,2013,-1,1987,1986,2013,-1,2013,1986,1985,-1,2013,1985,2014,-1,2014,1985,1984,-1,2014,1984,2015,-1,2015,1984,1983,-1,2015,1983,2016,-1,2016,1983,1982,-1,2016,1982,2017,-1,2017,1982,1981,-1,2017,1981,2018,-1,2018,1981,1980,-1,2018,1980,2019,-1,2019,1980,1979,-1,2019,1979,2020,-1,2020,1979,1978,-1,2020,1978,2021,-1,2021,1978,1977,-1,2021,1977,2022,-1,2022,1977,1976,-1,2022,1976,2023,-1,2023,1976,1975,-1,2023,1975,2024,-1,2024,1975,1974,-1,2024,1974,2025,-1,2025,1974,1973,-1,2025,1973,2026,-1,2026,1973,1972,-1,2026,1972,2027,-1,2027,1972,1971,-1,2027,1971,2028,-1,2028,1971,1970,-1,2028,1970,2029,-1,2029,1970,1969,-1,2029,1969,1995,-1,1995,1969,1968,-1,1995,1968,1967,-1,2030,2003,2004,-1,2030,2031,2003,-1,2003,2031,2032,-1,2003,2032,2002,-1,2032,2033,2002,-1,2002,2033,2034,-1,2002,2034,2001,-1,2034,2035,2001,-1,2001,2035,2036,-1,2001,2036,2000,-1,2036,2037,2000,-1,2000,2037,2038,-1,2000,2038,1999,-1,2038,2039,1999,-1,1999,2039,2040,-1,1999,2040,1998,-1,2040,2041,1998,-1,1998,2041,2042,-1,1998,2042,1997,-1,2042,2043,1997,-1,1997,2043,2044,-1,1997,2044,1996,-1,2044,2045,1996,-1,1996,2045,2046,-1,1996,2046,1995,-1,2046,2047,1995,-1,1995,2047,2048,-1,1995,2048,2029,-1,2048,2049,2029,-1,2029,2049,2050,-1,2029,2050,2028,-1,2050,2051,2028,-1,2028,2051,2052,-1,2028,2052,2027,-1,2052,2053,2027,-1,2027,2053,2054,-1,2027,2054,2026,-1,2054,2055,2026,-1,2026,2055,2056,-1,2026,2056,2025,-1,2056,2057,2025,-1,2025,2057,2058,-1,2025,2058,2024,-1,2058,2059,2024,-1,2024,2059,2060,-1,2024,2060,2023,-1,2060,2061,2023,-1,2023,2061,2062,-1,2023,2062,2022,-1,2062,2063,2022,-1,2022,2063,2064,-1,2022,2064,2021,-1,2064,2065,2021,-1,2021,2065,2066,-1,2021,2066,2020,-1,2066,2067,2020,-1,2020,2067,2068,-1,2020,2068,2019,-1,2068,2069,2019,-1,2019,2069,2070,-1,2019,2070,2018,-1,2070,2071,2018,-1,2018,2071,2072,-1,2018,2072,2017,-1,2072,2073,2017,-1,2017,2073,2074,-1,2017,2074,2016,-1,2074,2075,2016,-1,2016,2075,2076,-1,2016,2076,2015,-1,2076,2077,2015,-1,2015,2077,2078,-1,2015,2078,2014,-1,2078,2079,2014,-1,2014,2079,2080,-1,2014,2080,2013,-1,2080,2081,2013,-1,2013,2081,2082,-1,2013,2082,2012,-1,2082,2083,2012,-1,2012,2083,2084,-1,2012,2084,2011,-1,2084,2085,2011,-1,2011,2085,2086,-1,2011,2086,2010,-1,2086,2087,2010,-1,2010,2087,2088,-1,2010,2088,2009,-1,2088,2089,2009,-1,2009,2089,2090,-1,2009,2090,2008,-1,2090,2091,2008,-1,2008,2091,2092,-1,2008,2092,2007,-1,2092,2093,2007,-1,2007,2093,2094,-1,2007,2094,2006,-1,2094,2095,2006,-1,2006,2095,2096,-1,2006,2096,2005,-1,2096,2097,2005,-1,2005,2097,2098,-1,2005,2098,2004,-1,2004,2098,2099,-1,2004,2099,2030,-1,2065,2100,2101,-1,2102,2067,2101,-1,2101,2067,2066,-1,2101,2066,2065,-1,2103,2069,2102,-1,2102,2069,2068,-1,2102,2068,2067,-1,2104,2071,2103,-1,2103,2071,2070,-1,2103,2070,2069,-1,2105,2073,2104,-1,2104,2073,2072,-1,2104,2072,2071,-1,2106,2075,2105,-1,2105,2075,2074,-1,2105,2074,2073,-1,2107,2077,2106,-1,2106,2077,2076,-1,2106,2076,2075,-1,2108,2079,2107,-1,2107,2079,2078,-1,2107,2078,2077,-1,2109,2081,2108,-1,2108,2081,2080,-1,2108,2080,2079,-1,2110,2083,2109,-1,2109,2083,2082,-1,2109,2082,2081,-1,2111,2085,2110,-1,2110,2085,2084,-1,2110,2084,2083,-1,2112,2087,2111,-1,2111,2087,2086,-1,2111,2086,2085,-1,2113,2089,2112,-1,2112,2089,2088,-1,2112,2088,2087,-1,2114,2091,2113,-1,2113,2091,2090,-1,2113,2090,2089,-1,2115,2093,2114,-1,2114,2093,2092,-1,2114,2092,2091,-1,2116,2095,2115,-1,2115,2095,2094,-1,2115,2094,2093,-1,2117,2097,2116,-1,2116,2097,2096,-1,2116,2096,2095,-1,2118,2031,2119,-1,2119,2031,2030,-1,2119,2030,2120,-1,2120,2030,2099,-1,2120,2099,2117,-1,2117,2099,2098,-1,2117,2098,2097,-1,2121,2033,2118,-1,2118,2033,2032,-1,2118,2032,2031,-1,2122,2035,2121,-1,2121,2035,2034,-1,2121,2034,2033,-1,2123,2037,2122,-1,2122,2037,2036,-1,2122,2036,2035,-1,2124,2039,2123,-1,2123,2039,2038,-1,2123,2038,2037,-1,2125,2041,2124,-1,2124,2041,2040,-1,2124,2040,2039,-1,2126,2043,2125,-1,2125,2043,2042,-1,2125,2042,2041,-1,2127,2045,2126,-1,2126,2045,2044,-1,2126,2044,2043,-1,2128,2047,2127,-1,2127,2047,2046,-1,2127,2046,2045,-1,2129,2049,2128,-1,2128,2049,2048,-1,2128,2048,2047,-1,2130,2051,2129,-1,2129,2051,2050,-1,2129,2050,2049,-1,2131,2053,2130,-1,2130,2053,2052,-1,2130,2052,2051,-1,2132,2055,2131,-1,2131,2055,2054,-1,2131,2054,2053,-1,2133,2057,2132,-1,2132,2057,2056,-1,2132,2056,2055,-1,2134,2059,2133,-1,2133,2059,2058,-1,2133,2058,2057,-1,2135,2061,2134,-1,2134,2061,2060,-1,2134,2060,2059,-1,2065,2064,2100,-1,2100,2064,2063,-1,2100,2063,2135,-1,2135,2063,2062,-1,2135,2062,2061,-1,2136,2137,2121,-1,2121,2137,2138,-1,2121,2138,2122,-1,2122,2138,2139,-1,2122,2139,2123,-1,2123,2139,2140,-1,2123,2140,2124,-1,2124,2140,2141,-1,2124,2141,2125,-1,2125,2141,2142,-1,2125,2142,2126,-1,2126,2142,2143,-1,2126,2143,2127,-1,2127,2143,2144,-1,2127,2144,2128,-1,2128,2144,2145,-1,2128,2145,2129,-1,2129,2145,2146,-1,2129,2146,2130,-1,2130,2146,2147,-1,2130,2147,2131,-1,2131,2147,2148,-1,2131,2148,2132,-1,2132,2148,2149,-1,2132,2149,2133,-1,2133,2149,2150,-1,2133,2150,2134,-1,2134,2150,2151,-1,2134,2151,2135,-1,2135,2151,2152,-1,2135,2152,2100,-1,2100,2152,2153,-1,2100,2153,2101,-1,2101,2153,2154,-1,2101,2154,2102,-1,2102,2154,2155,-1,2102,2155,2103,-1,2103,2155,2156,-1,2103,2156,2104,-1,2104,2156,2157,-1,2104,2157,2105,-1,2105,2157,2158,-1,2105,2158,2106,-1,2106,2158,2159,-1,2106,2159,2107,-1,2107,2159,2160,-1,2107,2160,2108,-1,2108,2160,2161,-1,2108,2161,2109,-1,2109,2161,2162,-1,2109,2162,2110,-1,2110,2162,2163,-1,2110,2163,2111,-1,2111,2163,2164,-1,2111,2164,2112,-1,2112,2164,2165,-1,2112,2165,2113,-1,2113,2165,2166,-1,2113,2166,2114,-1,2114,2166,2167,-1,2114,2167,2115,-1,2115,2167,2168,-1,2115,2168,2116,-1,2116,2168,2169,-1,2121,2118,2136,-1,2136,2118,2119,-1,2136,2119,2170,-1,2170,2119,2120,-1,2170,2120,2169,-1,2169,2120,2117,-1,2169,2117,2116,-1,2170,2171,2136,-1,2136,2171,2172,-1,2136,2172,2137,-1,2137,2172,2173,-1,2137,2173,2138,-1,2138,2173,2174,-1,2138,2174,2139,-1,2139,2174,2175,-1,2139,2175,2140,-1,2140,2175,2176,-1,2140,2176,2141,-1,2141,2176,2177,-1,2141,2177,2142,-1,2142,2177,2178,-1,2142,2178,2143,-1,2143,2178,2179,-1,2143,2179,2144,-1,2144,2179,2180,-1,2144,2180,2145,-1,2145,2180,2181,-1,2145,2181,2146,-1,2146,2181,2182,-1,2146,2182,2147,-1,2147,2182,2183,-1,2147,2183,2148,-1,2148,2183,2184,-1,2148,2184,2149,-1,2149,2184,2185,-1,2149,2185,2150,-1,2150,2185,2186,-1,2150,2186,2151,-1,2151,2186,2187,-1,2151,2187,2152,-1,2152,2187,2188,-1,2152,2188,2153,-1,2153,2188,2189,-1,2153,2189,2154,-1,2154,2189,2190,-1,2154,2190,2155,-1,2155,2190,2191,-1,2155,2191,2156,-1,2156,2191,2192,-1,2156,2192,2157,-1,2157,2192,2193,-1,2157,2193,2158,-1,2158,2193,2194,-1,2158,2194,2159,-1,2159,2194,2195,-1,2159,2195,2160,-1,2160,2195,2196,-1,2160,2196,2161,-1,2161,2196,2197,-1,2161,2197,2162,-1,2162,2197,2198,-1,2162,2198,2163,-1,2163,2198,2199,-1,2163,2199,2164,-1,2164,2199,2200,-1,2164,2200,2165,-1,2165,2200,2201,-1,2165,2201,2166,-1,2166,2201,2202,-1,2166,2202,2167,-1,2167,2202,2203,-1,2167,2203,2168,-1,2168,2203,2204,-1,2168,2204,2169,-1,2169,2204,2205,-1,2169,2205,2170,-1,2170,2205,2171,-1,2206,2175,2207,-1,2207,2175,2174,-1,2207,2174,2208,-1,2208,2174,2173,-1,2208,2173,2209,-1,2209,2173,2172,-1,2209,2172,2210,-1,2210,2172,2171,-1,2210,2171,2211,-1,2211,2171,2205,-1,2211,2205,2212,-1,2212,2205,2204,-1,2212,2204,2213,-1,2214,2181,2215,-1,2215,2181,2180,-1,2215,2180,2216,-1,2216,2180,2179,-1,2216,2179,2217,-1,2217,2179,2178,-1,2217,2178,2218,-1,2218,2178,2177,-1,2218,2177,2206,-1,2206,2177,2176,-1,2206,2176,2175,-1,2219,2189,2220,-1,2220,2189,2188,-1,2220,2188,2221,-1,2221,2188,2187,-1,2221,2187,2222,-1,2222,2187,2186,-1,2222,2186,2223,-1,2223,2186,2185,-1,2223,2185,2224,-1,2224,2185,2184,-1,2224,2184,2225,-1,2225,2184,2183,-1,2225,2183,2214,-1,2214,2183,2182,-1,2214,2182,2181,-1,2226,2195,2227,-1,2227,2195,2194,-1,2227,2194,2228,-1,2228,2194,2193,-1,2228,2193,2229,-1,2229,2193,2192,-1,2229,2192,2230,-1,2230,2192,2191,-1,2230,2191,2219,-1,2219,2191,2190,-1,2219,2190,2189,-1,2204,2203,2213,-1,2213,2203,2202,-1,2213,2202,2231,-1,2231,2202,2201,-1,2231,2201,2232,-1,2232,2201,2200,-1,2232,2200,2233,-1,2233,2200,2199,-1,2233,2199,2234,-1,2234,2199,2198,-1,2234,2198,2235,-1,2235,2198,2197,-1,2235,2197,2226,-1,2226,2197,2196,-1,2226,2196,2195,-1,2210,1703,2209,-1,2209,1703,1705,-1,2209,1705,2208,-1,2208,1705,1707,-1,2208,1707,2207,-1,2207,1707,1748,-1,2207,1748,2206,-1,2206,1748,1750,-1,2206,1750,2218,-1,2218,1750,1752,-1,2218,1752,2217,-1,2217,1752,1754,-1,2217,1754,2216,-1,2216,1754,1757,-1,2216,1757,2215,-1,2215,1757,1759,-1,2215,1759,2214,-1,2214,1759,1761,-1,2214,1761,2225,-1,2225,1761,1735,-1,2225,1735,2224,-1,2224,1735,1737,-1,2224,1737,2223,-1,2223,1737,1739,-1,2223,1739,2222,-1,2222,1739,1741,-1,2222,1741,2221,-1,2221,1741,1743,-1,2221,1743,2220,-1,2220,1743,1726,-1,2220,1726,2219,-1,2219,1726,1728,-1,2219,1728,2230,-1,2230,1728,1730,-1,2230,1730,2229,-1,2229,1730,1732,-1,2229,1732,2228,-1,2228,1732,1717,-1,2228,1717,2227,-1,2227,1717,1719,-1,2227,1719,2226,-1,2226,1719,1721,-1,2226,1721,2235,-1,2235,1721,1723,-1,2235,1723,2234,-1,2234,1723,1708,-1,2234,1708,2233,-1,2233,1708,1710,-1,2233,1710,2232,-1,2232,1710,1712,-1,2232,1712,2231,-1,2231,1712,1714,-1,2231,1714,2213,-1,2213,1714,1697,-1,2213,1697,2212,-1,2212,1697,1699,-1,2212,1699,2211,-1,2211,1699,1701,-1,2211,1701,2210,-1,2210,1701,1703,-1,2236,2237,2238,-1,2239,2240,2241,-1,2242,2243,2244,-1,2245,2246,2247,-1,2248,2249,2250,-1,2251,2252,2253,-1,2254,2255,2256,-1,2257,2258,2259,-1,2260,2261,2262,-1,2263,2264,2265,-1,2266,2267,2268,-1,2269,2270,2271,-1,2272,2273,2274,-1,2275,2276,2277,-1,2278,2279,2280,-1,2281,2282,2283,-1,2284,2285,2286,-1,2287,2288,2289,-1,2290,2291,2292,-1,2293,2294,2295,-1,2296,2297,2298,-1,2299,2300,2301,-1,2302,2303,2304,-1,2305,2306,2307,-1,2308,2309,2310,-1,2311,2312,2313,-1,2314,2315,2316,-1,2317,2318,2319,-1,2320,2321,2322,-1,2323,2324,2325,-1,2326,2327,2328,-1,2329,2330,2331,-1,2332,2333,2334,-1,2335,2336,2337,-1,2338,2339,2340,-1,2341,2342,2343,-1,2344,2345,2346,-1,2347,2348,2349,-1,2350,2351,2352,-1,2353,2354,2355,-1,2356,2357,2358,-1,2359,2360,2361,-1,2362,2363,2364,-1,2365,2366,2367,-1,2368,2369,2370,-1,2371,2372,2373,-1,2374,2375,2376,-1,2377,2378,2379,-1,2380,2381,2382,-1,2383,2384,2385,-1,2386,2387,2388,-1,2389,2390,2391,-1,2392,2393,2394,-1,2395,2396,2397,-1,2398,2399,2400,-1,2401,2402,2403,-1,2404,2405,2406,-1,2407,2408,2409,-1,2410,2411,2412,-1,2413,2414,2415,-1,2416,2417,2418,-1,2419,2420,2421,-1,2422,2423,2424,-1,2425,2426,2427,-1,2428,2429,2430,-1,2431,2432,2433,-1,2434,2435,2436,-1,2437,2438,2439,-1,2440,2441,2442,-1,1363,1368,2247,-1,1369,1370,2250,-1,1318,1316,2262,-1,1276,1274,2443,-1,2443,1274,2444,-1,1260,1258,2274,-1,1256,1254,2277,-1,1252,1250,2445,-1,2445,1250,2446,-1,1218,1216,2447,-1,1208,1206,2280,-1,1198,1196,2289,-1,1194,1192,2448,-1,868,870,2301,-1,872,874,2304,-1,910,912,2449,-1,2449,912,2450,-1,930,932,2316,-1,934,936,2451,-1,2451,936,2452,-1,1036,1038,2325,-1,1040,1042,2328,-1,1098,1100,2340,-1,610,612,2453,-1,644,646,2352,-1,682,684,2454,-1,2455,2456,688,-1,696,698,2358,-1,796,798,2457,-1,812,814,2385,-1,816,818,2388,-1,820,822,2458,-1,850,595,2459,-1,583,581,2391,-1,521,519,2406,-1,501,499,2460,-1,467,465,2415,-1,463,461,2418,-1,459,457,2461,-1,2461,457,2462,-1,415,413,2421,-1,405,403,2430,-1,2463,2464,157,-1,2465,2466,225,-1,237,236,2467,-1,292,291,2468,-1,1693,2469,1694,-1,1634,1384,2470,-1,2471,1638,2470,-1,2470,1638,1636,-1,2470,1636,1634,-1,2472,2473,1647,-1,1647,1645,2472,-1,2472,1645,1643,-1,2472,1643,2474,-1,2474,1643,1642,-1,2474,1642,2471,-1,2471,1642,1640,-1,2471,1640,1638,-1,2475,1653,2476,-1,2476,1653,1651,-1,2476,1651,2473,-1,2473,1651,1649,-1,2473,1649,1647,-1,2477,1657,2475,-1,2475,1657,1655,-1,2475,1655,1653,-1,2478,1669,1667,-1,2478,1667,2479,-1,1667,1665,2479,-1,2479,1665,1663,-1,2479,1663,2480,-1,2480,1663,1661,-1,2480,1661,2477,-1,2477,1661,1659,-1,2477,1659,1657,-1,1669,2478,1671,-1,1671,2478,2481,-1,1671,2481,1692,-1,1692,2481,2482,-1,1692,2482,1693,-1,1687,1686,2483,-1,2483,1686,1696,-1,2483,1696,2469,-1,2469,1696,1695,-1,2469,1695,1694,-1,1691,1690,2484,-1,2484,1690,1689,-1,2484,1689,2483,-1,2483,1689,1688,-1,2483,1688,1687,-1,1685,1684,2442,-1,2442,1684,1683,-1,2442,1683,1682,-1,1679,1678,2439,-1,2439,1678,1677,-1,2439,1677,1676,-1,1674,1673,2433,-1,2433,1673,1672,-1,1681,1680,2436,-1,358,1675,2485,-1,52,2486,54,-1,54,2486,2487,-1,52,50,2486,-1,2486,50,48,-1,2486,48,46,-1,60,58,2487,-1,2487,58,56,-1,2487,56,54,-1,61,2488,63,-1,63,2488,2489,-1,63,2489,65,-1,65,2489,74,-1,71,77,2489,-1,2489,77,76,-1,2489,76,74,-1,69,2490,67,-1,67,2490,2491,-1,67,2491,88,-1,84,83,2491,-1,2491,83,86,-1,2491,86,88,-1,331,336,2492,-1,2492,336,335,-1,2492,335,2493,-1,2493,335,334,-1,2493,334,333,-1,325,327,2494,-1,2494,327,329,-1,2494,329,2492,-1,2492,329,332,-1,2492,332,331,-1,323,321,2244,-1,2244,321,320,-1,2241,315,324,-1,319,318,2241,-1,2241,318,316,-1,2241,316,315,-1,2495,312,310,-1,308,307,2238,-1,2496,302,314,-1,2496,314,2495,-1,2495,314,313,-1,2495,313,312,-1,2497,305,2496,-1,2496,305,303,-1,2496,303,302,-1,294,2497,296,-1,296,2497,2498,-1,294,293,2497,-1,2497,293,306,-1,2497,306,305,-1,291,300,2468,-1,2468,300,299,-1,2468,299,2498,-1,2498,299,298,-1,2498,298,296,-1,292,2468,288,-1,288,2468,2499,-1,288,2499,289,-1,283,284,2499,-1,2499,284,286,-1,2499,286,289,-1,281,2500,276,-1,276,2500,2501,-1,276,2501,277,-1,274,280,2501,-1,2501,280,279,-1,2501,279,277,-1,2502,267,2503,-1,2503,267,266,-1,2503,266,275,-1,264,272,2502,-1,272,271,2502,-1,2502,271,270,-1,2502,270,267,-1,254,253,2504,-1,2504,253,262,-1,2504,262,2505,-1,2505,262,261,-1,2505,261,265,-1,254,2504,256,-1,256,2504,2506,-1,256,2506,258,-1,246,248,2506,-1,2506,248,259,-1,2506,259,258,-1,239,2507,2508,-1,239,252,2507,-1,2507,252,251,-1,2507,251,2509,-1,2509,251,250,-1,2509,250,246,-1,2510,244,2511,-1,2511,244,242,-1,2511,242,2508,-1,2508,242,240,-1,2508,240,239,-1,2467,236,2512,-1,236,233,2512,-1,2512,233,232,-1,2512,232,2510,-1,2510,232,245,-1,2510,245,244,-1,2513,230,2514,-1,2514,230,227,-1,2514,227,2515,-1,2515,227,226,-1,2515,226,2467,-1,2467,226,238,-1,2467,238,237,-1,225,224,2465,-1,2465,224,222,-1,2465,222,2516,-1,2516,222,221,-1,2516,221,2513,-1,2513,221,231,-1,2513,231,230,-1,2517,219,2466,-1,2466,219,217,-1,2466,217,225,-1,2518,209,2519,-1,2519,209,208,-1,2519,208,2517,-1,2517,208,220,-1,2517,220,219,-1,2,215,2520,-1,2520,215,214,-1,2520,214,2521,-1,2521,214,213,-1,2521,213,2518,-1,2518,213,211,-1,2518,211,209,-1,2,2520,205,-1,205,2520,2522,-1,205,2522,206,-1,206,2522,2523,-1,206,2523,207,-1,207,2523,204,-1,204,2523,2524,-1,204,2524,202,-1,202,2524,197,-1,197,2524,2525,-1,197,2525,198,-1,198,2525,2526,-1,198,2526,200,-1,200,2526,2527,-1,200,2527,201,-1,191,190,2528,-1,2528,190,2529,-1,190,188,2529,-1,2529,188,187,-1,2529,187,2530,-1,2530,187,196,-1,2530,196,2531,-1,2531,196,195,-1,2531,195,2527,-1,2527,195,193,-1,2527,193,201,-1,2532,181,183,-1,2532,183,2533,-1,2533,183,186,-1,2533,186,2528,-1,2528,186,185,-1,2528,185,191,-1,181,2532,179,-1,179,2532,2534,-1,179,2534,174,-1,174,2534,2535,-1,174,2535,175,-1,2536,164,2537,-1,2537,164,169,-1,2537,169,2538,-1,169,171,2538,-1,2538,171,173,-1,2538,173,2539,-1,2539,173,178,-1,2539,178,2535,-1,2535,178,177,-1,2535,177,175,-1,157,168,2463,-1,2463,168,167,-1,2463,167,2536,-1,2536,167,165,-1,2536,165,164,-1,2540,162,2541,-1,2541,162,161,-1,2541,161,2464,-1,2464,161,158,-1,2464,158,157,-1,2542,2543,153,-1,153,152,2542,-1,2542,152,156,-1,2542,156,2544,-1,2544,156,155,-1,2544,155,2540,-1,2540,155,163,-1,2540,163,162,-1,150,149,2545,-1,2545,149,147,-1,2545,147,2546,-1,2546,147,145,-1,2546,145,2543,-1,2543,145,144,-1,2543,144,153,-1,133,2547,2548,-1,133,143,2547,-1,2547,143,142,-1,2547,142,2549,-1,2549,142,141,-1,2549,141,2545,-1,2545,141,140,-1,2545,140,150,-1,127,137,2550,-1,2550,137,136,-1,2550,136,2548,-1,2548,136,134,-1,2548,134,133,-1,2551,363,2552,-1,2552,363,361,-1,2552,361,2485,-1,2485,361,359,-1,2485,359,358,-1,2553,367,2551,-1,2551,367,365,-1,2551,365,363,-1,375,373,2554,-1,2554,373,371,-1,2554,371,2553,-1,2553,371,369,-1,2553,369,367,-1,377,2555,379,-1,379,2555,2556,-1,379,2556,381,-1,383,2557,385,-1,385,2557,2558,-1,385,2558,387,-1,389,2559,391,-1,391,2559,2560,-1,401,399,2561,-1,2561,399,397,-1,2561,397,2562,-1,2562,397,395,-1,2562,395,2560,-1,2560,395,393,-1,2560,393,391,-1,409,407,2427,-1,417,2563,419,-1,419,2563,2564,-1,419,2564,421,-1,421,2564,2565,-1,427,425,2565,-1,2565,425,423,-1,2565,423,421,-1,433,431,2566,-1,2566,431,429,-1,2566,429,2567,-1,439,437,2568,-1,2568,437,435,-1,2568,435,2569,-1,441,2570,443,-1,443,2570,2571,-1,443,2571,445,-1,457,455,2462,-1,2462,455,453,-1,2462,453,2572,-1,2572,453,451,-1,2572,451,2573,-1,2573,451,449,-1,2573,449,447,-1,471,469,2412,-1,473,2574,2575,-1,2576,477,2575,-1,2575,477,475,-1,2575,475,473,-1,487,485,2577,-1,2577,485,483,-1,2577,483,2578,-1,2578,483,481,-1,2578,481,2576,-1,2576,481,479,-1,2576,479,477,-1,489,2579,491,-1,491,2579,2580,-1,491,2580,493,-1,2460,499,2581,-1,2581,499,497,-1,2581,497,495,-1,503,2582,505,-1,505,2582,2583,-1,505,2583,507,-1,507,2583,2584,-1,515,513,2585,-1,2585,513,511,-1,2585,511,2584,-1,2584,511,509,-1,2584,509,507,-1,521,2406,523,-1,529,527,2400,-1,531,2586,2587,-1,539,537,2588,-1,2588,537,535,-1,2588,535,2587,-1,2587,535,533,-1,2587,533,531,-1,541,2589,543,-1,543,2589,2590,-1,543,2590,545,-1,547,2591,549,-1,549,2591,2592,-1,549,2592,551,-1,551,2592,553,-1,559,557,2593,-1,2593,557,555,-1,2593,555,2594,-1,561,2595,563,-1,563,2595,2596,-1,563,2596,565,-1,565,2596,2597,-1,573,571,2598,-1,2598,571,569,-1,2598,569,2597,-1,2597,569,567,-1,2597,567,565,-1,577,575,2397,-1,585,2599,587,-1,587,2599,2600,-1,587,2600,589,-1,589,2600,2601,-1,589,2601,591,-1,2459,595,2601,-1,2601,595,593,-1,2601,593,591,-1,848,2602,846,-1,846,2602,2603,-1,846,2603,844,-1,842,2604,840,-1,840,2604,2605,-1,840,2605,838,-1,838,2605,836,-1,834,2606,832,-1,832,2606,2607,-1,832,2607,830,-1,828,2608,826,-1,826,2608,2609,-1,2458,822,2609,-1,2609,822,824,-1,2609,824,826,-1,808,810,2382,-1,804,2610,802,-1,802,2610,2611,-1,2457,798,2611,-1,2611,798,800,-1,2611,800,802,-1,794,2612,792,-1,792,2612,2613,-1,792,2613,790,-1,790,2613,788,-1,786,2614,2615,-1,780,782,2615,-1,2615,782,784,-1,2615,784,786,-1,774,776,2616,-1,2616,776,778,-1,2616,778,2617,-1,772,2618,2619,-1,764,766,2620,-1,2620,766,768,-1,2620,768,2619,-1,2619,768,770,-1,2619,770,772,-1,760,762,2376,-1,756,758,2373,-1,750,752,2367,-1,748,2621,2622,-1,2623,744,2622,-1,2622,744,746,-1,2622,746,748,-1,736,738,2624,-1,2624,738,740,-1,2624,740,2623,-1,2623,740,742,-1,2623,742,744,-1,730,732,2625,-1,2625,732,734,-1,2625,734,2626,-1,728,2627,726,-1,726,2627,2628,-1,726,2628,724,-1,722,2629,720,-1,720,2629,2630,-1,720,2630,718,-1,718,2630,716,-1,714,2631,2632,-1,706,708,2633,-1,2633,708,710,-1,2633,710,2632,-1,2632,710,712,-1,2632,712,714,-1,702,704,2364,-1,692,694,2355,-1,692,2355,690,-1,2454,684,2456,-1,2456,684,686,-1,2456,686,688,-1,680,2634,678,-1,678,2634,2635,-1,678,2635,676,-1,674,2636,672,-1,672,2636,2637,-1,672,2637,670,-1,670,2637,668,-1,666,2638,664,-1,664,2638,2639,-1,664,2639,662,-1,660,2640,658,-1,658,2640,2641,-1,648,650,2642,-1,2642,650,652,-1,2642,652,2643,-1,2643,652,654,-1,2643,654,2641,-1,2641,654,656,-1,2641,656,658,-1,640,642,2349,-1,636,2644,634,-1,634,2644,2645,-1,624,626,2646,-1,2646,626,628,-1,2646,628,2647,-1,2647,628,630,-1,2647,630,2645,-1,2645,630,632,-1,2645,632,634,-1,622,2648,620,-1,620,2648,2649,-1,620,2649,618,-1,2453,612,2650,-1,2650,612,614,-1,2650,614,616,-1,608,2651,606,-1,606,2651,2652,-1,606,2652,604,-1,602,2653,600,-1,600,2653,2654,-1,1104,1106,2655,-1,2655,1106,596,-1,2655,596,2654,-1,2654,596,598,-1,2654,598,600,-1,1094,1096,2337,-1,1090,2656,1088,-1,1088,2656,2657,-1,1080,1082,2658,-1,2658,1082,1084,-1,2658,1084,2657,-1,2657,1084,1086,-1,2657,1086,1088,-1,1074,1076,2659,-1,2659,1076,1078,-1,2659,1078,2660,-1,1072,2661,1070,-1,1070,2661,2662,-1,1070,2662,1068,-1,1066,2663,1064,-1,1064,2663,2664,-1,1064,2664,1062,-1,1062,2664,1060,-1,1056,1058,2665,-1,2665,1058,2666,-1,1046,1048,2667,-1,2667,1048,1050,-1,2667,1050,2668,-1,2668,1050,1052,-1,2668,1052,2665,-1,2665,1052,1054,-1,2665,1054,1056,-1,1034,2669,1032,-1,1032,2669,2670,-1,1032,2670,1030,-1,1030,2670,2671,-1,1022,1024,2672,-1,2672,1024,1026,-1,2672,1026,2671,-1,2671,1026,1028,-1,2671,1028,1030,-1,1016,1018,2673,-1,2673,1018,1020,-1,2673,1020,2674,-1,1014,2675,1012,-1,1012,2675,2676,-1,1012,2676,1010,-1,1010,2676,1008,-1,1002,1004,2677,-1,2677,1004,1006,-1,2677,1006,2678,-1,1000,2679,998,-1,998,2679,2680,-1,998,2680,996,-1,996,2680,2681,-1,996,2681,994,-1,994,2681,992,-1,988,990,2322,-1,988,2322,986,-1,982,2682,2683,-1,2684,978,2683,-1,2683,978,980,-1,2683,980,982,-1,968,970,2685,-1,2685,970,972,-1,2685,972,2686,-1,2686,972,974,-1,2686,974,2684,-1,2684,974,976,-1,2684,976,978,-1,966,2687,964,-1,964,2687,2688,-1,964,2688,962,-1,962,2688,960,-1,954,956,2689,-1,2689,956,958,-1,2689,958,2690,-1,952,2691,950,-1,950,2691,2692,-1,950,2692,948,-1,946,2693,944,-1,944,2693,2694,-1,936,938,2452,-1,2452,938,940,-1,2452,940,2694,-1,2694,940,942,-1,2694,942,944,-1,926,928,2313,-1,922,2695,920,-1,920,2695,2696,-1,912,914,2450,-1,2450,914,916,-1,2450,916,2696,-1,2696,916,918,-1,2696,918,920,-1,908,2697,906,-1,906,2697,2698,-1,906,2698,904,-1,904,2698,902,-1,896,898,2699,-1,2699,898,900,-1,2699,900,2700,-1,894,2701,892,-1,892,2701,2702,-1,892,2702,890,-1,890,2702,888,-1,886,2703,2704,-1,878,880,2705,-1,2705,880,882,-1,2705,882,2704,-1,2704,882,884,-1,2704,884,886,-1,864,866,2298,-1,862,2706,2707,-1,854,856,2708,-1,2708,856,858,-1,2708,858,2707,-1,2707,858,860,-1,2707,860,862,-1,1112,1110,2709,-1,2709,1110,852,-1,2709,852,2710,-1,1114,2711,1116,-1,1116,2711,2712,-1,1116,2712,1118,-1,1118,2712,1120,-1,1126,1124,2713,-1,2713,1124,1122,-1,2713,1122,2714,-1,1128,2715,1130,-1,1130,2715,2716,-1,1130,2716,1132,-1,1132,2716,2717,-1,1140,1138,2718,-1,2718,1138,1136,-1,2718,1136,2717,-1,2717,1136,1134,-1,2717,1134,1132,-1,1144,1142,2295,-1,1148,2719,1150,-1,1150,2719,2720,-1,2721,1156,2722,-1,2722,1156,1154,-1,2722,1154,2720,-1,2720,1154,1152,-1,2720,1152,1150,-1,1164,1162,2723,-1,2723,1162,1160,-1,2723,1160,2721,-1,2721,1160,1158,-1,2721,1158,1156,-1,1166,2724,1168,-1,1168,2724,2725,-1,1168,2725,1170,-1,1172,2726,1174,-1,1174,2726,2727,-1,1174,2727,1176,-1,1176,2727,1178,-1,1184,1182,2728,-1,2728,1182,1180,-1,2728,1180,2729,-1,1186,2730,1188,-1,1188,2730,2731,-1,2448,1192,2731,-1,2731,1192,1190,-1,2731,1190,1188,-1,1202,1200,2286,-1,1210,2732,1212,-1,1212,2732,2733,-1,2447,1216,2733,-1,2733,1216,1214,-1,2733,1214,1212,-1,1220,2734,1222,-1,1222,2734,2735,-1,1222,2735,1224,-1,1224,2735,1226,-1,1232,1230,2736,-1,2736,1230,1228,-1,2736,1228,2737,-1,1234,2738,1236,-1,1236,2738,2739,-1,1236,2739,1238,-1,1238,2739,1240,-1,1242,2740,2741,-1,1250,1248,2446,-1,2446,1248,1246,-1,2446,1246,2741,-1,2741,1246,1244,-1,2741,1244,1242,-1,1264,1262,2271,-1,1266,2742,2743,-1,1274,1272,2444,-1,2444,1272,1270,-1,2444,1270,2743,-1,2743,1270,1268,-1,2743,1268,1266,-1,1278,2744,1280,-1,1280,2744,2745,-1,1280,2745,1282,-1,1282,2745,1284,-1,1286,2746,1288,-1,1288,2746,2747,-1,1288,2747,1290,-1,1292,2748,1294,-1,1294,2748,2749,-1,1294,2749,1296,-1,1296,2749,1298,-1,1300,2750,2751,-1,1308,1306,2752,-1,2752,1306,1304,-1,2752,1304,2751,-1,2751,1304,1302,-1,2751,1302,1300,-1,1312,1310,2268,-1,1322,1320,2259,-1,1324,2753,2754,-1,1332,1330,2755,-1,2755,1330,1328,-1,2755,1328,2754,-1,2754,1328,1326,-1,2754,1326,1324,-1,1334,2756,1336,-1,1336,2756,2757,-1,1336,2757,1338,-1,1340,2758,1342,-1,1342,2758,2759,-1,1342,2759,1344,-1,1344,2759,1346,-1,1352,1350,2760,-1,2760,1350,1348,-1,2760,1348,2761,-1,1354,2762,1356,-1,1356,2762,2763,-1,1373,1108,2764,-1,2764,1108,1362,-1,2764,1362,2765,-1,2765,1362,1360,-1,2765,1360,2763,-1,2763,1360,1358,-1,2763,1358,1356,-1,1372,1374,2256,-1,1364,2766,1365,-1,1365,2766,2767,-1,1365,2767,1366,-1,1366,2767,2768,-1,1366,2768,1367,-1,1367,2768,45,-1,1693,2482,2469,-1,2469,2482,2769,-1,2469,2769,2483,-1,2483,2769,2770,-1,2483,2770,2484,-1,2484,2770,2771,-1,2484,2771,2772,-1,2772,2440,2484,-1,2484,2440,2442,-1,2484,2442,1691,-1,1691,2442,1682,-1,2441,2437,2442,-1,2442,2437,2439,-1,2442,2439,1685,-1,1685,2439,1676,-1,2438,2434,2439,-1,2439,2434,2436,-1,2439,2436,1679,-1,1679,2436,1680,-1,2435,2431,2436,-1,2436,2431,2433,-1,2436,2433,1681,-1,1681,2433,1672,-1,2432,2773,2433,-1,2433,2773,2485,-1,2433,2485,1674,-1,1674,2485,1675,-1,2773,2774,2485,-1,2485,2774,2775,-1,2485,2775,2552,-1,2552,2775,2776,-1,2552,2776,2551,-1,2551,2776,2777,-1,2551,2777,2553,-1,2778,2554,2779,-1,2779,2554,2553,-1,2779,2553,2780,-1,2780,2553,2777,-1,2778,2781,2554,-1,2554,2781,2555,-1,2554,2555,375,-1,375,2555,377,-1,2782,2556,2783,-1,2783,2556,2555,-1,2783,2555,2784,-1,2784,2555,2781,-1,2782,2785,2556,-1,2556,2785,2557,-1,2556,2557,381,-1,381,2557,383,-1,2786,2558,2787,-1,2787,2558,2557,-1,2787,2557,2788,-1,2788,2557,2785,-1,2786,2789,2558,-1,2558,2789,2559,-1,2558,2559,387,-1,387,2559,389,-1,2789,2790,2559,-1,2559,2790,2791,-1,2559,2791,2560,-1,2560,2791,2792,-1,2560,2792,2562,-1,2792,2793,2562,-1,2562,2793,2794,-1,2562,2794,2561,-1,2561,2794,2795,-1,2561,2795,2796,-1,2796,2428,2561,-1,2561,2428,2430,-1,2561,2430,401,-1,401,2430,403,-1,2429,2425,2430,-1,2430,2425,2427,-1,2430,2427,405,-1,405,2427,407,-1,2426,2422,2427,-1,2427,2422,2424,-1,2427,2424,409,-1,409,2424,411,-1,2423,2419,2424,-1,2424,2419,2421,-1,2424,2421,411,-1,411,2421,413,-1,2420,2797,2421,-1,2421,2797,2563,-1,2421,2563,415,-1,415,2563,417,-1,2798,2565,2799,-1,2799,2565,2564,-1,2799,2564,2800,-1,2800,2564,2563,-1,2800,2563,2801,-1,2801,2563,2797,-1,2798,2802,2565,-1,2565,2802,2567,-1,2565,2567,427,-1,427,2567,429,-1,2803,2566,2804,-1,2804,2566,2567,-1,2804,2567,2805,-1,2805,2567,2802,-1,2803,2806,2566,-1,2566,2806,2569,-1,2566,2569,433,-1,433,2569,435,-1,2807,2568,2808,-1,2808,2568,2569,-1,2808,2569,2809,-1,2809,2569,2806,-1,2807,2810,2568,-1,2568,2810,2570,-1,2568,2570,439,-1,439,2570,441,-1,2811,2571,2812,-1,2812,2571,2570,-1,2812,2570,2813,-1,2813,2570,2810,-1,2811,2814,2571,-1,2571,2814,2573,-1,2571,2573,445,-1,445,2573,447,-1,2814,2815,2573,-1,2573,2815,2816,-1,2573,2816,2572,-1,2572,2816,2817,-1,2572,2817,2462,-1,2817,2818,2462,-1,2462,2818,2819,-1,2462,2819,2461,-1,2461,2819,2820,-1,2461,2820,2821,-1,2821,2416,2461,-1,2461,2416,2418,-1,2461,2418,459,-1,459,2418,461,-1,2417,2413,2418,-1,2418,2413,2415,-1,2418,2415,463,-1,463,2415,465,-1,2414,2410,2415,-1,2415,2410,2412,-1,2415,2412,467,-1,467,2412,469,-1,2411,2822,2412,-1,2412,2822,2574,-1,2412,2574,471,-1,471,2574,473,-1,2822,2823,2574,-1,2574,2823,2824,-1,2574,2824,2575,-1,2575,2824,2825,-1,2575,2825,2576,-1,2576,2825,2826,-1,2576,2826,2578,-1,2827,2577,2828,-1,2828,2577,2578,-1,2828,2578,2829,-1,2829,2578,2826,-1,2827,2830,2577,-1,2577,2830,2579,-1,2577,2579,487,-1,487,2579,489,-1,2831,2580,2832,-1,2832,2580,2579,-1,2832,2579,2833,-1,2833,2579,2830,-1,2831,2834,2580,-1,2580,2834,2581,-1,2580,2581,493,-1,493,2581,495,-1,2835,2460,2836,-1,2836,2460,2581,-1,2836,2581,2837,-1,2837,2581,2834,-1,2835,2838,2460,-1,2460,2838,2582,-1,2460,2582,501,-1,501,2582,503,-1,2838,2839,2582,-1,2582,2839,2840,-1,2582,2840,2583,-1,2583,2840,2841,-1,2583,2841,2584,-1,2841,2842,2584,-1,2584,2842,2843,-1,2584,2843,2585,-1,2585,2843,2844,-1,2585,2844,2845,-1,2845,2407,2585,-1,2585,2407,2409,-1,2585,2409,515,-1,515,2409,517,-1,2408,2404,2409,-1,2409,2404,2406,-1,2409,2406,517,-1,517,2406,519,-1,2405,2401,2406,-1,2406,2401,2403,-1,2406,2403,523,-1,523,2403,525,-1,2402,2398,2403,-1,2403,2398,2400,-1,2403,2400,525,-1,525,2400,527,-1,2399,2846,2400,-1,2400,2846,2586,-1,2400,2586,529,-1,529,2586,531,-1,2847,2588,2848,-1,2848,2588,2587,-1,2848,2587,2849,-1,2849,2587,2586,-1,2849,2586,2850,-1,2850,2586,2846,-1,2847,2851,2588,-1,2588,2851,2589,-1,2588,2589,539,-1,539,2589,541,-1,2852,2590,2853,-1,2853,2590,2589,-1,2853,2589,2854,-1,2854,2589,2851,-1,2852,2855,2590,-1,2590,2855,2591,-1,2590,2591,545,-1,545,2591,547,-1,2856,2592,2857,-1,2857,2592,2591,-1,2857,2591,2858,-1,2858,2591,2855,-1,2856,2859,2592,-1,2592,2859,2594,-1,2592,2594,553,-1,553,2594,555,-1,2860,2593,2861,-1,2861,2593,2594,-1,2861,2594,2862,-1,2862,2594,2859,-1,2860,2863,2593,-1,2593,2863,2595,-1,2593,2595,559,-1,559,2595,561,-1,2863,2864,2595,-1,2595,2864,2865,-1,2595,2865,2596,-1,2596,2865,2866,-1,2596,2866,2597,-1,2866,2867,2597,-1,2597,2867,2868,-1,2597,2868,2598,-1,2598,2868,2869,-1,2598,2869,2870,-1,2870,2395,2598,-1,2598,2395,2397,-1,2598,2397,573,-1,573,2397,575,-1,2396,2392,2397,-1,2397,2392,2394,-1,2397,2394,577,-1,577,2394,579,-1,2393,2389,2394,-1,2394,2389,2391,-1,2394,2391,579,-1,579,2391,581,-1,2390,2871,2391,-1,2391,2871,2599,-1,2391,2599,583,-1,583,2599,585,-1,2872,2459,2873,-1,2873,2459,2601,-1,2873,2601,2874,-1,2874,2601,2600,-1,2874,2600,2875,-1,2875,2600,2599,-1,2875,2599,2876,-1,2876,2599,2871,-1,2872,2877,2459,-1,2459,2877,2602,-1,2459,2602,850,-1,850,2602,848,-1,2878,2603,2879,-1,2879,2603,2602,-1,2879,2602,2880,-1,2880,2602,2877,-1,2878,2881,2603,-1,2603,2881,2604,-1,2603,2604,844,-1,844,2604,842,-1,2882,2605,2883,-1,2883,2605,2604,-1,2883,2604,2884,-1,2884,2604,2881,-1,2882,2885,2605,-1,2605,2885,2606,-1,2605,2606,836,-1,836,2606,834,-1,2886,2607,2887,-1,2887,2607,2606,-1,2887,2606,2888,-1,2888,2606,2885,-1,2886,2889,2607,-1,2607,2889,2608,-1,2607,2608,830,-1,830,2608,828,-1,2889,2890,2608,-1,2608,2890,2891,-1,2608,2891,2609,-1,2609,2891,2892,-1,2609,2892,2458,-1,2458,2892,2893,-1,2458,2893,2894,-1,2894,2386,2458,-1,2458,2386,2388,-1,2458,2388,820,-1,820,2388,818,-1,2387,2383,2388,-1,2388,2383,2385,-1,2388,2385,816,-1,816,2385,814,-1,2384,2380,2385,-1,2385,2380,2382,-1,2385,2382,812,-1,812,2382,810,-1,2381,2377,2382,-1,2382,2377,2379,-1,2382,2379,808,-1,808,2379,806,-1,2378,2895,2379,-1,2379,2895,2610,-1,2379,2610,806,-1,806,2610,804,-1,2896,2457,2897,-1,2897,2457,2611,-1,2897,2611,2898,-1,2898,2611,2610,-1,2898,2610,2899,-1,2899,2610,2895,-1,2896,2900,2457,-1,2457,2900,2612,-1,2457,2612,796,-1,796,2612,794,-1,2901,2613,2902,-1,2902,2613,2612,-1,2902,2612,2903,-1,2903,2612,2900,-1,2901,2904,2613,-1,2613,2904,2614,-1,2613,2614,788,-1,788,2614,786,-1,2905,2615,2906,-1,2906,2615,2614,-1,2906,2614,2907,-1,2907,2614,2904,-1,2905,2908,2615,-1,2615,2908,2617,-1,2615,2617,780,-1,780,2617,778,-1,2909,2616,2910,-1,2910,2616,2617,-1,2910,2617,2911,-1,2911,2617,2908,-1,2909,2912,2616,-1,2616,2912,2618,-1,2616,2618,774,-1,774,2618,772,-1,2912,2913,2618,-1,2618,2913,2914,-1,2618,2914,2619,-1,2619,2914,2915,-1,2619,2915,2620,-1,2620,2915,2916,-1,2620,2916,2917,-1,2917,2374,2620,-1,2620,2374,2376,-1,2620,2376,764,-1,764,2376,762,-1,2375,2371,2376,-1,2376,2371,2373,-1,2376,2373,760,-1,760,2373,758,-1,2372,2368,2373,-1,2373,2368,2370,-1,2373,2370,756,-1,756,2370,754,-1,2369,2365,2370,-1,2370,2365,2367,-1,2370,2367,754,-1,754,2367,752,-1,2366,2918,2367,-1,2367,2918,2621,-1,2367,2621,750,-1,750,2621,748,-1,2919,2624,2920,-1,2920,2624,2623,-1,2920,2623,2921,-1,2921,2623,2622,-1,2921,2622,2922,-1,2922,2622,2621,-1,2922,2621,2923,-1,2923,2621,2918,-1,2919,2924,2624,-1,2624,2924,2626,-1,2624,2626,736,-1,736,2626,734,-1,2925,2625,2926,-1,2926,2625,2626,-1,2926,2626,2927,-1,2927,2626,2924,-1,2925,2928,2625,-1,2625,2928,2627,-1,2625,2627,730,-1,730,2627,728,-1,2929,2628,2930,-1,2930,2628,2627,-1,2930,2627,2931,-1,2931,2627,2928,-1,2929,2932,2628,-1,2628,2932,2629,-1,2628,2629,724,-1,724,2629,722,-1,2933,2630,2934,-1,2934,2630,2629,-1,2934,2629,2935,-1,2935,2629,2932,-1,2933,2936,2630,-1,2630,2936,2631,-1,2630,2631,716,-1,716,2631,714,-1,2936,2937,2631,-1,2631,2937,2938,-1,2631,2938,2632,-1,2632,2938,2939,-1,2632,2939,2633,-1,2633,2939,2940,-1,2633,2940,2941,-1,2941,2362,2633,-1,2633,2362,2364,-1,2633,2364,706,-1,706,2364,704,-1,2363,2359,2364,-1,2364,2359,2361,-1,2364,2361,702,-1,702,2361,700,-1,2360,2356,2361,-1,2361,2356,2358,-1,2361,2358,700,-1,700,2358,698,-1,2357,2353,2358,-1,2358,2353,2355,-1,2358,2355,696,-1,696,2355,694,-1,2354,2942,2355,-1,2355,2942,2455,-1,2355,2455,690,-1,690,2455,688,-1,2943,2454,2944,-1,2944,2454,2456,-1,2944,2456,2945,-1,2945,2456,2455,-1,2945,2455,2946,-1,2946,2455,2942,-1,2943,2947,2454,-1,2454,2947,2634,-1,2454,2634,682,-1,682,2634,680,-1,2948,2635,2949,-1,2949,2635,2634,-1,2949,2634,2950,-1,2950,2634,2947,-1,2948,2951,2635,-1,2635,2951,2636,-1,2635,2636,676,-1,676,2636,674,-1,2952,2637,2953,-1,2953,2637,2636,-1,2953,2636,2954,-1,2954,2636,2951,-1,2952,2955,2637,-1,2637,2955,2638,-1,2637,2638,668,-1,668,2638,666,-1,2956,2639,2957,-1,2957,2639,2638,-1,2957,2638,2958,-1,2958,2638,2955,-1,2956,2959,2639,-1,2639,2959,2640,-1,2639,2640,662,-1,662,2640,660,-1,2959,2960,2640,-1,2640,2960,2961,-1,2640,2961,2641,-1,2641,2961,2962,-1,2641,2962,2643,-1,2962,2963,2643,-1,2643,2963,2964,-1,2643,2964,2642,-1,2642,2964,2965,-1,2642,2965,2966,-1,2966,2350,2642,-1,2642,2350,2352,-1,2642,2352,648,-1,648,2352,646,-1,2351,2347,2352,-1,2352,2347,2349,-1,2352,2349,644,-1,644,2349,642,-1,2348,2344,2349,-1,2349,2344,2346,-1,2349,2346,640,-1,640,2346,638,-1,2345,2967,2346,-1,2346,2967,2644,-1,2346,2644,638,-1,638,2644,636,-1,2968,2646,2969,-1,2969,2646,2647,-1,2969,2647,2970,-1,2970,2647,2645,-1,2970,2645,2971,-1,2971,2645,2644,-1,2971,2644,2972,-1,2972,2644,2967,-1,2968,2973,2646,-1,2646,2973,2648,-1,2646,2648,624,-1,624,2648,622,-1,2974,2649,2975,-1,2975,2649,2648,-1,2975,2648,2976,-1,2976,2648,2973,-1,2974,2977,2649,-1,2649,2977,2650,-1,2649,2650,618,-1,618,2650,616,-1,2978,2453,2979,-1,2979,2453,2650,-1,2979,2650,2980,-1,2980,2650,2977,-1,2978,2981,2453,-1,2453,2981,2651,-1,2453,2651,610,-1,610,2651,608,-1,2982,2652,2983,-1,2983,2652,2651,-1,2983,2651,2984,-1,2984,2651,2981,-1,2982,2985,2652,-1,2652,2985,2653,-1,2652,2653,604,-1,604,2653,602,-1,2985,2986,2653,-1,2653,2986,2987,-1,2653,2987,2654,-1,2654,2987,2988,-1,2654,2988,2655,-1,2655,2988,2989,-1,2655,2989,2990,-1,2990,2341,2655,-1,2655,2341,2343,-1,2655,2343,1104,-1,1104,2343,1102,-1,2342,2338,2343,-1,2343,2338,2340,-1,2343,2340,1102,-1,1102,2340,1100,-1,2339,2335,2340,-1,2340,2335,2337,-1,2340,2337,1098,-1,1098,2337,1096,-1,2336,2332,2337,-1,2337,2332,2334,-1,2337,2334,1094,-1,1094,2334,1092,-1,2333,2991,2334,-1,2334,2991,2656,-1,2334,2656,1092,-1,1092,2656,1090,-1,2992,2658,2993,-1,2993,2658,2657,-1,2993,2657,2994,-1,2994,2657,2656,-1,2994,2656,2995,-1,2995,2656,2991,-1,2992,2996,2658,-1,2658,2996,2660,-1,2658,2660,1080,-1,1080,2660,1078,-1,2997,2659,2998,-1,2998,2659,2660,-1,2998,2660,2999,-1,2999,2660,2996,-1,2997,3000,2659,-1,2659,3000,2661,-1,2659,2661,1074,-1,1074,2661,1072,-1,3001,2662,3002,-1,3002,2662,2661,-1,3002,2661,3003,-1,3003,2661,3000,-1,3001,3004,2662,-1,2662,3004,2663,-1,2662,2663,1068,-1,1068,2663,1066,-1,3005,2664,3006,-1,3006,2664,2663,-1,3006,2663,3007,-1,3007,2663,3004,-1,3005,3008,2664,-1,2664,3008,2666,-1,2664,2666,1060,-1,1060,2666,1058,-1,3008,3009,2666,-1,2666,3009,3010,-1,2666,3010,2665,-1,2665,3010,3011,-1,2665,3011,2668,-1,3011,3012,2668,-1,2668,3012,3013,-1,2668,3013,2667,-1,2667,3013,3014,-1,2667,3014,3015,-1,3015,2329,2667,-1,2667,2329,2331,-1,2667,2331,1046,-1,1046,2331,1044,-1,2330,2326,2331,-1,2331,2326,2328,-1,2331,2328,1044,-1,1044,2328,1042,-1,2327,2323,2328,-1,2328,2323,2325,-1,2328,2325,1040,-1,1040,2325,1038,-1,2324,3016,2325,-1,2325,3016,2669,-1,2325,2669,1036,-1,1036,2669,1034,-1,3017,2672,3018,-1,3018,2672,2671,-1,3018,2671,3019,-1,3019,2671,2670,-1,3019,2670,3020,-1,3020,2670,2669,-1,3020,2669,3021,-1,3021,2669,3016,-1,3017,3022,2672,-1,2672,3022,2674,-1,2672,2674,1022,-1,1022,2674,1020,-1,3023,2673,3024,-1,3024,2673,2674,-1,3024,2674,3025,-1,3025,2674,3022,-1,3023,3026,2673,-1,2673,3026,2675,-1,2673,2675,1016,-1,1016,2675,1014,-1,3027,2676,3028,-1,3028,2676,2675,-1,3028,2675,3029,-1,3029,2675,3026,-1,3027,3030,2676,-1,2676,3030,2678,-1,2676,2678,1008,-1,1008,2678,1006,-1,3031,2677,3032,-1,3032,2677,2678,-1,3032,2678,3033,-1,3033,2678,3030,-1,3031,3034,2677,-1,2677,3034,2679,-1,2677,2679,1002,-1,1002,2679,1000,-1,3034,3035,2679,-1,2679,3035,3036,-1,2679,3036,2680,-1,2680,3036,3037,-1,2680,3037,2681,-1,2681,3037,3038,-1,2681,3038,3039,-1,3039,2320,2681,-1,2681,2320,2322,-1,2681,2322,992,-1,992,2322,990,-1,2321,2317,2322,-1,2322,2317,2319,-1,2322,2319,986,-1,986,2319,984,-1,2318,3040,2319,-1,2319,3040,2682,-1,2319,2682,984,-1,984,2682,982,-1,3040,3041,2682,-1,2682,3041,3042,-1,2682,3042,2683,-1,2683,3042,3043,-1,2683,3043,2684,-1,2684,3043,3044,-1,3045,2685,3046,-1,3046,2685,2686,-1,3046,2686,3047,-1,3047,2686,2684,-1,3047,2684,3048,-1,3048,2684,3044,-1,3045,3049,2685,-1,2685,3049,2687,-1,2685,2687,968,-1,968,2687,966,-1,3050,2688,3051,-1,3051,2688,2687,-1,3051,2687,3052,-1,3052,2687,3049,-1,3050,3053,2688,-1,2688,3053,2690,-1,2688,2690,960,-1,960,2690,958,-1,3054,2689,3055,-1,3055,2689,2690,-1,3055,2690,3056,-1,3056,2690,3053,-1,3054,3057,2689,-1,2689,3057,2691,-1,2689,2691,954,-1,954,2691,952,-1,3058,2692,3059,-1,3059,2692,2691,-1,3059,2691,3060,-1,3060,2691,3057,-1,3058,3061,2692,-1,2692,3061,2693,-1,2692,2693,948,-1,948,2693,946,-1,3061,3062,2693,-1,2693,3062,3063,-1,2693,3063,2694,-1,2694,3063,3064,-1,2694,3064,2452,-1,3064,3065,2452,-1,2452,3065,3066,-1,2452,3066,2451,-1,2451,3066,3067,-1,2451,3067,3068,-1,3068,2314,2451,-1,2451,2314,2316,-1,2451,2316,934,-1,934,2316,932,-1,2315,2311,2316,-1,2316,2311,2313,-1,2316,2313,930,-1,930,2313,928,-1,2312,2308,2313,-1,2313,2308,2310,-1,2313,2310,926,-1,926,2310,924,-1,2309,3069,2310,-1,2310,3069,2695,-1,2310,2695,924,-1,924,2695,922,-1,3070,2449,3071,-1,3071,2449,2450,-1,3071,2450,3072,-1,3072,2450,2696,-1,3072,2696,3073,-1,3073,2696,2695,-1,3073,2695,3074,-1,3074,2695,3069,-1,3070,3075,2449,-1,2449,3075,2697,-1,2449,2697,910,-1,910,2697,908,-1,3076,2698,3077,-1,3077,2698,2697,-1,3077,2697,3078,-1,3078,2697,3075,-1,3076,3079,2698,-1,2698,3079,2700,-1,2698,2700,902,-1,902,2700,900,-1,3080,2699,3081,-1,3081,2699,2700,-1,3081,2700,3082,-1,3082,2700,3079,-1,3080,3083,2699,-1,2699,3083,2701,-1,2699,2701,896,-1,896,2701,894,-1,3084,2702,3085,-1,3085,2702,2701,-1,3085,2701,3086,-1,3086,2701,3083,-1,3084,3087,2702,-1,2702,3087,2703,-1,2702,2703,888,-1,888,2703,886,-1,3087,3088,2703,-1,2703,3088,3089,-1,2703,3089,2704,-1,2704,3089,3090,-1,2704,3090,2705,-1,2705,3090,3091,-1,2705,3091,3092,-1,3092,2305,2705,-1,2705,2305,2307,-1,2705,2307,878,-1,878,2307,876,-1,2306,2302,2307,-1,2307,2302,2304,-1,2307,2304,876,-1,876,2304,874,-1,2303,2299,2304,-1,2304,2299,2301,-1,2304,2301,872,-1,872,2301,870,-1,2300,2296,2301,-1,2301,2296,2298,-1,2301,2298,868,-1,868,2298,866,-1,2297,3093,2298,-1,2298,3093,2706,-1,2298,2706,864,-1,864,2706,862,-1,3094,2708,3095,-1,3095,2708,2707,-1,3095,2707,3096,-1,3096,2707,2706,-1,3096,2706,3097,-1,3097,2706,3093,-1,3094,3098,2708,-1,2708,3098,2710,-1,2708,2710,854,-1,854,2710,852,-1,3099,2709,3100,-1,3100,2709,2710,-1,3100,2710,3101,-1,3101,2710,3098,-1,3099,3102,2709,-1,2709,3102,2711,-1,2709,2711,1112,-1,1112,2711,1114,-1,3103,2712,3104,-1,3104,2712,2711,-1,3104,2711,3105,-1,3105,2711,3102,-1,3103,3106,2712,-1,2712,3106,2714,-1,2712,2714,1120,-1,1120,2714,1122,-1,3107,2713,3108,-1,3108,2713,2714,-1,3108,2714,3109,-1,3109,2714,3106,-1,3107,3110,2713,-1,2713,3110,2715,-1,2713,2715,1126,-1,1126,2715,1128,-1,3110,3111,2715,-1,2715,3111,3112,-1,2715,3112,2716,-1,2716,3112,3113,-1,2716,3113,2717,-1,3113,3114,2717,-1,2717,3114,3115,-1,2717,3115,2718,-1,2718,3115,3116,-1,2718,3116,3117,-1,3117,2293,2718,-1,2718,2293,2295,-1,2718,2295,1140,-1,1140,2295,1142,-1,2294,2290,2295,-1,2295,2290,2292,-1,2295,2292,1144,-1,1144,2292,1146,-1,2291,3118,2292,-1,2292,3118,2719,-1,2292,2719,1146,-1,1146,2719,1148,-1,3118,3119,2719,-1,2719,3119,3120,-1,2719,3120,2720,-1,2720,3120,3121,-1,2720,3121,2722,-1,3122,2723,3123,-1,3123,2723,2721,-1,3123,2721,3124,-1,3124,2721,2722,-1,3124,2722,3125,-1,3125,2722,3121,-1,3122,3126,2723,-1,2723,3126,2724,-1,2723,2724,1164,-1,1164,2724,1166,-1,3127,2725,3128,-1,3128,2725,2724,-1,3128,2724,3129,-1,3129,2724,3126,-1,3127,3130,2725,-1,2725,3130,2726,-1,2725,2726,1170,-1,1170,2726,1172,-1,3131,2727,3132,-1,3132,2727,2726,-1,3132,2726,3133,-1,3133,2726,3130,-1,3131,3134,2727,-1,2727,3134,2729,-1,2727,2729,1178,-1,1178,2729,1180,-1,3135,2728,3136,-1,3136,2728,2729,-1,3136,2729,3137,-1,3137,2729,3134,-1,3135,3138,2728,-1,2728,3138,2730,-1,2728,2730,1184,-1,1184,2730,1186,-1,3138,3139,2730,-1,2730,3139,3140,-1,2730,3140,2731,-1,2731,3140,3141,-1,2731,3141,2448,-1,2448,3141,3142,-1,2448,3142,3143,-1,3143,2287,2448,-1,2448,2287,2289,-1,2448,2289,1194,-1,1194,2289,1196,-1,2288,2284,2289,-1,2289,2284,2286,-1,2289,2286,1198,-1,1198,2286,1200,-1,2285,2281,2286,-1,2286,2281,2283,-1,2286,2283,1202,-1,1202,2283,1204,-1,2282,2278,2283,-1,2283,2278,2280,-1,2283,2280,1204,-1,1204,2280,1206,-1,2279,3144,2280,-1,2280,3144,2732,-1,2280,2732,1208,-1,1208,2732,1210,-1,3145,2447,3146,-1,3146,2447,2733,-1,3146,2733,3147,-1,3147,2733,2732,-1,3147,2732,3148,-1,3148,2732,3144,-1,3145,3149,2447,-1,2447,3149,2734,-1,2447,2734,1218,-1,1218,2734,1220,-1,3150,2735,3151,-1,3151,2735,2734,-1,3151,2734,3152,-1,3152,2734,3149,-1,3150,3153,2735,-1,2735,3153,2737,-1,2735,2737,1226,-1,1226,2737,1228,-1,3154,2736,3155,-1,3155,2736,2737,-1,3155,2737,3156,-1,3156,2737,3153,-1,3154,3157,2736,-1,2736,3157,2738,-1,2736,2738,1232,-1,1232,2738,1234,-1,3158,2739,3159,-1,3159,2739,2738,-1,3159,2738,3160,-1,3160,2738,3157,-1,3158,3161,2739,-1,2739,3161,2740,-1,2739,2740,1240,-1,1240,2740,1242,-1,3161,3162,2740,-1,2740,3162,3163,-1,2740,3163,2741,-1,2741,3163,3164,-1,2741,3164,2446,-1,3164,3165,2446,-1,2446,3165,3166,-1,2446,3166,2445,-1,2445,3166,3167,-1,2445,3167,3168,-1,3168,2275,2445,-1,2445,2275,2277,-1,2445,2277,1252,-1,1252,2277,1254,-1,2276,2272,2277,-1,2277,2272,2274,-1,2277,2274,1256,-1,1256,2274,1258,-1,2273,2269,2274,-1,2274,2269,2271,-1,2274,2271,1260,-1,1260,2271,1262,-1,2270,3169,2271,-1,2271,3169,2742,-1,2271,2742,1264,-1,1264,2742,1266,-1,3170,2443,3171,-1,3171,2443,2444,-1,3171,2444,3172,-1,3172,2444,2743,-1,3172,2743,3173,-1,3173,2743,2742,-1,3173,2742,3174,-1,3174,2742,3169,-1,3170,3175,2443,-1,2443,3175,2744,-1,2443,2744,1276,-1,1276,2744,1278,-1,3176,2745,3177,-1,3177,2745,2744,-1,3177,2744,3178,-1,3178,2744,3175,-1,3176,3179,2745,-1,2745,3179,2746,-1,2745,2746,1284,-1,1284,2746,1286,-1,3180,2747,3181,-1,3181,2747,2746,-1,3181,2746,3182,-1,3182,2746,3179,-1,3180,3183,2747,-1,2747,3183,2748,-1,2747,2748,1290,-1,1290,2748,1292,-1,3184,2749,3185,-1,3185,2749,2748,-1,3185,2748,3186,-1,3186,2748,3183,-1,3184,3187,2749,-1,2749,3187,2750,-1,2749,2750,1298,-1,1298,2750,1300,-1,3187,3188,2750,-1,2750,3188,3189,-1,2750,3189,2751,-1,2751,3189,3190,-1,2751,3190,2752,-1,2752,3190,3191,-1,2752,3191,3192,-1,3192,2266,2752,-1,2752,2266,2268,-1,2752,2268,1308,-1,1308,2268,1310,-1,2267,2263,2268,-1,2268,2263,2265,-1,2268,2265,1312,-1,1312,2265,1314,-1,2264,2260,2265,-1,2265,2260,2262,-1,2265,2262,1314,-1,1314,2262,1316,-1,2261,2257,2262,-1,2262,2257,2259,-1,2262,2259,1318,-1,1318,2259,1320,-1,2258,3193,2259,-1,2259,3193,2753,-1,2259,2753,1322,-1,1322,2753,1324,-1,3194,2755,3195,-1,3195,2755,2754,-1,3195,2754,3196,-1,3196,2754,2753,-1,3196,2753,3197,-1,3197,2753,3193,-1,3194,3198,2755,-1,2755,3198,2756,-1,2755,2756,1332,-1,1332,2756,1334,-1,3199,2757,3200,-1,3200,2757,2756,-1,3200,2756,3201,-1,3201,2756,3198,-1,3199,3202,2757,-1,2757,3202,2758,-1,2757,2758,1338,-1,1338,2758,1340,-1,3203,2759,3204,-1,3204,2759,2758,-1,3204,2758,3205,-1,3205,2758,3202,-1,3203,3206,2759,-1,2759,3206,2761,-1,2759,2761,1346,-1,1346,2761,1348,-1,3207,2760,3208,-1,3208,2760,2761,-1,3208,2761,3209,-1,3209,2761,3206,-1,3207,3210,2760,-1,2760,3210,2762,-1,2760,2762,1352,-1,1352,2762,1354,-1,3210,3211,2762,-1,2762,3211,3212,-1,2762,3212,2763,-1,2763,3212,3213,-1,2763,3213,2765,-1,3213,3214,2765,-1,2765,3214,3215,-1,2765,3215,2764,-1,2764,3215,3216,-1,2764,3216,3217,-1,3217,2254,2764,-1,2764,2254,2256,-1,2764,2256,1373,-1,1373,2256,1374,-1,2255,2251,2256,-1,2256,2251,2253,-1,2256,2253,1372,-1,1372,2253,1371,-1,2252,2248,2253,-1,2253,2248,2250,-1,2253,2250,1371,-1,1371,2250,1370,-1,2249,2245,2250,-1,2250,2245,2247,-1,2250,2247,1369,-1,1369,2247,1368,-1,2246,3218,2247,-1,2247,3218,2766,-1,2247,2766,1363,-1,1363,2766,1364,-1,3219,2768,3220,-1,3220,2768,2767,-1,3220,2767,3221,-1,3221,2767,2766,-1,3221,2766,3222,-1,3222,2766,3218,-1,3219,3223,2768,-1,2768,3223,2486,-1,2768,2486,45,-1,45,2486,46,-1,3224,2487,3225,-1,3225,2487,2486,-1,3225,2486,3226,-1,3226,2486,3223,-1,3224,3227,2487,-1,2487,3227,2488,-1,2487,2488,60,-1,60,2488,61,-1,3228,2489,3229,-1,3229,2489,2488,-1,3229,2488,3230,-1,3230,2488,3227,-1,3228,3231,2489,-1,2489,3231,2490,-1,2489,2490,71,-1,71,2490,69,-1,3232,2491,3233,-1,3233,2491,2490,-1,3233,2490,3234,-1,3234,2490,3231,-1,3232,3235,2491,-1,2491,3235,2493,-1,2491,2493,84,-1,84,2493,333,-1,3235,3236,2493,-1,2493,3236,3237,-1,2493,3237,2492,-1,2492,3237,3238,-1,2492,3238,2494,-1,2494,3238,3239,-1,2494,3239,3240,-1,3240,2242,2494,-1,2494,2242,2244,-1,2494,2244,325,-1,325,2244,320,-1,2243,2239,2244,-1,2244,2239,2241,-1,2244,2241,323,-1,323,2241,324,-1,2240,2236,2241,-1,2241,2236,2238,-1,2241,2238,319,-1,319,2238,307,-1,2237,3241,2238,-1,2238,3241,2495,-1,2238,2495,308,-1,308,2495,310,-1,3241,3242,2495,-1,2495,3242,3243,-1,2495,3243,2496,-1,2496,3243,3244,-1,2496,3244,2497,-1,3244,3245,2497,-1,2497,3245,3246,-1,2497,3246,2498,-1,2498,3246,3247,-1,2498,3247,2468,-1,3248,2499,3249,-1,3249,2499,2468,-1,3249,2468,3250,-1,3250,2468,3247,-1,3248,3251,2499,-1,2499,3251,2500,-1,2499,2500,283,-1,283,2500,281,-1,3252,2501,3253,-1,3253,2501,2500,-1,3253,2500,3254,-1,3254,2500,3251,-1,3252,3255,2501,-1,2501,3255,2503,-1,2501,2503,274,-1,274,2503,275,-1,3256,2502,3257,-1,3257,2502,2503,-1,3257,2503,3258,-1,3258,2503,3255,-1,3256,3259,2502,-1,2502,3259,2505,-1,2502,2505,264,-1,264,2505,265,-1,3259,3260,2505,-1,2505,3260,3261,-1,2505,3261,2504,-1,2504,3261,3262,-1,2504,3262,2506,-1,3262,3263,2506,-1,2506,3263,3264,-1,2506,3264,246,-1,246,3264,3265,-1,246,3265,2509,-1,3266,3267,3268,-1,3269,3270,3271,-1,3272,3273,3274,-1,3078,3075,3268,-1,3052,3049,3275,-1,3017,3018,3276,-1,2999,2996,3271,-1,2825,2824,3274,-1,118,116,3277,-1,3278,3279,1426,-1,1426,3279,3280,-1,1426,3280,1424,-1,1424,3280,3281,-1,1412,1410,3282,-1,3282,1410,1379,-1,3282,1379,3281,-1,3281,1379,1378,-1,3281,1378,1424,-1,1414,3283,1416,-1,1416,3283,3284,-1,1416,3284,1418,-1,3285,1422,3286,-1,3286,1422,1420,-1,1402,1401,3285,-1,3285,1401,1423,-1,3285,1423,1422,-1,3285,2771,1402,-1,1402,2771,2770,-1,1402,2770,1403,-1,1403,2770,2769,-1,1403,2769,1405,-1,1405,2769,2482,-1,1405,2482,1407,-1,2482,2481,1407,-1,1407,2481,2478,-1,1407,2478,1408,-1,1408,2478,2479,-1,1408,2479,1387,-1,1387,2479,2480,-1,1387,2480,1389,-1,1389,2480,2477,-1,1389,2477,1391,-1,1391,2477,2475,-1,1391,2475,1393,-1,2475,2476,1393,-1,1393,2476,2473,-1,1393,2473,1395,-1,1395,2473,1397,-1,2473,2472,1397,-1,1397,2472,2474,-1,1397,2474,1398,-1,1398,2474,2471,-1,1398,2471,1382,-1,1382,2471,2470,-1,1382,2470,1384,-1,129,3287,131,-1,131,3287,3288,-1,131,3288,132,-1,132,3288,3289,-1,132,3289,124,-1,3277,116,3289,-1,3289,116,115,-1,3289,115,124,-1,120,3290,121,-1,121,3290,3291,-1,121,3291,112,-1,3,3292,4,-1,4,3292,105,-1,110,3293,111,-1,111,3293,3294,-1,111,3294,92,-1,92,3294,3295,-1,92,3295,94,-1,94,3295,3296,-1,94,3296,96,-1,96,3296,3297,-1,96,3297,98,-1,98,3297,3298,-1,98,3298,100,-1,3298,3299,100,-1,100,3299,3300,-1,100,3300,102,-1,102,3300,3301,-1,102,3301,103,-1,103,3301,3302,-1,103,3302,79,-1,79,3302,3303,-1,79,3303,81,-1,2437,3286,3284,-1,3284,3286,1420,-1,3284,1420,1418,-1,2437,2441,3286,-1,3286,2441,2440,-1,3286,2440,3285,-1,3285,2440,2772,-1,3285,2772,2771,-1,2431,3283,3282,-1,3282,3283,1414,-1,3282,1414,1412,-1,2431,2435,3283,-1,3283,2435,2434,-1,3283,2434,3284,-1,3284,2434,2438,-1,3284,2438,2437,-1,3280,2774,3281,-1,3281,2774,2773,-1,3281,2773,3282,-1,3282,2773,2432,-1,3282,2432,2431,-1,2780,2777,3279,-1,3279,2777,2776,-1,3279,2776,3280,-1,3280,2776,2775,-1,3280,2775,2774,-1,2779,3304,2778,-1,2778,3304,3305,-1,2778,3305,2781,-1,2781,3305,2784,-1,2783,3306,2782,-1,2782,3306,3307,-1,2782,3307,2785,-1,2785,3307,2788,-1,2787,3308,2786,-1,2786,3308,3309,-1,2786,3309,2789,-1,2789,3309,2790,-1,2791,3310,2792,-1,2792,3310,3311,-1,2795,2794,3311,-1,3311,2794,2793,-1,3311,2793,2792,-1,2796,3312,2428,-1,2428,3312,3313,-1,2428,3313,2429,-1,2429,3313,2425,-1,2426,3314,2422,-1,2422,3314,3315,-1,2422,3315,2423,-1,2423,3315,2419,-1,2420,3316,2797,-1,2797,3316,3317,-1,2797,3317,2801,-1,2801,3317,2800,-1,3318,2798,3319,-1,3319,2798,2799,-1,3320,2805,3318,-1,3318,2805,2802,-1,3318,2802,2798,-1,2809,2806,3321,-1,3321,2806,2803,-1,3321,2803,3320,-1,3320,2803,2804,-1,3320,2804,2805,-1,2808,3322,2807,-1,2807,3322,3323,-1,2807,3323,2810,-1,2810,3323,2813,-1,2812,3324,2811,-1,2811,3324,3325,-1,3326,2815,3325,-1,3325,2815,2814,-1,3325,2814,2811,-1,2818,2817,3326,-1,3326,2817,2816,-1,3326,2816,2815,-1,2819,3327,2820,-1,2820,3327,3328,-1,2820,3328,2821,-1,2821,3328,2416,-1,2417,3329,2413,-1,2413,3329,3330,-1,2413,3330,2414,-1,2414,3330,2410,-1,2411,3331,2822,-1,2822,3331,3332,-1,2822,3332,2823,-1,2826,3333,2829,-1,2829,3333,3334,-1,2833,2830,3335,-1,3335,2830,2827,-1,3335,2827,3334,-1,3334,2827,2828,-1,3334,2828,2829,-1,2832,3336,2831,-1,2831,3336,3337,-1,2831,3337,2834,-1,2834,3337,2837,-1,2836,3338,2835,-1,2835,3338,3339,-1,2841,2840,3340,-1,3340,2840,2839,-1,3340,2839,3339,-1,3339,2839,2838,-1,3339,2838,2835,-1,2407,2845,3341,-1,3341,2845,2844,-1,3341,2844,3342,-1,3342,2844,2843,-1,3342,2843,2842,-1,2408,3343,2404,-1,2404,3343,3344,-1,2404,3344,2405,-1,2405,3344,2401,-1,2402,3345,2398,-1,2398,3345,3346,-1,2398,3346,2399,-1,2399,3346,2846,-1,2850,3347,2849,-1,2849,3347,3348,-1,2849,3348,2848,-1,2848,3348,3349,-1,2848,3349,2847,-1,3350,2854,3349,-1,3349,2854,2851,-1,3349,2851,2847,-1,2858,2855,3351,-1,3351,2855,2852,-1,3351,2852,3350,-1,3350,2852,2853,-1,3350,2853,2854,-1,2857,3352,2856,-1,2856,3352,3353,-1,2856,3353,2859,-1,2859,3353,2862,-1,2861,3354,2860,-1,2860,3354,3355,-1,2860,3355,2863,-1,2863,3355,2864,-1,2869,2868,3356,-1,3356,2868,2867,-1,3356,2867,3357,-1,3357,2867,2866,-1,3357,2866,2865,-1,2870,3358,2395,-1,2395,3358,3359,-1,2395,3359,2396,-1,2396,3359,2392,-1,2393,3360,2389,-1,2389,3360,3361,-1,2389,3361,2390,-1,2390,3361,2871,-1,2876,3362,2875,-1,2875,3362,3363,-1,2875,3363,2874,-1,2874,3363,2873,-1,3364,3365,2872,-1,3366,2880,3365,-1,3365,2880,2877,-1,3365,2877,2872,-1,2884,2881,3367,-1,3367,2881,2878,-1,3367,2878,3366,-1,3366,2878,2879,-1,3366,2879,2880,-1,2883,3368,2882,-1,2882,3368,3369,-1,2882,3369,2885,-1,2885,3369,2888,-1,2887,3370,2886,-1,2886,3370,3371,-1,2886,3371,2889,-1,2889,3371,2890,-1,2386,2894,3372,-1,3372,2894,2893,-1,3372,2893,3373,-1,3373,2893,2892,-1,3373,2892,2891,-1,2387,3374,2383,-1,2383,3374,3375,-1,2383,3375,2384,-1,2384,3375,2380,-1,2381,3376,2377,-1,2377,3376,3377,-1,2377,3377,2378,-1,2378,3377,2895,-1,2897,2898,3378,-1,3378,2898,2899,-1,3378,2899,3379,-1,3380,2903,3381,-1,3381,2903,2900,-1,3381,2900,2896,-1,2907,2904,3382,-1,3382,2904,2901,-1,3382,2901,3380,-1,3380,2901,2902,-1,3380,2902,2903,-1,2906,3383,2905,-1,2905,3383,3384,-1,2905,3384,2908,-1,2908,3384,2911,-1,2910,3385,2909,-1,2909,3385,3386,-1,2909,3386,2912,-1,2912,3386,2913,-1,2914,3387,2915,-1,2915,3387,3388,-1,2374,2917,3388,-1,3388,2917,2916,-1,3388,2916,2915,-1,2375,3389,2371,-1,2371,3389,3390,-1,2371,3390,2372,-1,2372,3390,2368,-1,2369,3391,2365,-1,2365,3391,3392,-1,2365,3392,2366,-1,2366,3392,2918,-1,2923,3393,2922,-1,2922,3393,3394,-1,2922,3394,2921,-1,2921,3394,2920,-1,3395,3396,2919,-1,3397,2927,3396,-1,3396,2927,2924,-1,3396,2924,2919,-1,2931,2928,3398,-1,3398,2928,2925,-1,3398,2925,3397,-1,3397,2925,2926,-1,3397,2926,2927,-1,2930,3399,2929,-1,2929,3399,3400,-1,2929,3400,2932,-1,2932,3400,2935,-1,2934,3401,2933,-1,2933,3401,3402,-1,2933,3402,2936,-1,2936,3402,2937,-1,2362,2941,3403,-1,3403,2941,2940,-1,3403,2940,3404,-1,3404,2940,2939,-1,3404,2939,2938,-1,2363,3405,2359,-1,2359,3405,3406,-1,2359,3406,2360,-1,2360,3406,2356,-1,2357,3407,2353,-1,2353,3407,3408,-1,2353,3408,2354,-1,2943,2944,3409,-1,3409,2944,2945,-1,3409,2945,3410,-1,3410,2945,2946,-1,3410,2946,2942,-1,2947,3411,2950,-1,2950,3411,3412,-1,3413,2948,3412,-1,3412,2948,2949,-1,3412,2949,2950,-1,2952,2953,3414,-1,3414,2953,2954,-1,3414,2954,3413,-1,3413,2954,2951,-1,3413,2951,2948,-1,2955,3415,2958,-1,2958,3415,3416,-1,2958,3416,2957,-1,2957,3416,2956,-1,2959,3417,2960,-1,2960,3417,3418,-1,2963,2962,3418,-1,3418,2962,2961,-1,3418,2961,2960,-1,2964,3419,2965,-1,2965,3419,3420,-1,2965,3420,2966,-1,2966,3420,2350,-1,2351,3421,2347,-1,2347,3421,3422,-1,2347,3422,2348,-1,2348,3422,2344,-1,2345,3423,2967,-1,2967,3423,3424,-1,2967,3424,2972,-1,2971,3425,2970,-1,2970,3425,3426,-1,2970,3426,2969,-1,2969,3426,2968,-1,2973,3427,2976,-1,2976,3427,3428,-1,3429,2974,3428,-1,3428,2974,2975,-1,3428,2975,2976,-1,2978,2979,3430,-1,3430,2979,2980,-1,3430,2980,3429,-1,3429,2980,2977,-1,3429,2977,2974,-1,2981,3431,2984,-1,2984,3431,3432,-1,2984,3432,2983,-1,2983,3432,2982,-1,2985,3433,2986,-1,2986,3433,3434,-1,2986,3434,2987,-1,2341,2990,3435,-1,3435,2990,2989,-1,3435,2989,3434,-1,3434,2989,2988,-1,3434,2988,2987,-1,2342,3436,2338,-1,2338,3436,3437,-1,2338,3437,2339,-1,2339,3437,2335,-1,2336,3438,2332,-1,2332,3438,3439,-1,2332,3439,2333,-1,2333,3439,2991,-1,2995,3440,2994,-1,2994,3440,3441,-1,2994,3441,2993,-1,2993,3441,2992,-1,2998,3442,2997,-1,2997,3442,3443,-1,3001,3002,3444,-1,3444,3002,3003,-1,3444,3003,3443,-1,3443,3003,3000,-1,3443,3000,2997,-1,3004,3445,3007,-1,3007,3445,3446,-1,3007,3446,3006,-1,3006,3446,3005,-1,3008,3447,3009,-1,3009,3447,3448,-1,3009,3448,3010,-1,3010,3448,3011,-1,2329,3015,3449,-1,3449,3015,3014,-1,3449,3014,3450,-1,3450,3014,3013,-1,3450,3013,3012,-1,2330,3451,2326,-1,2326,3451,3452,-1,2326,3452,2327,-1,2327,3452,2323,-1,2324,3453,3016,-1,3016,3453,3454,-1,3016,3454,3021,-1,3276,3018,3455,-1,3455,3018,3019,-1,3455,3019,3020,-1,3022,3456,3025,-1,3025,3456,3457,-1,3458,3023,3457,-1,3457,3023,3024,-1,3457,3024,3025,-1,3027,3028,3459,-1,3459,3028,3029,-1,3459,3029,3458,-1,3458,3029,3026,-1,3458,3026,3023,-1,3030,3460,3033,-1,3033,3460,3461,-1,3033,3461,3032,-1,3032,3461,3031,-1,3034,3462,3035,-1,3035,3462,3463,-1,3038,3037,3463,-1,3463,3037,3036,-1,3463,3036,3035,-1,3039,3464,2320,-1,2320,3464,3465,-1,2320,3465,2321,-1,2321,3465,2317,-1,2318,3466,3040,-1,3040,3466,3467,-1,3040,3467,3041,-1,3041,3467,3042,-1,3043,3468,3044,-1,3044,3468,3469,-1,3044,3469,3048,-1,3047,3470,3046,-1,3046,3470,3275,-1,3046,3275,3045,-1,3045,3275,3049,-1,3051,3471,3050,-1,3050,3471,3472,-1,3473,3056,3472,-1,3472,3056,3053,-1,3472,3053,3050,-1,3060,3057,3474,-1,3474,3057,3054,-1,3474,3054,3473,-1,3473,3054,3055,-1,3473,3055,3056,-1,3059,3475,3058,-1,3058,3475,3476,-1,3058,3476,3061,-1,3061,3476,3062,-1,3063,3477,3064,-1,3064,3477,3478,-1,3064,3478,3065,-1,2314,3068,3479,-1,3479,3068,3067,-1,3479,3067,3478,-1,3478,3067,3066,-1,3478,3066,3065,-1,2315,3480,2311,-1,2311,3480,3481,-1,2311,3481,2312,-1,2312,3481,2308,-1,2309,3482,3069,-1,3069,3482,3483,-1,3069,3483,3074,-1,3074,3483,3073,-1,3072,3484,3071,-1,3071,3484,3485,-1,3071,3485,3070,-1,3077,3486,3076,-1,3076,3486,3487,-1,3080,3081,3488,-1,3488,3081,3082,-1,3488,3082,3487,-1,3487,3082,3079,-1,3487,3079,3076,-1,3083,3489,3086,-1,3086,3489,3490,-1,3086,3490,3085,-1,3085,3490,3084,-1,3087,3491,3088,-1,3088,3491,3492,-1,3088,3492,3089,-1,2305,3092,3493,-1,3493,3092,3091,-1,3493,3091,3492,-1,3492,3091,3090,-1,3492,3090,3089,-1,2306,3494,2302,-1,2302,3494,3495,-1,2302,3495,2303,-1,2303,3495,2299,-1,2300,3496,2296,-1,2296,3496,3497,-1,2296,3497,2297,-1,2297,3497,3093,-1,3097,3498,3499,-1,3094,3095,3499,-1,3499,3095,3096,-1,3499,3096,3097,-1,3098,3500,3101,-1,3101,3500,3501,-1,3502,3099,3501,-1,3501,3099,3100,-1,3501,3100,3101,-1,3503,3105,3502,-1,3502,3105,3102,-1,3502,3102,3099,-1,3109,3106,3504,-1,3504,3106,3103,-1,3504,3103,3503,-1,3503,3103,3104,-1,3503,3104,3105,-1,3108,3505,3107,-1,3107,3505,3506,-1,3107,3506,3110,-1,3110,3506,3111,-1,3112,3507,3113,-1,3113,3507,3508,-1,3116,3115,3508,-1,3508,3115,3114,-1,3508,3114,3113,-1,3117,3509,2293,-1,2293,3509,3510,-1,2293,3510,2294,-1,2294,3510,2290,-1,2291,3511,3118,-1,3118,3511,3512,-1,3118,3512,3119,-1,3119,3512,3120,-1,3124,3125,3513,-1,3513,3125,3121,-1,3513,3121,3514,-1,3123,3515,3122,-1,3122,3515,3516,-1,3122,3516,3126,-1,3126,3516,3129,-1,3128,3517,3127,-1,3127,3517,3518,-1,3519,3133,3518,-1,3518,3133,3130,-1,3518,3130,3127,-1,3137,3134,3520,-1,3520,3134,3131,-1,3520,3131,3519,-1,3519,3131,3132,-1,3519,3132,3133,-1,3136,3521,3135,-1,3135,3521,3522,-1,3135,3522,3138,-1,3138,3522,3139,-1,2287,3143,3523,-1,3523,3143,3142,-1,3523,3142,3524,-1,3524,3142,3141,-1,3524,3141,3140,-1,2288,3525,2284,-1,2284,3525,3526,-1,2284,3526,2285,-1,2285,3526,2281,-1,2282,3527,2278,-1,2278,3527,3528,-1,2278,3528,2279,-1,2279,3528,3144,-1,3148,3529,3147,-1,3147,3529,3530,-1,3147,3530,3146,-1,3146,3530,3145,-1,3149,3531,3152,-1,3152,3531,3532,-1,3152,3532,3151,-1,3151,3532,3150,-1,3153,3533,3156,-1,3156,3533,3534,-1,3160,3157,3535,-1,3535,3157,3154,-1,3535,3154,3534,-1,3534,3154,3155,-1,3534,3155,3156,-1,3159,3536,3158,-1,3158,3536,3537,-1,3158,3537,3161,-1,3161,3537,3162,-1,3163,3538,3164,-1,3164,3538,3539,-1,3164,3539,3165,-1,2275,3168,3540,-1,3540,3168,3167,-1,3540,3167,3539,-1,3539,3167,3166,-1,3539,3166,3165,-1,2276,3541,2272,-1,2272,3541,3542,-1,2272,3542,2273,-1,2273,3542,2269,-1,2270,3543,3169,-1,3169,3543,3544,-1,3169,3544,3174,-1,3173,3545,3172,-1,3172,3545,3546,-1,3172,3546,3171,-1,3171,3546,3170,-1,3175,3547,3178,-1,3178,3547,3548,-1,3549,3176,3548,-1,3548,3176,3177,-1,3548,3177,3178,-1,3550,3182,3549,-1,3549,3182,3179,-1,3549,3179,3176,-1,3186,3183,3551,-1,3551,3183,3180,-1,3551,3180,3550,-1,3550,3180,3181,-1,3550,3181,3182,-1,3185,3552,3184,-1,3184,3552,3553,-1,3184,3553,3187,-1,3187,3553,3188,-1,2266,3192,3554,-1,3554,3192,3191,-1,3554,3191,3555,-1,3555,3191,3190,-1,3555,3190,3189,-1,2267,3556,2263,-1,2263,3556,3557,-1,2263,3557,2264,-1,2264,3557,2260,-1,2261,3558,2257,-1,2257,3558,3559,-1,2257,3559,2258,-1,2258,3559,3193,-1,3195,3196,3560,-1,3560,3196,3197,-1,3560,3197,3561,-1,3199,3200,3562,-1,3562,3200,3201,-1,3562,3201,3563,-1,3563,3201,3198,-1,3563,3198,3194,-1,3202,3564,3205,-1,3205,3564,3565,-1,3566,3203,3565,-1,3565,3203,3204,-1,3565,3204,3205,-1,3207,3208,3567,-1,3567,3208,3209,-1,3567,3209,3566,-1,3566,3209,3206,-1,3566,3206,3203,-1,3210,3568,3211,-1,3211,3568,3569,-1,3211,3569,3212,-1,3212,3569,3213,-1,2254,3217,3570,-1,3570,3217,3216,-1,3570,3216,3571,-1,3571,3216,3215,-1,3571,3215,3214,-1,2255,3572,2251,-1,2251,3572,3573,-1,2251,3573,2252,-1,2252,3573,2248,-1,2249,3574,2245,-1,2245,3574,3575,-1,2245,3575,2246,-1,2246,3575,3218,-1,3222,3576,3221,-1,3221,3576,3577,-1,3221,3577,3220,-1,3220,3577,3219,-1,3223,3578,3226,-1,3226,3578,3579,-1,3226,3579,3225,-1,3225,3579,3224,-1,3227,3580,3230,-1,3230,3580,3581,-1,3234,3231,3582,-1,3582,3231,3228,-1,3582,3228,3581,-1,3581,3228,3229,-1,3581,3229,3230,-1,3233,3583,3232,-1,3232,3583,3584,-1,3232,3584,3235,-1,3235,3584,3236,-1,3585,3239,3586,-1,3586,3239,3238,-1,3586,3238,3237,-1,2239,2243,3587,-1,3587,2243,2242,-1,3587,2242,3585,-1,3585,2242,3240,-1,3585,3240,3239,-1,2240,3588,2236,-1,2236,3588,3589,-1,2236,3589,2237,-1,2237,3589,3241,-1,3242,3590,3243,-1,3243,3590,3591,-1,3243,3591,3244,-1,3245,3592,3246,-1,3246,3592,3593,-1,3246,3593,3247,-1,3247,3593,3250,-1,3249,3594,3248,-1,3248,3594,3595,-1,3596,3254,3595,-1,3595,3254,3251,-1,3595,3251,3248,-1,3597,3252,3596,-1,3596,3252,3253,-1,3596,3253,3254,-1,3256,3257,3598,-1,3598,3257,3258,-1,3598,3258,3597,-1,3597,3258,3255,-1,3597,3255,3252,-1,3259,3599,3260,-1,3260,3599,3600,-1,3260,3600,3261,-1,3261,3600,3262,-1,2507,2509,3601,-1,3601,2509,3265,-1,3601,3265,3602,-1,3602,3265,3264,-1,3602,3264,3263,-1,2508,3603,2511,-1,2511,3603,3604,-1,2511,3604,2510,-1,2510,3604,2512,-1,2467,3605,2515,-1,2515,3605,3606,-1,2515,3606,2514,-1,2514,3606,2513,-1,2466,2465,3607,-1,3607,2465,2516,-1,3607,2516,3608,-1,2520,2521,3609,-1,3609,2521,2518,-1,3609,2518,3610,-1,3610,2518,2519,-1,3610,2519,2517,-1,2522,3611,2523,-1,2523,3611,3612,-1,3613,2525,3612,-1,3612,2525,2524,-1,3612,2524,2523,-1,2530,2531,3614,-1,3614,2531,2527,-1,3614,2527,3613,-1,3613,2527,2526,-1,3613,2526,2525,-1,2529,3615,2528,-1,2528,3615,3616,-1,2534,2532,3616,-1,3616,2532,2533,-1,3616,2533,2528,-1,2535,3617,2539,-1,2539,3617,3618,-1,2539,3618,2538,-1,2538,3618,2537,-1,2536,3619,2463,-1,2463,3619,3620,-1,2463,3620,2464,-1,2464,3620,2541,-1,2540,3621,2544,-1,2544,3621,3622,-1,2544,3622,2542,-1,2542,3622,2543,-1,2546,3623,2545,-1,2545,3623,3624,-1,2545,3624,2549,-1,2547,3625,2548,-1,2548,3625,3626,-1,2548,3626,2550,-1,2550,3626,127,-1,3278,3627,3279,-1,3279,3627,3304,-1,3279,3304,2780,-1,2780,3304,2779,-1,3627,3628,3304,-1,3304,3628,3629,-1,3304,3629,3305,-1,3305,3629,3630,-1,3630,3631,3305,-1,3305,3631,3306,-1,3305,3306,2784,-1,2784,3306,2783,-1,3631,3632,3306,-1,3306,3632,3633,-1,3306,3633,3307,-1,3307,3633,3634,-1,3634,3635,3307,-1,3307,3635,3308,-1,3307,3308,2788,-1,2788,3308,2787,-1,3635,3636,3308,-1,3308,3636,3637,-1,3308,3637,3309,-1,3309,3637,3638,-1,3309,3638,3639,-1,3639,3640,3309,-1,3309,3640,3310,-1,3309,3310,2790,-1,2790,3310,2791,-1,3641,3311,3642,-1,3642,3311,3310,-1,3642,3310,3643,-1,3643,3310,3640,-1,3641,3644,3311,-1,3311,3644,3312,-1,3311,3312,2795,-1,2795,3312,2796,-1,3645,3313,3646,-1,3646,3313,3312,-1,3646,3312,3647,-1,3647,3312,3644,-1,3645,3648,3313,-1,3313,3648,3314,-1,3313,3314,2425,-1,2425,3314,2426,-1,3649,3315,3650,-1,3650,3315,3314,-1,3650,3314,3651,-1,3651,3314,3648,-1,3649,3652,3315,-1,3315,3652,3316,-1,3315,3316,2419,-1,2419,3316,2420,-1,3652,3653,3316,-1,3316,3653,3654,-1,3316,3654,3317,-1,3317,3654,3655,-1,3317,3655,3656,-1,3656,3657,3317,-1,3317,3657,3319,-1,3317,3319,2800,-1,2800,3319,2799,-1,3657,3658,3319,-1,3319,3658,3659,-1,3319,3659,3318,-1,3318,3659,3660,-1,3318,3660,3320,-1,3660,3661,3320,-1,3320,3661,3662,-1,3320,3662,3321,-1,3321,3662,3663,-1,3663,3664,3321,-1,3321,3664,3322,-1,3321,3322,2809,-1,2809,3322,2808,-1,3664,3665,3322,-1,3322,3665,3666,-1,3322,3666,3323,-1,3323,3666,3667,-1,3667,3668,3323,-1,3323,3668,3324,-1,3323,3324,2813,-1,2813,3324,2812,-1,3668,3669,3324,-1,3324,3669,3670,-1,3324,3670,3325,-1,3325,3670,3671,-1,3672,3326,3673,-1,3673,3326,3325,-1,3673,3325,3674,-1,3674,3325,3671,-1,3672,3675,3326,-1,3326,3675,3327,-1,3326,3327,2818,-1,2818,3327,2819,-1,3676,3328,3677,-1,3677,3328,3327,-1,3677,3327,3678,-1,3678,3327,3675,-1,3676,3679,3328,-1,3328,3679,3329,-1,3328,3329,2416,-1,2416,3329,2417,-1,3680,3330,3681,-1,3681,3330,3329,-1,3681,3329,3682,-1,3682,3329,3679,-1,3680,3683,3330,-1,3330,3683,3331,-1,3330,3331,2410,-1,2410,3331,2411,-1,3683,3684,3331,-1,3331,3684,3685,-1,3331,3685,3332,-1,3332,3685,3686,-1,3332,3686,3687,-1,3687,3272,3332,-1,3332,3272,3274,-1,3332,3274,2823,-1,2823,3274,2824,-1,3273,3688,3274,-1,3274,3688,3333,-1,3274,3333,2825,-1,2825,3333,2826,-1,3688,3689,3333,-1,3333,3689,3690,-1,3333,3690,3334,-1,3334,3690,3691,-1,3334,3691,3335,-1,3335,3691,3692,-1,3692,3693,3335,-1,3335,3693,3336,-1,3335,3336,2833,-1,2833,3336,2832,-1,3693,3694,3336,-1,3336,3694,3695,-1,3336,3695,3337,-1,3337,3695,3696,-1,3696,3697,3337,-1,3337,3697,3338,-1,3337,3338,2837,-1,2837,3338,2836,-1,3697,3698,3338,-1,3338,3698,3699,-1,3338,3699,3339,-1,3339,3699,3700,-1,3701,3340,3702,-1,3702,3340,3339,-1,3702,3339,3703,-1,3703,3339,3700,-1,3701,3704,3340,-1,3340,3704,3342,-1,3340,3342,2841,-1,2841,3342,2842,-1,3705,3341,3706,-1,3706,3341,3342,-1,3706,3342,3707,-1,3707,3342,3704,-1,3705,3708,3341,-1,3341,3708,3343,-1,3341,3343,2407,-1,2407,3343,2408,-1,3709,3344,3710,-1,3710,3344,3343,-1,3710,3343,3711,-1,3711,3343,3708,-1,3709,3712,3344,-1,3344,3712,3345,-1,3344,3345,2401,-1,2401,3345,2402,-1,3713,3346,3714,-1,3714,3346,3345,-1,3714,3345,3715,-1,3715,3345,3712,-1,3713,3716,3346,-1,3346,3716,3347,-1,3346,3347,2846,-1,2846,3347,2850,-1,3717,3348,3718,-1,3718,3348,3347,-1,3718,3347,3719,-1,3719,3347,3716,-1,3717,3720,3348,-1,3348,3720,3721,-1,3348,3721,3349,-1,3349,3721,3722,-1,3349,3722,3350,-1,3722,3723,3350,-1,3350,3723,3724,-1,3350,3724,3351,-1,3351,3724,3725,-1,3725,3726,3351,-1,3351,3726,3352,-1,3351,3352,2858,-1,2858,3352,2857,-1,3726,3727,3352,-1,3352,3727,3728,-1,3352,3728,3353,-1,3353,3728,3729,-1,3729,3730,3353,-1,3353,3730,3354,-1,3353,3354,2862,-1,2862,3354,2861,-1,3730,3731,3354,-1,3354,3731,3732,-1,3354,3732,3355,-1,3355,3732,3733,-1,3355,3733,3734,-1,3734,3735,3355,-1,3355,3735,3357,-1,3355,3357,2864,-1,2864,3357,2865,-1,3736,3356,3737,-1,3737,3356,3357,-1,3737,3357,3738,-1,3738,3357,3735,-1,3736,3739,3356,-1,3356,3739,3358,-1,3356,3358,2869,-1,2869,3358,2870,-1,3740,3359,3741,-1,3741,3359,3358,-1,3741,3358,3742,-1,3742,3358,3739,-1,3740,3743,3359,-1,3359,3743,3360,-1,3359,3360,2392,-1,2392,3360,2393,-1,3744,3361,3745,-1,3745,3361,3360,-1,3745,3360,3746,-1,3746,3360,3743,-1,3744,3747,3361,-1,3361,3747,3362,-1,3361,3362,2871,-1,2871,3362,2876,-1,3748,3363,3749,-1,3749,3363,3362,-1,3749,3362,3750,-1,3750,3362,3747,-1,3748,3751,3363,-1,3363,3751,3364,-1,3363,3364,2873,-1,2873,3364,2872,-1,3751,3752,3364,-1,3364,3752,3753,-1,3364,3753,3365,-1,3365,3753,3754,-1,3365,3754,3366,-1,3754,3755,3366,-1,3366,3755,3756,-1,3366,3756,3367,-1,3367,3756,3757,-1,3757,3758,3367,-1,3367,3758,3368,-1,3367,3368,2884,-1,2884,3368,2883,-1,3758,3759,3368,-1,3368,3759,3760,-1,3368,3760,3369,-1,3369,3760,3761,-1,3761,3762,3369,-1,3369,3762,3370,-1,3369,3370,2888,-1,2888,3370,2887,-1,3762,3763,3370,-1,3370,3763,3764,-1,3370,3764,3371,-1,3371,3764,3765,-1,3371,3765,3766,-1,3766,3767,3371,-1,3371,3767,3373,-1,3371,3373,2890,-1,2890,3373,2891,-1,3768,3372,3769,-1,3769,3372,3373,-1,3769,3373,3770,-1,3770,3373,3767,-1,3768,3771,3372,-1,3372,3771,3374,-1,3372,3374,2386,-1,2386,3374,2387,-1,3772,3375,3773,-1,3773,3375,3374,-1,3773,3374,3774,-1,3774,3374,3771,-1,3772,3775,3375,-1,3375,3775,3376,-1,3375,3376,2380,-1,2380,3376,2381,-1,3776,3377,3777,-1,3777,3377,3376,-1,3777,3376,3778,-1,3778,3376,3775,-1,3776,3779,3377,-1,3377,3779,3379,-1,3377,3379,2895,-1,2895,3379,2899,-1,3779,3780,3379,-1,3379,3780,3781,-1,3379,3781,3378,-1,3378,3781,3782,-1,3378,3782,3783,-1,3783,3784,3378,-1,3378,3784,3381,-1,3378,3381,2897,-1,2897,3381,2896,-1,3784,3785,3381,-1,3381,3785,3786,-1,3381,3786,3380,-1,3380,3786,3787,-1,3380,3787,3382,-1,3382,3787,3788,-1,3788,3789,3382,-1,3382,3789,3383,-1,3382,3383,2907,-1,2907,3383,2906,-1,3789,3790,3383,-1,3383,3790,3791,-1,3383,3791,3384,-1,3384,3791,3792,-1,3792,3793,3384,-1,3384,3793,3385,-1,3384,3385,2911,-1,2911,3385,2910,-1,3793,3794,3385,-1,3385,3794,3795,-1,3385,3795,3386,-1,3386,3795,3796,-1,3386,3796,3797,-1,3797,3798,3386,-1,3386,3798,3387,-1,3386,3387,2913,-1,2913,3387,2914,-1,3799,3388,3800,-1,3800,3388,3387,-1,3800,3387,3801,-1,3801,3387,3798,-1,3799,3802,3388,-1,3388,3802,3389,-1,3388,3389,2374,-1,2374,3389,2375,-1,3803,3390,3804,-1,3804,3390,3389,-1,3804,3389,3805,-1,3805,3389,3802,-1,3803,3806,3390,-1,3390,3806,3391,-1,3390,3391,2368,-1,2368,3391,2369,-1,3807,3392,3808,-1,3808,3392,3391,-1,3808,3391,3809,-1,3809,3391,3806,-1,3807,3810,3392,-1,3392,3810,3393,-1,3392,3393,2918,-1,2918,3393,2923,-1,3810,3811,3393,-1,3393,3811,3812,-1,3393,3812,3394,-1,3394,3812,3813,-1,3394,3813,3814,-1,3814,3815,3394,-1,3394,3815,3395,-1,3394,3395,2920,-1,2920,3395,2919,-1,3815,3816,3395,-1,3395,3816,3817,-1,3395,3817,3396,-1,3396,3817,3818,-1,3396,3818,3397,-1,3818,3819,3397,-1,3397,3819,3820,-1,3397,3820,3398,-1,3398,3820,3821,-1,3821,3822,3398,-1,3398,3822,3399,-1,3398,3399,2931,-1,2931,3399,2930,-1,3822,3823,3399,-1,3399,3823,3824,-1,3399,3824,3400,-1,3400,3824,3825,-1,3825,3826,3400,-1,3400,3826,3401,-1,3400,3401,2935,-1,2935,3401,2934,-1,3826,3827,3401,-1,3401,3827,3828,-1,3401,3828,3402,-1,3402,3828,3829,-1,3402,3829,3830,-1,3830,3831,3402,-1,3402,3831,3404,-1,3402,3404,2937,-1,2937,3404,2938,-1,3832,3403,3833,-1,3833,3403,3404,-1,3833,3404,3834,-1,3834,3404,3831,-1,3832,3835,3403,-1,3403,3835,3405,-1,3403,3405,2362,-1,2362,3405,2363,-1,3836,3406,3837,-1,3837,3406,3405,-1,3837,3405,3838,-1,3838,3405,3835,-1,3836,3839,3406,-1,3406,3839,3407,-1,3406,3407,2356,-1,2356,3407,2357,-1,3840,3408,3841,-1,3841,3408,3407,-1,3841,3407,3842,-1,3842,3407,3839,-1,3840,3843,3408,-1,3408,3843,3410,-1,3408,3410,2354,-1,2354,3410,2942,-1,3844,3409,3845,-1,3845,3409,3410,-1,3845,3410,3846,-1,3846,3410,3843,-1,3844,3847,3409,-1,3409,3847,3411,-1,3409,3411,2943,-1,2943,3411,2947,-1,3847,3848,3411,-1,3411,3848,3849,-1,3411,3849,3412,-1,3412,3849,3850,-1,3412,3850,3413,-1,3850,3851,3413,-1,3413,3851,3852,-1,3413,3852,3414,-1,3414,3852,3853,-1,3853,3854,3414,-1,3414,3854,3415,-1,3414,3415,2952,-1,2952,3415,2955,-1,3854,3855,3415,-1,3415,3855,3856,-1,3415,3856,3416,-1,3416,3856,3857,-1,3857,3858,3416,-1,3416,3858,3417,-1,3416,3417,2956,-1,2956,3417,2959,-1,3858,3859,3417,-1,3417,3859,3860,-1,3417,3860,3418,-1,3418,3860,3861,-1,3418,3861,3862,-1,3862,3863,3418,-1,3418,3863,3419,-1,3418,3419,2963,-1,2963,3419,2964,-1,3864,3420,3865,-1,3865,3420,3419,-1,3865,3419,3866,-1,3866,3419,3863,-1,3864,3867,3420,-1,3420,3867,3421,-1,3420,3421,2350,-1,2350,3421,2351,-1,3868,3422,3869,-1,3869,3422,3421,-1,3869,3421,3870,-1,3870,3421,3867,-1,3868,3871,3422,-1,3422,3871,3423,-1,3422,3423,2344,-1,2344,3423,2345,-1,3872,3424,3873,-1,3873,3424,3423,-1,3873,3423,3874,-1,3874,3423,3871,-1,3872,3875,3424,-1,3424,3875,3425,-1,3424,3425,2972,-1,2972,3425,2971,-1,3876,3426,3877,-1,3877,3426,3425,-1,3877,3425,3878,-1,3878,3425,3875,-1,3876,3879,3426,-1,3426,3879,3427,-1,3426,3427,2968,-1,2968,3427,2973,-1,3879,3880,3427,-1,3427,3880,3881,-1,3427,3881,3428,-1,3428,3881,3882,-1,3428,3882,3429,-1,3882,3883,3429,-1,3429,3883,3884,-1,3429,3884,3430,-1,3430,3884,3885,-1,3885,3886,3430,-1,3430,3886,3431,-1,3430,3431,2978,-1,2978,3431,2981,-1,3886,3887,3431,-1,3431,3887,3888,-1,3431,3888,3432,-1,3432,3888,3889,-1,3889,3890,3432,-1,3432,3890,3433,-1,3432,3433,2982,-1,2982,3433,2985,-1,3890,3891,3433,-1,3433,3891,3892,-1,3433,3892,3434,-1,3434,3892,3893,-1,3894,3435,3895,-1,3895,3435,3434,-1,3895,3434,3896,-1,3896,3434,3893,-1,3894,3897,3435,-1,3435,3897,3436,-1,3435,3436,2341,-1,2341,3436,2342,-1,3898,3437,3899,-1,3899,3437,3436,-1,3899,3436,3900,-1,3900,3436,3897,-1,3898,3901,3437,-1,3437,3901,3438,-1,3437,3438,2335,-1,2335,3438,2336,-1,3902,3439,3903,-1,3903,3439,3438,-1,3903,3438,3904,-1,3904,3438,3901,-1,3902,3905,3439,-1,3439,3905,3440,-1,3439,3440,2991,-1,2991,3440,2995,-1,3905,3906,3440,-1,3440,3906,3907,-1,3440,3907,3441,-1,3441,3907,3908,-1,3441,3908,3909,-1,3909,3269,3441,-1,3441,3269,3271,-1,3441,3271,2992,-1,2992,3271,2996,-1,3270,3910,3271,-1,3271,3910,3442,-1,3271,3442,2999,-1,2999,3442,2998,-1,3910,3911,3442,-1,3442,3911,3912,-1,3442,3912,3443,-1,3443,3912,3913,-1,3443,3913,3444,-1,3444,3913,3914,-1,3914,3915,3444,-1,3444,3915,3445,-1,3444,3445,3001,-1,3001,3445,3004,-1,3915,3916,3445,-1,3445,3916,3917,-1,3445,3917,3446,-1,3446,3917,3918,-1,3918,3919,3446,-1,3446,3919,3447,-1,3446,3447,3005,-1,3005,3447,3008,-1,3919,3920,3447,-1,3447,3920,3921,-1,3447,3921,3448,-1,3448,3921,3922,-1,3448,3922,3923,-1,3923,3924,3448,-1,3448,3924,3450,-1,3448,3450,3011,-1,3011,3450,3012,-1,3925,3449,3926,-1,3926,3449,3450,-1,3926,3450,3927,-1,3927,3450,3924,-1,3925,3928,3449,-1,3449,3928,3451,-1,3449,3451,2329,-1,2329,3451,2330,-1,3929,3452,3930,-1,3930,3452,3451,-1,3930,3451,3931,-1,3931,3451,3928,-1,3929,3932,3452,-1,3452,3932,3453,-1,3452,3453,2323,-1,2323,3453,2324,-1,3933,3454,3934,-1,3934,3454,3453,-1,3934,3453,3935,-1,3935,3453,3932,-1,3933,3936,3454,-1,3454,3936,3455,-1,3454,3455,3021,-1,3021,3455,3020,-1,3936,3937,3455,-1,3455,3937,3938,-1,3455,3938,3276,-1,3276,3938,3939,-1,3276,3939,3940,-1,3940,3941,3276,-1,3276,3941,3456,-1,3276,3456,3017,-1,3017,3456,3022,-1,3941,3942,3456,-1,3456,3942,3943,-1,3456,3943,3457,-1,3457,3943,3944,-1,3457,3944,3458,-1,3944,3945,3458,-1,3458,3945,3946,-1,3458,3946,3459,-1,3459,3946,3947,-1,3947,3948,3459,-1,3459,3948,3460,-1,3459,3460,3027,-1,3027,3460,3030,-1,3948,3949,3460,-1,3460,3949,3950,-1,3460,3950,3461,-1,3461,3950,3951,-1,3951,3952,3461,-1,3461,3952,3462,-1,3461,3462,3031,-1,3031,3462,3034,-1,3952,3953,3462,-1,3462,3953,3954,-1,3462,3954,3463,-1,3463,3954,3955,-1,3463,3955,3956,-1,3956,3957,3463,-1,3463,3957,3464,-1,3463,3464,3038,-1,3038,3464,3039,-1,3958,3465,3959,-1,3959,3465,3464,-1,3959,3464,3960,-1,3960,3464,3957,-1,3958,3961,3465,-1,3465,3961,3466,-1,3465,3466,2317,-1,2317,3466,2318,-1,3962,3467,3963,-1,3963,3467,3466,-1,3963,3466,3964,-1,3964,3466,3961,-1,3962,3965,3467,-1,3467,3965,3468,-1,3467,3468,3042,-1,3042,3468,3043,-1,3966,3469,3967,-1,3967,3469,3468,-1,3967,3468,3968,-1,3968,3468,3965,-1,3966,3969,3469,-1,3469,3969,3470,-1,3469,3470,3048,-1,3048,3470,3047,-1,3970,3275,3971,-1,3971,3275,3470,-1,3971,3470,3972,-1,3972,3470,3969,-1,3970,3973,3275,-1,3275,3973,3471,-1,3275,3471,3052,-1,3052,3471,3051,-1,3973,3974,3471,-1,3471,3974,3975,-1,3471,3975,3472,-1,3472,3975,3976,-1,3472,3976,3473,-1,3976,3977,3473,-1,3473,3977,3978,-1,3473,3978,3474,-1,3474,3978,3979,-1,3979,3980,3474,-1,3474,3980,3475,-1,3474,3475,3060,-1,3060,3475,3059,-1,3980,3981,3475,-1,3475,3981,3982,-1,3475,3982,3476,-1,3476,3982,3983,-1,3983,3984,3476,-1,3476,3984,3477,-1,3476,3477,3062,-1,3062,3477,3063,-1,3984,3985,3477,-1,3477,3985,3986,-1,3477,3986,3478,-1,3478,3986,3987,-1,3988,3479,3989,-1,3989,3479,3478,-1,3989,3478,3990,-1,3990,3478,3987,-1,3988,3991,3479,-1,3479,3991,3480,-1,3479,3480,2314,-1,2314,3480,2315,-1,3992,3481,3993,-1,3993,3481,3480,-1,3993,3480,3994,-1,3994,3480,3991,-1,3992,3995,3481,-1,3481,3995,3482,-1,3481,3482,2308,-1,2308,3482,2309,-1,3996,3483,3997,-1,3997,3483,3482,-1,3997,3482,3998,-1,3998,3482,3995,-1,3996,3999,3483,-1,3483,3999,3484,-1,3483,3484,3073,-1,3073,3484,3072,-1,3999,4000,3484,-1,3484,4000,4001,-1,3484,4001,3485,-1,3485,4001,4002,-1,3485,4002,4003,-1,4003,3266,3485,-1,3485,3266,3268,-1,3485,3268,3070,-1,3070,3268,3075,-1,3267,4004,3268,-1,3268,4004,3486,-1,3268,3486,3078,-1,3078,3486,3077,-1,4004,4005,3486,-1,3486,4005,4006,-1,3486,4006,3487,-1,3487,4006,4007,-1,3487,4007,3488,-1,3488,4007,4008,-1,4008,4009,3488,-1,3488,4009,3489,-1,3488,3489,3080,-1,3080,3489,3083,-1,4009,4010,3489,-1,3489,4010,4011,-1,3489,4011,3490,-1,3490,4011,4012,-1,4012,4013,3490,-1,3490,4013,3491,-1,3490,3491,3084,-1,3084,3491,3087,-1,4013,4014,3491,-1,3491,4014,4015,-1,3491,4015,3492,-1,3492,4015,4016,-1,4017,3493,4018,-1,4018,3493,3492,-1,4018,3492,4019,-1,4019,3492,4016,-1,4017,4020,3493,-1,3493,4020,3494,-1,3493,3494,2305,-1,2305,3494,2306,-1,4021,3495,4022,-1,4022,3495,3494,-1,4022,3494,4023,-1,4023,3494,4020,-1,4021,4024,3495,-1,3495,4024,3496,-1,3495,3496,2299,-1,2299,3496,2300,-1,4025,3497,4026,-1,4026,3497,3496,-1,4026,3496,4027,-1,4027,3496,4024,-1,4025,4028,3497,-1,3497,4028,3498,-1,3497,3498,3093,-1,3093,3498,3097,-1,4029,3499,4030,-1,4030,3499,3498,-1,4030,3498,4031,-1,4031,3498,4028,-1,4029,4032,3499,-1,3499,4032,3500,-1,3499,3500,3094,-1,3094,3500,3098,-1,4033,3501,4034,-1,4034,3501,3500,-1,4034,3500,4035,-1,4035,3500,4032,-1,4033,4036,3501,-1,3501,4036,4037,-1,3501,4037,3502,-1,3502,4037,4038,-1,3502,4038,3503,-1,4038,4039,3503,-1,3503,4039,4040,-1,3503,4040,3504,-1,3504,4040,4041,-1,4041,4042,3504,-1,3504,4042,3505,-1,3504,3505,3109,-1,3109,3505,3108,-1,4042,4043,3505,-1,3505,4043,4044,-1,3505,4044,3506,-1,3506,4044,4045,-1,4045,4046,3506,-1,3506,4046,3507,-1,3506,3507,3111,-1,3111,3507,3112,-1,4046,4047,3507,-1,3507,4047,4048,-1,3507,4048,3508,-1,3508,4048,4049,-1,3508,4049,4050,-1,4050,4051,3508,-1,3508,4051,3509,-1,3508,3509,3116,-1,3116,3509,3117,-1,4052,3510,4053,-1,4053,3510,3509,-1,4053,3509,4054,-1,4054,3509,4051,-1,4052,4055,3510,-1,3510,4055,3511,-1,3510,3511,2290,-1,2290,3511,2291,-1,4056,3512,4057,-1,4057,3512,3511,-1,4057,3511,4058,-1,4058,3511,4055,-1,4056,4059,3512,-1,3512,4059,3514,-1,3512,3514,3120,-1,3120,3514,3121,-1,4060,3513,4061,-1,4061,3513,3514,-1,4061,3514,4062,-1,4062,3514,4059,-1,4060,4063,3513,-1,3513,4063,3515,-1,3513,3515,3124,-1,3124,3515,3123,-1,4064,3516,4065,-1,4065,3516,3515,-1,4065,3515,4066,-1,4066,3515,4063,-1,4064,4067,3516,-1,3516,4067,3517,-1,3516,3517,3129,-1,3129,3517,3128,-1,4067,4068,3517,-1,3517,4068,4069,-1,3517,4069,3518,-1,3518,4069,4070,-1,3518,4070,3519,-1,4070,4071,3519,-1,3519,4071,4072,-1,3519,4072,3520,-1,3520,4072,4073,-1,4073,4074,3520,-1,3520,4074,3521,-1,3520,3521,3137,-1,3137,3521,3136,-1,4074,4075,3521,-1,3521,4075,4076,-1,3521,4076,3522,-1,3522,4076,4077,-1,4077,4078,3522,-1,3522,4078,3524,-1,3522,3524,3139,-1,3139,3524,3140,-1,4078,4079,3524,-1,3524,4079,4080,-1,3524,4080,3523,-1,3523,4080,4081,-1,3523,4081,4082,-1,4082,4083,3523,-1,3523,4083,3525,-1,3523,3525,2287,-1,2287,3525,2288,-1,4084,3526,4085,-1,4085,3526,3525,-1,4085,3525,4086,-1,4086,3525,4083,-1,4084,4087,3526,-1,3526,4087,3527,-1,3526,3527,2281,-1,2281,3527,2282,-1,4088,3528,4089,-1,4089,3528,3527,-1,4089,3527,4090,-1,4090,3527,4087,-1,4088,4091,3528,-1,3528,4091,3529,-1,3528,3529,3144,-1,3144,3529,3148,-1,4092,3530,4093,-1,4093,3530,3529,-1,4093,3529,4094,-1,4094,3529,4091,-1,4092,4095,3530,-1,3530,4095,3531,-1,3530,3531,3145,-1,3145,3531,3149,-1,4095,4096,3531,-1,3531,4096,4097,-1,3531,4097,3532,-1,3532,4097,4098,-1,3532,4098,4099,-1,4099,4100,3532,-1,3532,4100,3533,-1,3532,3533,3150,-1,3150,3533,3153,-1,4100,4101,3533,-1,3533,4101,4102,-1,3533,4102,3534,-1,3534,4102,4103,-1,3534,4103,3535,-1,3535,4103,4104,-1,4104,4105,3535,-1,3535,4105,3536,-1,3535,3536,3160,-1,3160,3536,3159,-1,4105,4106,3536,-1,3536,4106,4107,-1,3536,4107,3537,-1,3537,4107,4108,-1,4108,4109,3537,-1,3537,4109,3538,-1,3537,3538,3162,-1,3162,3538,3163,-1,4109,4110,3538,-1,3538,4110,4111,-1,3538,4111,3539,-1,3539,4111,4112,-1,4113,3540,4114,-1,4114,3540,3539,-1,4114,3539,4115,-1,4115,3539,4112,-1,4113,4116,3540,-1,3540,4116,3541,-1,3540,3541,2275,-1,2275,3541,2276,-1,4117,3542,4118,-1,4118,3542,3541,-1,4118,3541,4119,-1,4119,3541,4116,-1,4117,4120,3542,-1,3542,4120,3543,-1,3542,3543,2269,-1,2269,3543,2270,-1,4121,3544,4122,-1,4122,3544,3543,-1,4122,3543,4123,-1,4123,3543,4120,-1,4121,4124,3544,-1,3544,4124,3545,-1,3544,3545,3174,-1,3174,3545,3173,-1,4125,3546,4126,-1,4126,3546,3545,-1,4126,3545,4127,-1,4127,3545,4124,-1,4125,4128,3546,-1,3546,4128,3547,-1,3546,3547,3170,-1,3170,3547,3175,-1,4129,3548,4130,-1,4130,3548,3547,-1,4130,3547,4131,-1,4131,3547,4128,-1,4129,4132,3548,-1,3548,4132,4133,-1,3548,4133,3549,-1,3549,4133,4134,-1,3549,4134,3550,-1,4134,4135,3550,-1,3550,4135,4136,-1,3550,4136,3551,-1,3551,4136,4137,-1,4137,4138,3551,-1,3551,4138,3552,-1,3551,3552,3186,-1,3186,3552,3185,-1,4138,4139,3552,-1,3552,4139,4140,-1,3552,4140,3553,-1,3553,4140,4141,-1,4141,4142,3553,-1,3553,4142,3555,-1,3553,3555,3188,-1,3188,3555,3189,-1,4142,4143,3555,-1,3555,4143,4144,-1,3555,4144,3554,-1,3554,4144,4145,-1,3554,4145,4146,-1,4146,4147,3554,-1,3554,4147,3556,-1,3554,3556,2266,-1,2266,3556,2267,-1,4148,3557,4149,-1,4149,3557,3556,-1,4149,3556,4150,-1,4150,3556,4147,-1,4148,4151,3557,-1,3557,4151,3558,-1,3557,3558,2260,-1,2260,3558,2261,-1,4152,3559,4153,-1,4153,3559,3558,-1,4153,3558,4154,-1,4154,3558,4151,-1,4152,4155,3559,-1,3559,4155,3561,-1,3559,3561,3193,-1,3193,3561,3197,-1,4156,3560,4157,-1,4157,3560,3561,-1,4157,3561,4158,-1,4158,3561,4155,-1,4156,4159,3560,-1,3560,4159,3563,-1,3560,3563,3195,-1,3195,3563,3194,-1,4160,3562,4161,-1,4161,3562,3563,-1,4161,3563,4162,-1,4162,3563,4159,-1,4160,4163,3562,-1,3562,4163,3564,-1,3562,3564,3199,-1,3199,3564,3202,-1,4163,4164,3564,-1,3564,4164,4165,-1,3564,4165,3565,-1,3565,4165,4166,-1,3565,4166,3566,-1,4166,4167,3566,-1,3566,4167,4168,-1,3566,4168,3567,-1,3567,4168,4169,-1,4169,4170,3567,-1,3567,4170,3568,-1,3567,3568,3207,-1,3207,3568,3210,-1,4170,4171,3568,-1,3568,4171,4172,-1,3568,4172,3569,-1,3569,4172,4173,-1,4173,4174,3569,-1,3569,4174,3571,-1,3569,3571,3213,-1,3213,3571,3214,-1,4174,4175,3571,-1,3571,4175,4176,-1,3571,4176,3570,-1,3570,4176,4177,-1,3570,4177,4178,-1,4178,4179,3570,-1,3570,4179,3572,-1,3570,3572,2254,-1,2254,3572,2255,-1,4180,3573,4181,-1,4181,3573,3572,-1,4181,3572,4182,-1,4182,3572,4179,-1,4180,4183,3573,-1,3573,4183,3574,-1,3573,3574,2248,-1,2248,3574,2249,-1,4184,3575,4185,-1,4185,3575,3574,-1,4185,3574,4186,-1,4186,3574,4183,-1,4184,4187,3575,-1,3575,4187,3576,-1,3575,3576,3218,-1,3218,3576,3222,-1,4188,3577,4189,-1,4189,3577,3576,-1,4189,3576,4190,-1,4190,3576,4187,-1,4188,4191,3577,-1,3577,4191,3578,-1,3577,3578,3219,-1,3219,3578,3223,-1,4192,3579,4193,-1,4193,3579,3578,-1,4193,3578,4194,-1,4194,3578,4191,-1,4192,4195,3579,-1,3579,4195,3580,-1,3579,3580,3224,-1,3224,3580,3227,-1,4195,4196,3580,-1,3580,4196,4197,-1,3580,4197,3581,-1,3581,4197,4198,-1,3581,4198,3582,-1,3582,4198,4199,-1,4199,4200,3582,-1,3582,4200,3583,-1,3582,3583,3234,-1,3234,3583,3233,-1,4200,4201,3583,-1,3583,4201,4202,-1,3583,4202,3584,-1,3584,4202,4203,-1,4203,4204,3584,-1,3584,4204,3586,-1,3584,3586,3236,-1,3236,3586,3237,-1,4204,4205,3586,-1,3586,4205,4206,-1,3586,4206,3585,-1,3585,4206,4207,-1,4208,3587,4209,-1,4209,3587,3585,-1,4209,3585,4210,-1,4210,3585,4207,-1,4208,4211,3587,-1,3587,4211,3588,-1,3587,3588,2239,-1,2239,3588,2240,-1,4212,3589,4213,-1,4213,3589,3588,-1,4213,3588,4214,-1,4214,3588,4211,-1,4212,4215,3589,-1,3589,4215,3590,-1,3589,3590,3241,-1,3241,3590,3242,-1,4216,3591,4217,-1,4217,3591,3590,-1,4217,3590,4218,-1,4218,3590,4215,-1,4216,4219,3591,-1,3591,4219,3592,-1,3591,3592,3244,-1,3244,3592,3245,-1,4220,3593,4221,-1,4221,3593,3592,-1,4221,3592,4222,-1,4222,3592,4219,-1,4220,4223,3593,-1,3593,4223,3594,-1,3593,3594,3250,-1,3250,3594,3249,-1,4224,3595,4225,-1,4225,3595,3594,-1,4225,3594,4226,-1,4226,3594,4223,-1,4224,4227,3595,-1,3595,4227,4228,-1,3595,4228,3596,-1,3596,4228,4229,-1,3596,4229,3597,-1,4229,4230,3597,-1,3597,4230,4231,-1,3597,4231,3598,-1,3598,4231,4232,-1,4232,4233,3598,-1,3598,4233,3599,-1,3598,3599,3256,-1,3256,3599,3259,-1,4233,4234,3599,-1,3599,4234,4235,-1,3599,4235,3600,-1,3600,4235,4236,-1,4236,4237,3600,-1,3600,4237,3602,-1,3600,3602,3262,-1,3262,3602,3263,-1,4237,4238,3602,-1,3602,4238,4239,-1,3602,4239,3601,-1,3601,4239,4240,-1,3601,4240,4241,-1,4241,4242,3601,-1,3601,4242,3603,-1,3601,3603,2507,-1,2507,3603,2508,-1,4243,3604,4244,-1,4244,3604,3603,-1,4244,3603,4245,-1,4245,3603,4242,-1,4243,4246,3604,-1,3604,4246,3605,-1,3604,3605,2512,-1,2512,3605,2467,-1,4247,3606,4248,-1,4248,3606,3605,-1,4248,3605,4249,-1,4249,3605,4246,-1,4247,4250,3606,-1,3606,4250,3608,-1,3606,3608,2513,-1,2513,3608,2516,-1,4251,3607,4252,-1,4252,3607,3608,-1,4252,3608,4253,-1,4253,3608,4250,-1,4251,4254,3607,-1,3607,4254,3610,-1,3607,3610,2466,-1,2466,3610,2517,-1,4255,3609,4256,-1,4256,3609,3610,-1,4256,3610,4257,-1,4257,3610,4254,-1,4255,4258,3609,-1,3609,4258,3611,-1,3609,3611,2520,-1,2520,3611,2522,-1,4258,4259,3611,-1,3611,4259,4260,-1,3611,4260,3612,-1,3612,4260,4261,-1,3612,4261,3613,-1,4261,4262,3613,-1,3613,4262,4263,-1,3613,4263,3614,-1,3614,4263,4264,-1,4264,4265,3614,-1,3614,4265,3615,-1,3614,3615,2530,-1,2530,3615,2529,-1,4265,4266,3615,-1,3615,4266,4267,-1,3615,4267,3616,-1,3616,4267,4268,-1,4268,4269,3616,-1,3616,4269,3617,-1,3616,3617,2534,-1,2534,3617,2535,-1,4269,4270,3617,-1,3617,4270,4271,-1,3617,4271,3618,-1,3618,4271,4272,-1,3618,4272,4273,-1,4273,4274,3618,-1,3618,4274,3619,-1,3618,3619,2537,-1,2537,3619,2536,-1,4275,3620,4276,-1,4276,3620,3619,-1,4276,3619,4277,-1,4277,3619,4274,-1,4275,4278,3620,-1,3620,4278,3621,-1,3620,3621,2541,-1,2541,3621,2540,-1,4279,3622,4280,-1,4280,3622,3621,-1,4280,3621,4281,-1,4281,3621,4278,-1,4279,4282,3622,-1,3622,4282,3623,-1,3622,3623,2543,-1,2543,3623,2546,-1,4283,3624,4284,-1,4284,3624,3623,-1,4284,3623,4285,-1,4285,3623,4282,-1,4283,4286,3624,-1,3624,4286,3625,-1,3624,3625,2549,-1,2549,3625,2547,-1,4287,3626,4288,-1,4288,3626,3625,-1,4288,3625,4289,-1,4289,3625,4286,-1,4287,4290,3626,-1,3626,4290,3287,-1,3626,3287,127,-1,127,3287,129,-1,4290,4291,3287,-1,3287,4291,4292,-1,3287,4292,3288,-1,3288,4292,4293,-1,3288,4293,3289,-1,4293,4294,3289,-1,3289,4294,4295,-1,3289,4295,3277,-1,3277,4295,4296,-1,4296,4297,3277,-1,3277,4297,3290,-1,3277,3290,118,-1,118,3290,120,-1,4297,4298,3290,-1,3290,4298,4299,-1,3290,4299,3291,-1,3291,4299,4300,-1,4300,4301,3291,-1,3291,4301,3292,-1,3291,3292,112,-1,112,3292,3,-1,4301,4302,3292,-1,3292,4302,4303,-1,3292,4303,105,-1,105,4303,4304,-1,105,4304,106,-1,106,4304,4305,-1,106,4305,108,-1,108,4305,4306,-1,108,4306,110,-1,110,4306,4307,-1,110,4307,3293,-1,4308,4309,4195,-1,4310,4311,4067,-1,3927,3924,4312,-1,4313,4314,3269,-1,3766,3765,4315,-1,4316,4317,3717,-1,30,32,4318,-1,85,81,3303,-1,1459,1462,3639,-1,3660,3659,1509,-1,3662,3661,1512,-1,1610,1613,4319,-1,1666,1668,4320,-1,4320,1668,1670,-1,4317,1660,1662,-1,4317,1662,4320,-1,4320,1662,1664,-1,4320,1664,1666,-1,4316,1654,1656,-1,4316,1656,4317,-1,4317,1656,1658,-1,4317,1658,1660,-1,1654,4316,1652,-1,1652,4316,4321,-1,1652,4321,1650,-1,1644,1646,4321,-1,4321,1646,1648,-1,4321,1648,1650,-1,4322,1641,1644,-1,4323,1637,4322,-1,4322,1637,1639,-1,4322,1639,1641,-1,1625,1632,4324,-1,4324,1632,1633,-1,4324,1633,4323,-1,4323,1633,1635,-1,4323,1635,1637,-1,1630,1629,4325,-1,4325,1629,1627,-1,4325,1627,4324,-1,4324,1627,1626,-1,4324,1626,1625,-1,4326,1620,1619,-1,4326,1619,4325,-1,4325,1619,1631,-1,4325,1631,1630,-1,1620,4326,1623,-1,1623,4326,4327,-1,1623,4327,1624,-1,1613,1615,4319,-1,4319,1615,1616,-1,4319,1616,4327,-1,4327,1616,1618,-1,4327,1618,1624,-1,1605,1603,4328,-1,1603,1602,4328,-1,4328,1602,1612,-1,4328,1612,4319,-1,4319,1612,1611,-1,4319,1611,1610,-1,1597,1596,4329,-1,4329,1596,1608,-1,4329,1608,4330,-1,4330,1608,1607,-1,4330,1607,1606,-1,1590,1601,4331,-1,4331,1601,1600,-1,4332,1591,1586,-1,4332,1586,4331,-1,4331,1586,1588,-1,4331,1588,1590,-1,1595,1594,4333,-1,4333,1594,1592,-1,4334,1583,4333,-1,4333,1583,1585,-1,4333,1585,1595,-1,1578,1576,4334,-1,4334,1576,1575,-1,4334,1575,1583,-1,1571,1582,4335,-1,4335,1582,4336,-1,4336,1582,1581,-1,4336,1581,1580,-1,4337,1568,1574,-1,1574,1573,4335,-1,4335,1573,1572,-1,4335,1572,1571,-1,1559,1560,4338,-1,4338,1560,1564,-1,4338,1564,4337,-1,4337,1564,1566,-1,4337,1566,1568,-1,4339,1561,1555,-1,4339,1555,4338,-1,4338,1555,1557,-1,4338,1557,1559,-1,4340,1377,1563,-1,4340,1563,4339,-1,4339,1563,1562,-1,4339,1562,1561,-1,4341,1553,4340,-1,4340,1553,1552,-1,4340,1552,1377,-1,1546,1548,4341,-1,4341,1548,1554,-1,4341,1554,1553,-1,4341,3677,3678,-1,1546,4341,1544,-1,1544,4341,3678,-1,1544,3678,3675,-1,3672,1550,3675,-1,3675,1550,1549,-1,3675,1549,1544,-1,3673,1538,3672,-1,3672,1538,1551,-1,3672,1551,1550,-1,3671,1543,3674,-1,3674,1543,1542,-1,3674,1542,3673,-1,3673,1542,1539,-1,3673,1539,1538,-1,3670,1532,3671,-1,3671,1532,1531,-1,3671,1531,1543,-1,3668,1537,3669,-1,3669,1537,1536,-1,3669,1536,3670,-1,3670,1536,1534,-1,3670,1534,1532,-1,3667,1525,3668,-1,3668,1525,1524,-1,3668,1524,1537,-1,3665,1530,3666,-1,3666,1530,1529,-1,3666,1529,3667,-1,3667,1529,1527,-1,3667,1527,1525,-1,3664,1518,3665,-1,3665,1518,1517,-1,3665,1517,1530,-1,1512,1513,3662,-1,3662,1513,1523,-1,3662,1523,3663,-1,3663,1523,1522,-1,3663,1522,3664,-1,3664,1522,1520,-1,3664,1520,1518,-1,1509,1506,3660,-1,3660,1506,1516,-1,3660,1516,3661,-1,3661,1516,1515,-1,3661,1515,1512,-1,3656,1505,3657,-1,3657,1505,1504,-1,3657,1504,3658,-1,3658,1504,1511,-1,3658,1511,3659,-1,3659,1511,1510,-1,3659,1510,1509,-1,1499,1498,3655,-1,3655,1498,1502,-1,3655,1502,3656,-1,3656,1502,1501,-1,3656,1501,1505,-1,1499,3655,1490,-1,1490,3655,3654,-1,1490,3654,1491,-1,1491,3654,3653,-1,1491,3653,1493,-1,1493,3653,3652,-1,1493,3652,1495,-1,1495,3652,1496,-1,1496,3652,3649,-1,1496,3649,1485,-1,1485,3649,3650,-1,1485,3650,1483,-1,1483,3650,1487,-1,1487,3650,3651,-1,1487,3651,1488,-1,3645,1480,3648,-1,3648,1480,1482,-1,3648,1482,3651,-1,3651,1482,1489,-1,3651,1489,1488,-1,3646,1477,3645,-1,3645,1477,1479,-1,3645,1479,1480,-1,3644,1469,3647,-1,3647,1469,1474,-1,3647,1474,3646,-1,3646,1474,1476,-1,3646,1476,1477,-1,3642,1473,3641,-1,3641,1473,1472,-1,3641,1472,3644,-1,3644,1472,1470,-1,3644,1470,1469,-1,3643,1468,3642,-1,3642,1468,1467,-1,3642,1467,1473,-1,3639,1462,3640,-1,1462,1461,3640,-1,3640,1461,1465,-1,3640,1465,3643,-1,3643,1465,1464,-1,3643,1464,1468,-1,1459,3639,1457,-1,1457,3639,3638,-1,1457,3638,1456,-1,1456,3638,3637,-1,1456,3637,1454,-1,1454,3637,3636,-1,1454,3636,1449,-1,3633,1440,1448,-1,3633,1448,3634,-1,1448,1447,3634,-1,3634,1447,1453,-1,3634,1453,3635,-1,3635,1453,1452,-1,3635,1452,3636,-1,3636,1452,1450,-1,3636,1450,1449,-1,1440,3633,1441,-1,1441,3633,3632,-1,1441,3632,1444,-1,1444,3632,3631,-1,1444,3631,1445,-1,1445,3631,3630,-1,1445,3630,1433,-1,3628,1438,3629,-1,3629,1438,1436,-1,3629,1436,3630,-1,3630,1436,1434,-1,3630,1434,1433,-1,3278,1426,1432,-1,1432,1431,3278,-1,3278,1431,1430,-1,3278,1430,3627,-1,3627,1430,1429,-1,3627,1429,3628,-1,3628,1429,1439,-1,3628,1439,1438,-1,85,3303,87,-1,87,3303,3302,-1,87,3302,89,-1,89,3302,3301,-1,89,3301,90,-1,73,75,3299,-1,3299,75,72,-1,3299,72,3300,-1,3300,72,70,-1,3300,70,3301,-1,3301,70,68,-1,3301,68,90,-1,73,3299,66,-1,66,3299,3298,-1,66,3298,64,-1,64,3298,3297,-1,64,3297,62,-1,62,3297,3296,-1,62,3296,59,-1,59,3296,57,-1,57,3296,3295,-1,57,3295,55,-1,55,3295,53,-1,53,3295,3294,-1,53,3294,51,-1,51,3294,49,-1,49,3294,3293,-1,49,3293,47,-1,47,3293,35,-1,35,3293,4307,-1,35,4307,36,-1,36,4307,4306,-1,36,4306,38,-1,39,4342,40,-1,40,4342,42,-1,32,34,4318,-1,4318,34,44,-1,4318,44,4342,-1,4342,44,43,-1,4342,43,42,-1,24,23,4343,-1,4344,28,4343,-1,4343,28,26,-1,4343,26,24,-1,4345,20,18,-1,16,15,4344,-1,4344,15,29,-1,4344,29,28,-1,12,14,4346,-1,4346,14,22,-1,4346,22,4345,-1,4345,22,21,-1,4345,21,20,-1,8,9,4347,-1,4347,9,10,-1,8,4347,6,-1,6,4347,4348,-1,6,4348,1361,-1,3677,4341,3676,-1,3676,4341,4340,-1,3676,4340,3679,-1,3679,4340,3682,-1,3682,4340,4339,-1,3682,4339,3681,-1,3681,4339,3680,-1,3680,4339,4338,-1,3680,4338,3683,-1,3683,4338,3684,-1,3684,4338,4337,-1,3684,4337,3685,-1,1574,4335,4337,-1,4337,4335,3686,-1,4337,3686,3685,-1,3688,4336,4334,-1,4334,4336,1580,-1,4334,1580,1578,-1,3688,3273,4336,-1,4336,3273,3272,-1,4336,3272,4335,-1,4335,3272,3687,-1,4335,3687,3686,-1,3692,4333,4332,-1,4332,4333,1592,-1,4332,1592,1591,-1,3692,3691,4333,-1,4333,3691,3690,-1,4333,3690,4334,-1,4334,3690,3689,-1,4334,3689,3688,-1,3696,4331,4329,-1,4329,4331,1600,-1,4329,1600,1597,-1,3696,3695,4331,-1,4331,3695,3694,-1,4331,3694,4332,-1,4332,3694,3693,-1,4332,3693,3692,-1,3703,3700,4328,-1,4328,3700,4330,-1,4328,4330,1605,-1,1605,4330,1606,-1,3700,3699,4330,-1,4330,3699,3698,-1,4330,3698,4329,-1,4329,3698,3697,-1,4329,3697,3696,-1,3703,4328,3702,-1,3702,4328,4319,-1,3702,4319,3701,-1,3701,4319,4327,-1,3701,4327,3704,-1,3704,4327,3707,-1,3707,4327,4326,-1,3707,4326,3706,-1,3706,4326,3705,-1,3705,4326,4325,-1,3705,4325,3708,-1,3708,4325,3711,-1,3711,4325,4324,-1,3711,4324,3710,-1,3710,4324,3709,-1,3709,4324,4323,-1,3709,4323,3712,-1,3712,4323,3715,-1,3715,4323,4322,-1,3715,4322,3714,-1,1644,4321,4322,-1,4322,4321,3713,-1,4322,3713,3714,-1,3717,3718,4316,-1,4316,3718,3719,-1,4316,3719,4321,-1,4321,3719,3716,-1,4321,3716,3713,-1,1670,337,4320,-1,4320,337,4349,-1,4320,4349,3723,-1,3723,3722,4320,-1,4320,3722,3721,-1,4320,3721,4317,-1,4317,3721,3720,-1,4317,3720,3717,-1,3727,3726,4350,-1,4350,3726,3725,-1,4350,3725,4349,-1,4349,3725,3724,-1,4349,3724,3723,-1,4351,3729,4352,-1,4352,3729,3728,-1,3733,3732,4353,-1,4353,3732,3731,-1,4353,3731,4351,-1,4351,3731,3730,-1,4351,3730,3729,-1,3734,4354,3735,-1,3735,4354,4355,-1,3735,4355,3738,-1,3738,4355,4356,-1,3742,3739,4357,-1,4357,3739,3736,-1,4357,3736,4356,-1,4356,3736,3737,-1,4356,3737,3738,-1,3741,4358,3740,-1,3740,4358,4359,-1,3744,3745,4360,-1,4360,3745,3746,-1,4360,3746,4359,-1,4359,3746,3743,-1,4359,3743,3740,-1,3747,4361,3750,-1,3750,4361,4362,-1,3753,3752,4363,-1,4363,3752,3751,-1,4363,3751,4364,-1,4364,3751,3748,-1,4364,3748,4362,-1,4362,3748,3749,-1,4362,3749,3750,-1,4365,3755,4366,-1,4366,3755,3754,-1,3759,3758,4367,-1,4367,3758,3757,-1,4367,3757,4365,-1,4365,3757,3756,-1,4365,3756,3755,-1,4368,3761,4369,-1,4369,3761,3760,-1,4315,3765,4370,-1,3765,3764,4370,-1,4370,3764,3763,-1,4370,3763,4368,-1,4368,3763,3762,-1,4368,3762,3761,-1,3767,4371,3770,-1,3770,4371,4372,-1,3774,3771,4373,-1,4373,3771,3768,-1,4373,3768,4372,-1,4372,3768,3769,-1,4372,3769,3770,-1,3773,4374,3772,-1,3772,4374,4375,-1,4376,3778,4375,-1,4375,3778,3775,-1,4375,3775,3772,-1,3780,3779,4377,-1,4377,3779,3776,-1,4377,3776,4376,-1,4376,3776,3777,-1,4376,3777,3778,-1,4378,3782,4379,-1,4379,3782,3781,-1,3786,3785,4380,-1,4380,3785,3784,-1,4380,3784,4378,-1,4378,3784,3783,-1,4378,3783,3782,-1,4381,4382,3790,-1,3787,4383,3788,-1,3788,4383,4381,-1,3788,4381,3789,-1,3789,4381,3790,-1,3794,3793,4384,-1,4384,3793,3792,-1,4384,3792,4382,-1,4382,3792,3791,-1,4382,3791,3790,-1,4385,3796,4386,-1,4386,3796,3795,-1,4387,3801,4388,-1,4388,3801,3798,-1,4388,3798,4385,-1,4385,3798,3797,-1,4385,3797,3796,-1,3805,3802,4389,-1,4389,3802,3799,-1,4389,3799,4387,-1,4387,3799,3800,-1,4387,3800,3801,-1,3804,4390,3803,-1,3803,4390,4391,-1,3803,4391,3806,-1,3806,4391,3809,-1,3808,4392,3807,-1,3807,4392,4393,-1,4394,3811,4393,-1,4393,3811,3810,-1,4393,3810,3807,-1,3815,3814,4395,-1,4395,3814,3813,-1,4395,3813,4394,-1,4394,3813,3812,-1,4394,3812,3811,-1,4396,3817,4397,-1,4397,3817,3816,-1,3821,3820,4398,-1,4398,3820,3819,-1,4398,3819,4396,-1,4396,3819,3818,-1,4396,3818,3817,-1,4399,3823,4400,-1,4400,3823,3822,-1,3827,3826,4401,-1,4401,3826,3825,-1,4401,3825,4399,-1,4399,3825,3824,-1,4399,3824,3823,-1,4402,3829,4403,-1,4403,3829,3828,-1,3832,3833,4404,-1,4404,3833,3834,-1,4404,3834,4405,-1,4405,3834,3831,-1,4405,3831,4402,-1,4402,3831,3830,-1,4402,3830,3829,-1,3835,4406,3838,-1,3838,4406,4407,-1,4408,3836,4407,-1,4407,3836,3837,-1,4407,3837,3838,-1,4409,3842,4408,-1,4408,3842,3839,-1,4408,3839,3836,-1,3846,3843,4410,-1,4410,3843,3840,-1,4410,3840,4409,-1,4409,3840,3841,-1,4409,3841,3842,-1,3845,4411,3844,-1,3844,4411,4412,-1,3844,4412,3847,-1,4413,3849,4414,-1,4414,3849,3848,-1,4415,4416,3853,-1,3853,3852,4415,-1,4415,3852,3851,-1,4415,3851,4413,-1,4413,3851,3850,-1,4413,3850,3849,-1,4417,4418,3857,-1,3857,3856,4417,-1,4417,3856,3855,-1,4417,3855,4416,-1,4416,3855,3854,-1,4416,3854,3853,-1,3861,3860,4419,-1,4419,3860,3859,-1,4419,3859,4418,-1,4418,3859,3858,-1,4418,3858,3857,-1,4420,4421,3862,-1,3864,3865,4422,-1,4422,3865,3866,-1,4422,3866,4421,-1,4421,3866,3863,-1,4421,3863,3862,-1,3867,4423,3870,-1,3870,4423,4424,-1,4425,3868,4424,-1,4424,3868,3869,-1,4424,3869,3870,-1,3872,3873,4426,-1,4426,3873,3874,-1,4426,3874,4425,-1,4425,3874,3871,-1,4425,3871,3868,-1,3875,4427,3878,-1,3878,4427,4428,-1,3878,4428,3877,-1,3877,4428,3876,-1,3876,4428,4429,-1,3876,4429,3879,-1,4430,4431,3883,-1,3880,4432,3881,-1,3881,4432,4430,-1,3881,4430,3882,-1,3882,4430,3883,-1,3887,3886,4433,-1,4433,3886,3885,-1,4433,3885,4431,-1,4431,3885,3884,-1,4431,3884,3883,-1,4434,4435,3891,-1,3888,4436,3889,-1,3889,4436,4434,-1,3889,4434,3890,-1,3890,4434,3891,-1,4437,3896,4438,-1,4438,3896,3893,-1,4438,3893,4435,-1,4435,3893,3892,-1,4435,3892,3891,-1,4439,3894,4437,-1,4437,3894,3895,-1,4437,3895,3896,-1,3898,3899,4440,-1,4440,3899,3900,-1,4440,3900,4439,-1,4439,3900,3897,-1,4439,3897,3894,-1,3901,4441,3904,-1,3904,4441,4442,-1,4443,3902,4442,-1,4442,3902,3903,-1,4442,3903,3904,-1,4444,3906,4443,-1,4443,3906,3905,-1,4443,3905,3902,-1,3269,3909,4313,-1,4313,3909,3908,-1,4313,3908,4444,-1,4444,3908,3907,-1,4444,3907,3906,-1,3912,3911,4445,-1,4445,3911,3910,-1,4445,3910,4314,-1,4314,3910,3270,-1,4314,3270,3269,-1,4446,3914,4447,-1,4447,3914,3913,-1,3918,3917,4448,-1,4448,3917,3916,-1,4448,3916,4446,-1,4446,3916,3915,-1,4446,3915,3914,-1,4449,3920,4450,-1,4450,3920,3919,-1,4312,3924,4451,-1,3924,3923,4451,-1,4451,3923,3922,-1,4451,3922,4449,-1,4449,3922,3921,-1,4449,3921,3920,-1,3926,4452,3925,-1,3925,4452,4453,-1,4454,3931,4453,-1,4453,3931,3928,-1,4453,3928,3925,-1,4455,3929,4454,-1,4454,3929,3930,-1,4454,3930,3931,-1,4456,3935,4455,-1,4455,3935,3932,-1,4455,3932,3929,-1,4457,3933,4456,-1,4456,3933,3934,-1,4456,3934,3935,-1,3939,3938,4458,-1,4458,3938,3937,-1,4458,3937,4457,-1,4457,3937,3936,-1,4457,3936,3933,-1,4459,3941,4460,-1,4460,3941,3940,-1,4461,4462,3945,-1,3945,3944,4461,-1,4461,3944,3943,-1,4461,3943,4459,-1,4459,3943,3942,-1,4459,3942,3941,-1,4463,4464,3949,-1,3949,3948,4463,-1,4463,3948,3947,-1,4463,3947,4462,-1,4462,3947,3946,-1,4462,3946,3945,-1,3953,3952,4465,-1,4465,3952,3951,-1,4465,3951,4464,-1,4464,3951,3950,-1,4464,3950,3949,-1,3954,4466,3955,-1,3955,4466,4467,-1,3955,4467,3956,-1,3956,4467,4468,-1,4469,3960,4468,-1,4468,3960,3957,-1,4468,3957,3956,-1,4470,3958,4469,-1,4469,3958,3959,-1,4469,3959,3960,-1,4471,3964,4470,-1,4470,3964,3961,-1,4470,3961,3958,-1,3968,3965,4472,-1,4472,3965,3962,-1,4472,3962,4471,-1,4471,3962,3963,-1,4471,3963,3964,-1,3967,4473,3966,-1,3966,4473,4474,-1,3966,4474,3969,-1,3969,4474,3972,-1,3972,4474,4475,-1,3972,4475,3971,-1,3971,4475,3970,-1,3970,4475,4476,-1,3970,4476,3973,-1,4477,3975,4478,-1,4478,3975,3974,-1,3979,3978,4479,-1,4479,3978,3977,-1,4479,3977,4477,-1,4477,3977,3976,-1,4477,3976,3975,-1,4480,3981,4481,-1,4481,3981,3980,-1,4482,4483,3985,-1,3985,3984,4482,-1,4482,3984,3983,-1,4482,3983,4480,-1,4480,3983,3982,-1,4480,3982,3981,-1,4484,3990,4485,-1,4485,3990,3987,-1,4485,3987,4483,-1,4483,3987,3986,-1,4483,3986,3985,-1,3994,3991,4486,-1,4486,3991,3988,-1,4486,3988,4484,-1,4484,3988,3989,-1,4484,3989,3990,-1,3993,4487,3992,-1,3992,4487,4488,-1,4489,3998,4488,-1,4488,3998,3995,-1,4488,3995,3992,-1,4490,3996,4489,-1,4489,3996,3997,-1,4489,3997,3998,-1,4491,4000,4490,-1,4490,4000,3999,-1,4490,3999,3996,-1,4492,4002,4491,-1,4491,4002,4001,-1,4491,4001,4000,-1,4004,3267,4493,-1,4493,3267,3266,-1,4493,3266,4492,-1,4492,3266,4003,-1,4492,4003,4002,-1,4494,4495,4008,-1,4005,4496,4006,-1,4006,4496,4494,-1,4006,4494,4007,-1,4007,4494,4008,-1,4012,4011,4497,-1,4497,4011,4010,-1,4497,4010,4495,-1,4495,4010,4009,-1,4495,4009,4008,-1,4498,4014,4499,-1,4499,4014,4013,-1,4018,4019,4500,-1,4500,4019,4016,-1,4500,4016,4498,-1,4498,4016,4015,-1,4498,4015,4014,-1,4501,4502,4017,-1,4503,4023,4502,-1,4502,4023,4020,-1,4502,4020,4017,-1,4027,4024,4504,-1,4504,4024,4021,-1,4504,4021,4503,-1,4503,4021,4022,-1,4503,4022,4023,-1,4026,4505,4025,-1,4025,4505,4506,-1,4029,4030,4507,-1,4507,4030,4031,-1,4507,4031,4506,-1,4506,4031,4028,-1,4506,4028,4025,-1,4032,4508,4035,-1,4035,4508,4509,-1,4510,4511,4037,-1,4037,4036,4510,-1,4510,4036,4033,-1,4510,4033,4509,-1,4509,4033,4034,-1,4509,4034,4035,-1,4512,4513,4041,-1,4041,4040,4512,-1,4512,4040,4039,-1,4512,4039,4511,-1,4511,4039,4038,-1,4511,4038,4037,-1,4045,4044,4514,-1,4514,4044,4043,-1,4514,4043,4513,-1,4513,4043,4042,-1,4513,4042,4041,-1,4515,4047,4516,-1,4516,4047,4046,-1,4517,4050,4518,-1,4518,4050,4049,-1,4518,4049,4515,-1,4515,4049,4048,-1,4515,4048,4047,-1,4519,4054,4517,-1,4517,4054,4051,-1,4517,4051,4050,-1,4520,4052,4519,-1,4519,4052,4053,-1,4519,4053,4054,-1,4056,4057,4521,-1,4521,4057,4058,-1,4521,4058,4520,-1,4520,4058,4055,-1,4520,4055,4052,-1,4059,4522,4062,-1,4062,4522,4523,-1,4524,4060,4523,-1,4523,4060,4061,-1,4523,4061,4062,-1,4064,4065,4525,-1,4525,4065,4066,-1,4525,4066,4524,-1,4524,4066,4063,-1,4524,4063,4060,-1,4071,4070,4526,-1,4526,4070,4069,-1,4526,4069,4311,-1,4311,4069,4068,-1,4311,4068,4067,-1,4527,4528,4075,-1,4072,4529,4073,-1,4073,4529,4527,-1,4073,4527,4074,-1,4074,4527,4075,-1,4079,4078,4530,-1,4530,4078,4077,-1,4530,4077,4528,-1,4528,4077,4076,-1,4528,4076,4075,-1,4080,4531,4081,-1,4081,4531,4532,-1,4081,4532,4082,-1,4082,4532,4533,-1,4082,4533,4083,-1,4083,4533,4086,-1,4085,4534,4084,-1,4084,4534,4535,-1,4536,4090,4535,-1,4535,4090,4087,-1,4535,4087,4084,-1,4094,4091,4537,-1,4537,4091,4088,-1,4537,4088,4536,-1,4536,4088,4089,-1,4536,4089,4090,-1,4093,4538,4092,-1,4092,4538,4539,-1,4098,4097,4540,-1,4540,4097,4096,-1,4540,4096,4539,-1,4539,4096,4095,-1,4539,4095,4092,-1,4541,4542,4102,-1,4099,4543,4100,-1,4100,4543,4541,-1,4100,4541,4101,-1,4101,4541,4102,-1,4106,4105,4544,-1,4544,4105,4104,-1,4544,4104,4542,-1,4542,4104,4103,-1,4542,4103,4102,-1,4545,4108,4546,-1,4546,4108,4107,-1,4112,4111,4547,-1,4547,4111,4110,-1,4547,4110,4545,-1,4545,4110,4109,-1,4545,4109,4108,-1,4115,4548,4114,-1,4114,4548,4549,-1,4114,4549,4113,-1,4113,4549,4550,-1,4117,4118,4551,-1,4551,4118,4119,-1,4551,4119,4550,-1,4550,4119,4116,-1,4550,4116,4113,-1,4120,4552,4123,-1,4123,4552,4553,-1,4127,4124,4554,-1,4554,4124,4121,-1,4554,4121,4553,-1,4553,4121,4122,-1,4553,4122,4123,-1,4126,4555,4125,-1,4125,4555,4556,-1,4557,4131,4556,-1,4556,4131,4128,-1,4556,4128,4125,-1,4133,4132,4558,-1,4558,4132,4129,-1,4558,4129,4557,-1,4557,4129,4130,-1,4557,4130,4131,-1,4559,4560,4137,-1,4134,4561,4135,-1,4135,4561,4559,-1,4135,4559,4136,-1,4136,4559,4137,-1,4141,4140,4562,-1,4562,4140,4139,-1,4562,4139,4560,-1,4560,4139,4138,-1,4560,4138,4137,-1,4563,4143,4564,-1,4564,4143,4142,-1,4147,4146,4565,-1,4565,4146,4145,-1,4565,4145,4563,-1,4563,4145,4144,-1,4563,4144,4143,-1,4566,4567,4150,-1,4154,4151,4568,-1,4568,4151,4148,-1,4568,4148,4567,-1,4567,4148,4149,-1,4567,4149,4150,-1,4153,4569,4152,-1,4152,4569,4570,-1,4571,4158,4570,-1,4570,4158,4155,-1,4570,4155,4152,-1,4162,4159,4572,-1,4572,4159,4156,-1,4572,4156,4571,-1,4571,4156,4157,-1,4571,4157,4158,-1,4161,4573,4160,-1,4160,4573,4574,-1,4160,4574,4163,-1,4163,4574,4575,-1,4163,4575,4164,-1,4164,4575,4165,-1,4576,4577,4169,-1,4166,4578,4167,-1,4167,4578,4576,-1,4167,4576,4168,-1,4168,4576,4169,-1,4173,4172,4579,-1,4579,4172,4171,-1,4579,4171,4577,-1,4577,4171,4170,-1,4577,4170,4169,-1,4580,4175,4581,-1,4581,4175,4174,-1,4582,4178,4583,-1,4583,4178,4177,-1,4583,4177,4580,-1,4580,4177,4176,-1,4580,4176,4175,-1,4584,4182,4582,-1,4582,4182,4179,-1,4582,4179,4178,-1,4585,4180,4584,-1,4584,4180,4181,-1,4584,4181,4182,-1,4184,4185,4586,-1,4586,4185,4186,-1,4586,4186,4585,-1,4585,4186,4183,-1,4585,4183,4180,-1,4187,4587,4190,-1,4190,4587,4588,-1,4589,4188,4588,-1,4588,4188,4189,-1,4588,4189,4190,-1,4192,4193,4590,-1,4590,4193,4194,-1,4590,4194,4589,-1,4589,4194,4191,-1,4589,4191,4188,-1,4199,4198,4591,-1,4591,4198,4197,-1,4591,4197,4309,-1,4309,4197,4196,-1,4309,4196,4195,-1,4592,4201,4593,-1,4593,4201,4200,-1,4205,4204,4594,-1,4594,4204,4203,-1,4594,4203,4592,-1,4592,4203,4202,-1,4592,4202,4201,-1,4595,4207,4596,-1,4596,4207,4206,-1,4214,4211,4597,-1,4597,4211,4208,-1,4597,4208,4598,-1,4598,4208,4209,-1,4598,4209,4595,-1,4595,4209,4210,-1,4595,4210,4207,-1,4213,4599,4212,-1,4212,4599,4600,-1,4601,4218,4600,-1,4600,4218,4215,-1,4600,4215,4212,-1,4602,4216,4601,-1,4601,4216,4217,-1,4601,4217,4218,-1,4603,4222,4602,-1,4602,4222,4219,-1,4602,4219,4216,-1,4604,4220,4603,-1,4603,4220,4221,-1,4603,4221,4222,-1,4224,4225,4605,-1,4605,4225,4226,-1,4605,4226,4604,-1,4604,4226,4223,-1,4604,4223,4220,-1,4606,4228,4607,-1,4607,4228,4227,-1,4608,4609,4232,-1,4232,4231,4608,-1,4608,4231,4230,-1,4608,4230,4606,-1,4606,4230,4229,-1,4606,4229,4228,-1,4610,4611,4236,-1,4236,4235,4610,-1,4610,4235,4234,-1,4610,4234,4609,-1,4609,4234,4233,-1,4609,4233,4232,-1,4240,4239,4612,-1,4612,4239,4238,-1,4612,4238,4611,-1,4611,4238,4237,-1,4611,4237,4236,-1,4241,4613,4242,-1,4242,4613,4614,-1,4242,4614,4245,-1,4245,4614,4615,-1,4245,4615,4244,-1,4244,4615,4243,-1,4246,4616,4249,-1,4249,4616,4617,-1,4618,4247,4617,-1,4617,4247,4248,-1,4617,4248,4249,-1,4251,4252,4619,-1,4619,4252,4253,-1,4619,4253,4618,-1,4618,4253,4250,-1,4618,4250,4247,-1,4254,4620,4257,-1,4257,4620,4621,-1,4622,4258,4623,-1,4623,4258,4255,-1,4623,4255,4621,-1,4621,4255,4256,-1,4621,4256,4257,-1,4262,4261,4624,-1,4624,4261,4260,-1,4624,4260,4622,-1,4622,4260,4259,-1,4622,4259,4258,-1,4263,4625,4264,-1,4264,4625,4626,-1,4264,4626,4265,-1,4265,4626,4266,-1,4627,4628,4270,-1,4267,4629,4268,-1,4268,4629,4627,-1,4268,4627,4269,-1,4269,4627,4270,-1,4630,4273,4631,-1,4631,4273,4272,-1,4631,4272,4628,-1,4628,4272,4271,-1,4628,4271,4270,-1,4632,4277,4630,-1,4630,4277,4274,-1,4630,4274,4273,-1,4281,4278,4633,-1,4633,4278,4275,-1,4633,4275,4632,-1,4632,4275,4276,-1,4632,4276,4277,-1,4280,4634,4279,-1,4279,4634,4635,-1,4636,4285,4635,-1,4635,4285,4282,-1,4635,4282,4279,-1,4637,4283,4636,-1,4636,4283,4284,-1,4636,4284,4285,-1,4638,4289,4637,-1,4637,4289,4286,-1,4637,4286,4283,-1,4348,4290,4639,-1,4639,4290,4287,-1,4639,4287,4638,-1,4638,4287,4288,-1,4638,4288,4289,-1,4294,4347,4346,-1,4346,4347,10,-1,4346,10,12,-1,4294,4293,4347,-1,4347,4293,4292,-1,4347,4292,4348,-1,4348,4292,4291,-1,4348,4291,4290,-1,4298,4345,4344,-1,4344,4345,18,-1,4344,18,16,-1,4298,4297,4345,-1,4345,4297,4296,-1,4345,4296,4346,-1,4346,4296,4295,-1,4346,4295,4294,-1,4302,4343,4318,-1,4318,4343,23,-1,4318,23,30,-1,4302,4301,4343,-1,4343,4301,4300,-1,4343,4300,4344,-1,4344,4300,4299,-1,4344,4299,4298,-1,38,4306,39,-1,39,4306,4305,-1,39,4305,4342,-1,4342,4305,4304,-1,4342,4304,4318,-1,4318,4304,4303,-1,4318,4303,4302,-1,341,4350,340,-1,340,4350,4349,-1,340,4349,339,-1,339,4349,337,-1,341,343,4350,-1,4350,343,4352,-1,4350,4352,3727,-1,3727,4352,3728,-1,349,4353,350,-1,350,4353,4351,-1,350,4351,346,-1,346,4351,4352,-1,346,4352,344,-1,344,4352,343,-1,349,348,4353,-1,4353,348,4354,-1,4353,4354,3733,-1,3733,4354,3734,-1,348,351,4354,-1,4354,351,353,-1,4354,353,4355,-1,4355,353,357,-1,4355,357,4356,-1,360,4357,355,-1,355,4357,4356,-1,355,4356,356,-1,356,4356,357,-1,360,362,4357,-1,4357,362,4358,-1,4357,4358,3742,-1,3742,4358,3741,-1,370,4360,368,-1,368,4360,4359,-1,368,4359,366,-1,366,4359,4358,-1,366,4358,364,-1,364,4358,362,-1,370,372,4360,-1,4360,372,4361,-1,4360,4361,3744,-1,3744,4361,3747,-1,372,374,4361,-1,4361,374,376,-1,4361,376,4362,-1,4362,376,378,-1,4362,378,4364,-1,384,4363,382,-1,382,4363,4364,-1,382,4364,380,-1,380,4364,378,-1,384,386,4363,-1,4363,386,4366,-1,4363,4366,3753,-1,3753,4366,3754,-1,394,4367,392,-1,392,4367,4365,-1,392,4365,390,-1,390,4365,4366,-1,390,4366,388,-1,388,4366,386,-1,394,396,4367,-1,4367,396,4369,-1,4367,4369,3759,-1,3759,4369,3760,-1,396,398,4369,-1,4369,398,400,-1,4369,400,4368,-1,4368,400,402,-1,4368,402,4370,-1,408,4315,406,-1,406,4315,4370,-1,406,4370,404,-1,404,4370,402,-1,408,410,4315,-1,4315,410,4371,-1,4315,4371,3766,-1,3766,4371,3767,-1,418,4373,416,-1,416,4373,4372,-1,416,4372,414,-1,414,4372,4371,-1,414,4371,412,-1,412,4371,410,-1,418,420,4373,-1,4373,420,4374,-1,4373,4374,3774,-1,3774,4374,3773,-1,420,422,4374,-1,4374,422,424,-1,4374,424,4375,-1,4375,424,426,-1,4375,426,4376,-1,432,4377,430,-1,430,4377,4376,-1,430,4376,428,-1,428,4376,426,-1,432,434,4377,-1,4377,434,4379,-1,4377,4379,3780,-1,3780,4379,3781,-1,442,4380,440,-1,440,4380,4378,-1,440,4378,438,-1,438,4378,4379,-1,438,4379,436,-1,436,4379,434,-1,442,444,4380,-1,4380,444,4383,-1,4380,4383,3786,-1,3786,4383,3787,-1,444,446,4383,-1,4383,446,448,-1,4383,448,4381,-1,4381,448,450,-1,4381,450,4382,-1,456,4384,454,-1,454,4384,4382,-1,454,4382,452,-1,452,4382,450,-1,456,458,4384,-1,4384,458,4386,-1,4384,4386,3794,-1,3794,4386,3795,-1,458,460,4386,-1,4386,460,462,-1,4386,462,4385,-1,4385,462,464,-1,4385,464,4388,-1,464,466,4388,-1,4388,466,468,-1,4388,468,4387,-1,4387,468,470,-1,4387,470,4389,-1,4389,470,472,-1,472,474,4389,-1,4389,474,4390,-1,4389,4390,3805,-1,3805,4390,3804,-1,480,4391,478,-1,478,4391,4390,-1,478,4390,476,-1,476,4390,474,-1,480,482,4391,-1,4391,482,4392,-1,4391,4392,3809,-1,3809,4392,3808,-1,482,484,4392,-1,4392,484,486,-1,4392,486,4393,-1,4393,486,488,-1,4393,488,4394,-1,494,4395,492,-1,492,4395,4394,-1,492,4394,490,-1,490,4394,488,-1,494,496,4395,-1,4395,496,4397,-1,4395,4397,3815,-1,3815,4397,3816,-1,504,4398,502,-1,502,4398,4396,-1,502,4396,500,-1,500,4396,4397,-1,500,4397,498,-1,498,4397,496,-1,504,506,4398,-1,4398,506,4400,-1,4398,4400,3821,-1,3821,4400,3822,-1,514,4401,512,-1,512,4401,4399,-1,512,4399,510,-1,510,4399,4400,-1,510,4400,508,-1,508,4400,506,-1,514,516,4401,-1,4401,516,4403,-1,4401,4403,3827,-1,3827,4403,3828,-1,516,518,4403,-1,4403,518,520,-1,4403,520,4402,-1,4402,520,522,-1,4402,522,4405,-1,528,4404,526,-1,526,4404,4405,-1,526,4405,524,-1,524,4405,522,-1,528,530,4404,-1,4404,530,4406,-1,4404,4406,3832,-1,3832,4406,3835,-1,530,532,4406,-1,4406,532,534,-1,4406,534,4407,-1,4407,534,536,-1,4407,536,4408,-1,536,538,4408,-1,4408,538,540,-1,4408,540,4409,-1,4409,540,542,-1,4409,542,4410,-1,4410,542,544,-1,544,546,4410,-1,4410,546,4411,-1,4410,4411,3846,-1,3846,4411,3845,-1,552,4412,550,-1,550,4412,4411,-1,550,4411,548,-1,548,4411,546,-1,552,554,4412,-1,4412,554,4414,-1,4412,4414,3847,-1,3847,4414,3848,-1,554,556,4414,-1,4414,556,558,-1,4414,558,4413,-1,4413,558,560,-1,4413,560,4415,-1,560,562,4415,-1,4415,562,564,-1,4415,564,4416,-1,4416,564,566,-1,4416,566,4417,-1,4417,566,568,-1,576,4419,574,-1,574,4419,4418,-1,574,4418,572,-1,572,4418,4417,-1,572,4417,570,-1,570,4417,568,-1,576,578,4419,-1,4419,578,4420,-1,4419,4420,3861,-1,3861,4420,3862,-1,586,4422,584,-1,584,4422,4421,-1,584,4421,582,-1,582,4421,4420,-1,582,4420,580,-1,580,4420,578,-1,586,588,4422,-1,4422,588,4423,-1,4422,4423,3864,-1,3864,4423,3867,-1,588,590,4423,-1,4423,590,592,-1,4423,592,4424,-1,4424,592,594,-1,4424,594,4425,-1,847,4426,849,-1,849,4426,4425,-1,849,4425,851,-1,851,4425,594,-1,847,845,4426,-1,4426,845,4427,-1,4426,4427,3872,-1,3872,4427,3875,-1,837,4429,839,-1,839,4429,4428,-1,839,4428,841,-1,841,4428,4427,-1,841,4427,843,-1,843,4427,845,-1,837,835,4429,-1,4429,835,4432,-1,4429,4432,3879,-1,3879,4432,3880,-1,835,833,4432,-1,4432,833,831,-1,4432,831,4430,-1,4430,831,829,-1,4430,829,4431,-1,823,4433,825,-1,825,4433,4431,-1,825,4431,827,-1,827,4431,829,-1,823,821,4433,-1,4433,821,4436,-1,4433,4436,3887,-1,3887,4436,3888,-1,821,819,4436,-1,4436,819,817,-1,4436,817,4434,-1,4434,817,815,-1,4434,815,4435,-1,815,813,4435,-1,4435,813,811,-1,4435,811,4438,-1,4438,811,809,-1,4438,809,4437,-1,4437,809,807,-1,799,4440,801,-1,801,4440,4439,-1,801,4439,803,-1,803,4439,4437,-1,803,4437,805,-1,805,4437,807,-1,799,797,4440,-1,4440,797,4441,-1,4440,4441,3898,-1,3898,4441,3901,-1,797,795,4441,-1,4441,795,793,-1,4441,793,4442,-1,4442,793,791,-1,4442,791,4443,-1,791,789,4443,-1,4443,789,787,-1,4443,787,4444,-1,4444,787,785,-1,4444,785,4313,-1,4313,785,783,-1,775,4445,777,-1,777,4445,4314,-1,777,4314,779,-1,779,4314,4313,-1,779,4313,781,-1,781,4313,783,-1,775,773,4445,-1,4445,773,4447,-1,4445,4447,3912,-1,3912,4447,3913,-1,765,4448,767,-1,767,4448,4446,-1,767,4446,769,-1,769,4446,4447,-1,769,4447,771,-1,771,4447,773,-1,765,763,4448,-1,4448,763,4450,-1,4448,4450,3918,-1,3918,4450,3919,-1,763,761,4450,-1,4450,761,759,-1,4450,759,4449,-1,4449,759,757,-1,4449,757,4451,-1,751,4312,753,-1,753,4312,4451,-1,753,4451,755,-1,755,4451,757,-1,751,749,4312,-1,4312,749,4452,-1,4312,4452,3927,-1,3927,4452,3926,-1,749,747,4452,-1,4452,747,745,-1,4452,745,4453,-1,4453,745,743,-1,4453,743,4454,-1,743,741,4454,-1,4454,741,739,-1,4454,739,4455,-1,4455,739,737,-1,4455,737,4456,-1,4456,737,735,-1,727,4458,729,-1,729,4458,4457,-1,729,4457,731,-1,731,4457,4456,-1,731,4456,733,-1,733,4456,735,-1,727,725,4458,-1,4458,725,4460,-1,4458,4460,3939,-1,3939,4460,3940,-1,725,723,4460,-1,4460,723,721,-1,4460,721,4459,-1,4459,721,719,-1,4459,719,4461,-1,719,717,4461,-1,4461,717,715,-1,4461,715,4462,-1,4462,715,713,-1,4462,713,4463,-1,4463,713,711,-1,703,4465,705,-1,705,4465,4464,-1,705,4464,707,-1,707,4464,4463,-1,707,4463,709,-1,709,4463,711,-1,703,701,4465,-1,4465,701,4466,-1,4465,4466,3953,-1,3953,4466,3954,-1,701,699,4466,-1,4466,699,697,-1,4466,697,4467,-1,4467,697,695,-1,4467,695,4468,-1,695,693,4468,-1,4468,693,691,-1,4468,691,4469,-1,4469,691,689,-1,4469,689,4470,-1,4470,689,687,-1,679,4472,681,-1,681,4472,4471,-1,681,4471,683,-1,683,4471,4470,-1,683,4470,685,-1,685,4470,687,-1,679,677,4472,-1,4472,677,4473,-1,4472,4473,3968,-1,3968,4473,3967,-1,677,675,4473,-1,4473,675,673,-1,4473,673,4474,-1,4474,673,671,-1,4474,671,4475,-1,665,4476,667,-1,667,4476,4475,-1,667,4475,669,-1,669,4475,671,-1,665,663,4476,-1,4476,663,4478,-1,4476,4478,3973,-1,3973,4478,3974,-1,655,4479,657,-1,657,4479,4477,-1,657,4477,659,-1,659,4477,4478,-1,659,4478,661,-1,661,4478,663,-1,655,653,4479,-1,4479,653,4481,-1,4479,4481,3979,-1,3979,4481,3980,-1,653,651,4481,-1,4481,651,649,-1,4481,649,4480,-1,4480,649,647,-1,4480,647,4482,-1,647,645,4482,-1,4482,645,643,-1,4482,643,4483,-1,4483,643,641,-1,4483,641,4485,-1,4485,641,639,-1,631,4486,633,-1,633,4486,4484,-1,633,4484,635,-1,635,4484,4485,-1,635,4485,637,-1,637,4485,639,-1,631,629,4486,-1,4486,629,4487,-1,4486,4487,3994,-1,3994,4487,3993,-1,629,627,4487,-1,4487,627,625,-1,4487,625,4488,-1,4488,625,623,-1,4488,623,4489,-1,623,621,4489,-1,4489,621,619,-1,4489,619,4490,-1,4490,619,617,-1,4490,617,4491,-1,4491,617,615,-1,607,4493,609,-1,609,4493,4492,-1,609,4492,611,-1,611,4492,4491,-1,611,4491,613,-1,613,4491,615,-1,607,605,4493,-1,4493,605,4496,-1,4493,4496,4004,-1,4004,4496,4005,-1,605,603,4496,-1,4496,603,601,-1,4496,601,4494,-1,4494,601,599,-1,4494,599,4495,-1,1105,4497,1107,-1,1107,4497,4495,-1,1107,4495,597,-1,597,4495,599,-1,1105,1103,4497,-1,4497,1103,4499,-1,4497,4499,4012,-1,4012,4499,4013,-1,1095,4500,1097,-1,1097,4500,4498,-1,1097,4498,1099,-1,1099,4498,4499,-1,1099,4499,1101,-1,1101,4499,1103,-1,1095,1093,4500,-1,4500,1093,4501,-1,4500,4501,4018,-1,4018,4501,4017,-1,1093,1091,4501,-1,4501,1091,1089,-1,4501,1089,4502,-1,4502,1089,1087,-1,4502,1087,4503,-1,1081,4504,1083,-1,1083,4504,4503,-1,1083,4503,1085,-1,1085,4503,1087,-1,1081,1079,4504,-1,4504,1079,4505,-1,4504,4505,4027,-1,4027,4505,4026,-1,1071,4507,1073,-1,1073,4507,4506,-1,1073,4506,1075,-1,1075,4506,4505,-1,1075,4505,1077,-1,1077,4505,1079,-1,1071,1069,4507,-1,4507,1069,4508,-1,4507,4508,4029,-1,4029,4508,4032,-1,1069,1067,4508,-1,4508,1067,1065,-1,4508,1065,4509,-1,4509,1065,1063,-1,4509,1063,4510,-1,1063,1061,4510,-1,4510,1061,1059,-1,4510,1059,4511,-1,4511,1059,1057,-1,4511,1057,4512,-1,4512,1057,1055,-1,1047,4514,1049,-1,1049,4514,4513,-1,1049,4513,1051,-1,1051,4513,4512,-1,1051,4512,1053,-1,1053,4512,1055,-1,1047,1045,4514,-1,4514,1045,4516,-1,4514,4516,4045,-1,4045,4516,4046,-1,1045,1043,4516,-1,4516,1043,1041,-1,4516,1041,4515,-1,4515,1041,1039,-1,4515,1039,4518,-1,1039,1037,4518,-1,4518,1037,1035,-1,4518,1035,4517,-1,4517,1035,1033,-1,4517,1033,4519,-1,4519,1033,1031,-1,1023,4521,1025,-1,1025,4521,4520,-1,1025,4520,1027,-1,1027,4520,4519,-1,1027,4519,1029,-1,1029,4519,1031,-1,1023,1021,4521,-1,4521,1021,4522,-1,4521,4522,4056,-1,4056,4522,4059,-1,1021,1019,4522,-1,4522,1019,1017,-1,4522,1017,4523,-1,4523,1017,1015,-1,4523,1015,4524,-1,1009,4525,1011,-1,1011,4525,4524,-1,1011,4524,1013,-1,1013,4524,1015,-1,1009,1007,4525,-1,4525,1007,4310,-1,4525,4310,4064,-1,4064,4310,4067,-1,999,4526,1001,-1,1001,4526,4311,-1,1001,4311,1003,-1,1003,4311,4310,-1,1003,4310,1005,-1,1005,4310,1007,-1,999,997,4526,-1,4526,997,4529,-1,4526,4529,4071,-1,4071,4529,4072,-1,997,995,4529,-1,4529,995,993,-1,4529,993,4527,-1,4527,993,991,-1,4527,991,4528,-1,985,4530,987,-1,987,4530,4528,-1,987,4528,989,-1,989,4528,991,-1,985,983,4530,-1,4530,983,4531,-1,4530,4531,4079,-1,4079,4531,4080,-1,975,4533,977,-1,977,4533,4532,-1,977,4532,979,-1,979,4532,4531,-1,979,4531,981,-1,981,4531,983,-1,975,973,4533,-1,4533,973,4534,-1,4533,4534,4086,-1,4086,4534,4085,-1,973,971,4534,-1,4534,971,969,-1,4534,969,4535,-1,4535,969,967,-1,4535,967,4536,-1,961,4537,963,-1,963,4537,4536,-1,963,4536,965,-1,965,4536,967,-1,961,959,4537,-1,4537,959,4538,-1,4537,4538,4094,-1,4094,4538,4093,-1,951,4540,953,-1,953,4540,4539,-1,953,4539,955,-1,955,4539,4538,-1,955,4538,957,-1,957,4538,959,-1,951,949,4540,-1,4540,949,4543,-1,4540,4543,4098,-1,4098,4543,4099,-1,949,947,4543,-1,4543,947,945,-1,4543,945,4541,-1,4541,945,943,-1,4541,943,4542,-1,937,4544,939,-1,939,4544,4542,-1,939,4542,941,-1,941,4542,943,-1,937,935,4544,-1,4544,935,4546,-1,4544,4546,4106,-1,4106,4546,4107,-1,927,4547,929,-1,929,4547,4545,-1,929,4545,931,-1,931,4545,4546,-1,931,4546,933,-1,933,4546,935,-1,927,925,4547,-1,4547,925,4548,-1,4547,4548,4112,-1,4112,4548,4115,-1,925,923,4548,-1,4548,923,921,-1,4548,921,4549,-1,4549,921,919,-1,4549,919,4550,-1,913,4551,915,-1,915,4551,4550,-1,915,4550,917,-1,917,4550,919,-1,913,911,4551,-1,4551,911,4552,-1,4551,4552,4117,-1,4117,4552,4120,-1,903,4554,905,-1,905,4554,4553,-1,905,4553,907,-1,907,4553,4552,-1,907,4552,909,-1,909,4552,911,-1,903,901,4554,-1,4554,901,4555,-1,4554,4555,4127,-1,4127,4555,4126,-1,901,899,4555,-1,4555,899,897,-1,4555,897,4556,-1,4556,897,895,-1,4556,895,4557,-1,889,4558,891,-1,891,4558,4557,-1,891,4557,893,-1,893,4557,895,-1,889,887,4558,-1,4558,887,4561,-1,4558,4561,4133,-1,4133,4561,4134,-1,887,885,4561,-1,4561,885,883,-1,4561,883,4559,-1,4559,883,881,-1,4559,881,4560,-1,875,4562,877,-1,877,4562,4560,-1,877,4560,879,-1,879,4560,881,-1,875,873,4562,-1,4562,873,4564,-1,4562,4564,4141,-1,4141,4564,4142,-1,865,4565,867,-1,867,4565,4563,-1,867,4563,869,-1,869,4563,4564,-1,869,4564,871,-1,871,4564,873,-1,865,863,4565,-1,4565,863,4566,-1,4565,4566,4147,-1,4147,4566,4150,-1,855,4568,857,-1,857,4568,4567,-1,857,4567,859,-1,859,4567,4566,-1,859,4566,861,-1,861,4566,863,-1,855,853,4568,-1,4568,853,4569,-1,4568,4569,4154,-1,4154,4569,4153,-1,853,1109,4569,-1,4569,1109,1111,-1,4569,1111,4570,-1,4570,1111,1113,-1,4570,1113,4571,-1,1119,4572,1117,-1,1117,4572,4571,-1,1117,4571,1115,-1,1115,4571,1113,-1,1119,1121,4572,-1,4572,1121,4573,-1,4572,4573,4162,-1,4162,4573,4161,-1,1129,4575,1127,-1,1127,4575,4574,-1,1127,4574,1125,-1,1125,4574,4573,-1,1125,4573,1123,-1,1123,4573,1121,-1,1129,1131,4575,-1,4575,1131,4578,-1,4575,4578,4165,-1,4165,4578,4166,-1,1131,1133,4578,-1,4578,1133,1135,-1,4578,1135,4576,-1,4576,1135,1137,-1,4576,1137,4577,-1,1143,4579,1141,-1,1141,4579,4577,-1,1141,4577,1139,-1,1139,4577,1137,-1,1143,1145,4579,-1,4579,1145,4581,-1,4579,4581,4173,-1,4173,4581,4174,-1,1145,1147,4581,-1,4581,1147,1149,-1,4581,1149,4580,-1,4580,1149,1151,-1,4580,1151,4583,-1,1151,1153,4583,-1,4583,1153,1155,-1,4583,1155,4582,-1,4582,1155,1157,-1,4582,1157,4584,-1,4584,1157,1159,-1,1167,4586,1165,-1,1165,4586,4585,-1,1165,4585,1163,-1,1163,4585,4584,-1,1163,4584,1161,-1,1161,4584,1159,-1,1167,1169,4586,-1,4586,1169,4587,-1,4586,4587,4184,-1,4184,4587,4187,-1,1169,1171,4587,-1,4587,1171,1173,-1,4587,1173,4588,-1,4588,1173,1175,-1,4588,1175,4589,-1,1181,4590,1179,-1,1179,4590,4589,-1,1179,4589,1177,-1,1177,4589,1175,-1,1181,1183,4590,-1,4590,1183,4308,-1,4590,4308,4192,-1,4192,4308,4195,-1,1191,4591,1189,-1,1189,4591,4309,-1,1189,4309,1187,-1,1187,4309,4308,-1,1187,4308,1185,-1,1185,4308,1183,-1,1191,1193,4591,-1,4591,1193,4593,-1,4591,4593,4199,-1,4199,4593,4200,-1,1201,4594,1199,-1,1199,4594,4592,-1,1199,4592,1197,-1,1197,4592,4593,-1,1197,4593,1195,-1,1195,4593,1193,-1,1201,1203,4594,-1,4594,1203,4596,-1,4594,4596,4205,-1,4205,4596,4206,-1,1203,1205,4596,-1,4596,1205,1207,-1,4596,1207,4595,-1,4595,1207,1209,-1,4595,1209,4598,-1,1215,4597,1213,-1,1213,4597,4598,-1,1213,4598,1211,-1,1211,4598,1209,-1,1215,1217,4597,-1,4597,1217,4599,-1,4597,4599,4214,-1,4214,4599,4213,-1,1217,1219,4599,-1,4599,1219,1221,-1,4599,1221,4600,-1,4600,1221,1223,-1,4600,1223,4601,-1,1223,1225,4601,-1,4601,1225,1227,-1,4601,1227,4602,-1,4602,1227,1229,-1,4602,1229,4603,-1,4603,1229,1231,-1,1239,4605,1237,-1,1237,4605,4604,-1,1237,4604,1235,-1,1235,4604,4603,-1,1235,4603,1233,-1,1233,4603,1231,-1,1239,1241,4605,-1,4605,1241,4607,-1,4605,4607,4224,-1,4224,4607,4227,-1,1241,1243,4607,-1,4607,1243,1245,-1,4607,1245,4606,-1,4606,1245,1247,-1,4606,1247,4608,-1,1247,1249,4608,-1,4608,1249,1251,-1,4608,1251,4609,-1,4609,1251,1253,-1,4609,1253,4610,-1,4610,1253,1255,-1,1263,4612,1261,-1,1261,4612,4611,-1,1261,4611,1259,-1,1259,4611,4610,-1,1259,4610,1257,-1,1257,4610,1255,-1,1263,1265,4612,-1,4612,1265,4613,-1,4612,4613,4240,-1,4240,4613,4241,-1,1273,4615,1271,-1,1271,4615,4614,-1,1271,4614,1269,-1,1269,4614,4613,-1,1269,4613,1267,-1,1267,4613,1265,-1,1273,1275,4615,-1,4615,1275,4616,-1,4615,4616,4243,-1,4243,4616,4246,-1,1275,1277,4616,-1,4616,1277,1279,-1,4616,1279,4617,-1,4617,1279,1281,-1,4617,1281,4618,-1,1287,4619,1285,-1,1285,4619,4618,-1,1285,4618,1283,-1,1283,4618,1281,-1,1287,1289,4619,-1,4619,1289,4620,-1,4619,4620,4251,-1,4251,4620,4254,-1,1289,1291,4620,-1,4620,1291,1293,-1,4620,1293,4621,-1,4621,1293,1295,-1,4621,1295,4623,-1,1295,1297,4623,-1,4623,1297,1299,-1,4623,1299,4622,-1,4622,1299,1301,-1,4622,1301,4624,-1,4624,1301,1303,-1,1303,1305,4624,-1,4624,1305,4625,-1,4624,4625,4262,-1,4262,4625,4263,-1,1311,4626,1309,-1,1309,4626,4625,-1,1309,4625,1307,-1,1307,4625,1305,-1,1311,1313,4626,-1,4626,1313,4629,-1,4626,4629,4266,-1,4266,4629,4267,-1,1313,1315,4629,-1,4629,1315,1317,-1,4629,1317,4627,-1,4627,1317,1319,-1,4627,1319,4628,-1,1319,1321,4628,-1,4628,1321,1323,-1,4628,1323,4631,-1,4631,1323,1325,-1,4631,1325,4630,-1,4630,1325,1327,-1,1335,4633,1333,-1,1333,4633,4632,-1,1333,4632,1331,-1,1331,4632,4630,-1,1331,4630,1329,-1,1329,4630,1327,-1,1335,1337,4633,-1,4633,1337,4634,-1,4633,4634,4281,-1,4281,4634,4280,-1,1337,1339,4634,-1,4634,1339,1341,-1,4634,1341,4635,-1,4635,1341,1343,-1,4635,1343,4636,-1,1343,1345,4636,-1,4636,1345,1347,-1,4636,1347,4637,-1,4637,1347,1349,-1,4637,1349,4638,-1,4638,1349,1351,-1,1351,1353,4638,-1,4638,1353,1355,-1,4638,1355,4639,-1,4639,1355,1357,-1,4639,1357,4348,-1,4348,1357,1359,-1,4348,1359,1361,-1,
        ]
    }
}
Shape{
    appearance Appearance {
        material  Material 	{
            diffuseColor 1.0 1.0 1.0
            specularColor 0.5019607843137255 0.5019607843137255 0.5019607843137255
            ambientIntensity 1.0
            transparency 0.0
            shininess 0.5
        }
    }
    geometry IndexedFaceSet {
        ccw TRUE
        solid FALSE
        coord DEF co Coordinate {
            point [
                0.8268 0.0 0.9449, 0.8203 -0.1036 0.9449, 0.8235 -0.0741 0.0787, 0.8008 -0.2056 0.9449, 0.8135 -0.1476 0.0787, 0.8195 -0.1035 0.0787, 0.7682 -0.3041 0.0787, 0.7741 -0.2905 0.0787, 0.7687 -0.3044 0.9449, 0.797 -0.22 0.0787, 0.8003 -0.2055 0.0787, 0.7449 -0.3587 0.0787, 0.7245 -0.3983 0.9449, 0.7238 -0.3979 0.0787, 0.7098 -0.4241 0.0787, 0.6689 -0.486 0.9449, 0.6689 -0.486 0.0787, 0.6226 -0.544 0.0787, 0.6027 -0.566 0.9449, 0.6021 -0.5654 0.0787, 0.5714 -0.5976 0.0787, 0.527 -0.637 0.9449, 0.5267 -0.6366 0.0787, 0.5155 -0.6464 0.0787, 0.443 -0.6981 0.9449, 0.4555 -0.69 0.0787, 0.352 -0.7481 0.9449, 0.3918 -0.7281 0.0787, 0.4428 -0.6976 0.0787, 0.2555 -0.7863 0.9449, 0.325 -0.7602 0.0787, 0.3517 -0.7474 0.0787, 0.1549 -0.8121 0.9449, 0.184 -0.806 0.0787, 0.2555 -0.7863 0.0787, 0.0519 -0.8251 0.9449, 0.111 -0.8193 0.0787, 0.1548 -0.8113 0.0787, -0.0518 -0.8246 0.0787, -0.0371 -0.8259 0.0787, -0.0519 -0.8251 0.9449, 0.0371 -0.8259 0.0787, 0.0519 -0.8246 0.0787, -0.111 -0.8193 0.0787, -0.1549 -0.8121 0.9449, -0.1548 -0.8113 0.0787, -0.184 -0.806 0.0787, -0.2555 -0.7863 0.9449, -0.2555 -0.7863 0.0787, -0.3249 -0.7602 0.0787, -0.352 -0.7481 0.9449, -0.3517 -0.7474 0.0787, -0.3918 -0.7281 0.0787, -0.443 -0.6981 0.9449, -0.4427 -0.6976 0.0787, -0.4554 -0.69 0.0787, -0.527 -0.637 0.9449, -0.5155 -0.6464 0.0787, -0.6027 -0.566 0.9449, -0.5713 -0.5976 0.0787, -0.5266 -0.6366 0.0787, -0.6689 -0.486 0.9449, -0.6226 -0.544 0.0787, -0.6021 -0.5654 0.0787, -0.7245 -0.3983 0.9449, -0.7097 -0.4241 0.0787, -0.6689 -0.486 0.0787, -0.7687 -0.3044 0.9449, -0.7449 -0.3587 0.0787, -0.7238 -0.3979 0.0787, -0.8003 -0.2055 0.0787, -0.797 -0.22 0.0787, -0.8008 -0.2056 0.9449, -0.774 -0.2905 0.0787, -0.7682 -0.3041 0.0787, -0.8135 -0.1476 0.0787, -0.8202 -0.1036 0.9449, -0.8194 -0.1035 0.0787, -0.8234 -0.0741 0.0787, -0.8268 0.0 0.9449, -0.8268 0.0 0.0787, -0.8234 0.0741 0.0787, -0.8202 0.1036 0.9449, -0.8194 0.1035 0.0787, -0.8135 0.1476 0.0787, -0.8008 0.2056 0.9449, -0.8003 0.2055 0.0787, -0.797 0.22 0.0787, -0.7687 0.3044 0.9449, -0.774 0.2905 0.0787, -0.7245 0.3983 0.9449, -0.7449 0.3587 0.0787, -0.7682 0.3041 0.0787, -0.6689 0.486 0.9449, -0.7097 0.4241 0.0787, -0.7238 0.3979 0.0787, -0.6027 0.566 0.9449, -0.6226 0.544 0.0787, -0.6689 0.486 0.0787, -0.527 0.637 0.9449, -0.5713 0.5976 0.0787, -0.6021 0.5654 0.0787, -0.4427 0.6976 0.0787, -0.4554 0.69 0.0787, -0.443 0.6981 0.9449, -0.5155 0.6464 0.0787, -0.5266 0.6366 0.0787, -0.3918 0.7281 0.0787, -0.352 0.7481 0.9449, -0.3517 0.7474 0.0787, -0.3249 0.7602 0.0787, -0.2555 0.7863 0.9449, -0.2555 0.7863 0.0787, -0.184 0.806 0.0787, -0.1549 0.8121 0.9449, -0.1548 0.8113 0.0787, -0.111 0.8193 0.0787, -0.0519 0.8251 0.9449, -0.0518 0.8246 0.0787, -0.0371 0.8259 0.0787, 0.0519 0.8251 0.9449, 0.0371 0.8259 0.0787, 0.1549 0.8121 0.9449, 0.111 0.8193 0.0787, 0.0519 0.8246 0.0787, 0.2555 0.7863 0.9449, 0.184 0.806 0.0787, 0.1548 0.8113 0.0787, 0.352 0.7481 0.9449, 0.325 0.7602 0.0787, 0.2555 0.7863 0.0787, 0.443 0.6981 0.9449, 0.3918 0.7281 0.0787, 0.3517 0.7474 0.0787, 0.5267 0.6366 0.0787, 0.5155 0.6464 0.0787, 0.527 0.637 0.9449, 0.4555 0.69 0.0787, 0.4428 0.6976 0.0787, 0.5714 0.5976 0.0787, 0.6027 0.566 0.9449, 0.6021 0.5654 0.0787, 0.6226 0.544 0.0787, 0.6689 0.486 0.9449, 0.6689 0.486 0.0787, 0.7098 0.4241 0.0787, 0.7245 0.3983 0.9449, 0.7238 0.3979 0.0787, 0.7449 0.3587 0.0787, 0.7687 0.3044 0.9449, 0.7682 0.3041 0.0787, 0.7741 0.2905 0.0787, 0.8008 0.2056 0.9449, 0.797 0.22 0.0787, 0.8203 0.1036 0.9449, 0.8135 0.1476 0.0787, 0.8003 0.2055 0.0787, 0.8268 0.0 0.0787, 0.8235 0.0741 0.0787, 0.8195 0.1035 0.0787, -0.7703 -0.1978 0.9764, -0.7791 -0.1517 0.9764, -0.7533 -0.2501 0.9764, -0.7394 -0.2928 0.9764, -0.7151 -0.3444 0.9764, -0.6969 -0.3831 0.9764, -0.6652 -0.433 0.9764, -0.6434 -0.4675 0.9764, -0.6044 -0.5146 0.9764, -0.5797 -0.5444 0.9764, -0.5336 -0.5877 0.9764, -0.5069 -0.6128 0.9764, -0.4541 -0.6511 0.9764, -0.4261 -0.6715 0.9764, -0.3672 -0.7039 0.9764, -0.3386 -0.7196 0.9764, -0.2741 -0.7451 0.9764, -0.2457 -0.7564 0.9764, -0.1766 -0.7741 0.9764, -0.149 -0.7812 0.9764, -0.0762 -0.7904 0.9764, -0.0499 -0.7937 0.9764, 0.0255 -0.7937 0.9764, 0.05 -0.7937 0.9764, 0.1268 -0.784 0.9764, 0.149 -0.7812 0.9764, 0.226 -0.7614 0.9764, 0.2458 -0.7564 0.9764, 0.3216 -0.7263 0.9764, 0.3386 -0.7196 0.9764, 0.4119 -0.6793 0.9764, 0.4262 -0.6715 0.9764, 0.4954 -0.6211 0.9764, 0.5069 -0.6128 0.9764, 0.5708 -0.5528 0.9764, 0.5798 -0.5444 0.9764, 0.6369 -0.4753 0.9764, 0.6434 -0.4675 0.9764, 0.6926 -0.39 0.9764, 0.6969 -0.3831 0.9764, 0.7368 -0.2983 0.9764, 0.7395 -0.2928 0.9764, 0.7691 -0.2016 0.9764, 0.7703 -0.1978 0.9764, 0.7886 -0.1017 0.9764, 0.789 -0.0997 0.9764, 0.7953 0.0 0.9764, 0.789 0.0997 0.9764, 0.7886 0.1017 0.9764, 0.7703 0.1978 0.9764, 0.7691 0.2016 0.9764, 0.7395 0.2928 0.9764, 0.7368 0.2983 0.9764, 0.6969 0.3831 0.9764, 0.6926 0.39 0.9764, 0.6434 0.4675 0.9764, 0.6369 0.4753 0.9764, 0.5798 0.5444 0.9764, 0.5708 0.5528 0.9764, 0.5069 0.6128 0.9764, 0.4954 0.6211 0.9764, 0.4262 0.6715 0.9764, 0.4119 0.6793 0.9764, 0.3386 0.7196 0.9764, 0.3216 0.7263 0.9764, 0.2458 0.7564 0.9764, 0.226 0.7614 0.9764, 0.149 0.7812 0.9764, 0.1268 0.784 0.9764, 0.05 0.7937 0.9764, -0.149 0.7812 0.9764, -0.0762 0.7904 0.9764, -0.0499 0.7937 0.9764, 0.0255 0.7937 0.9764, -0.3386 0.7196 0.9764, -0.2741 0.7451 0.9764, -0.2457 0.7564 0.9764, -0.1766 0.7741 0.9764, -0.5069 0.6128 0.9764, -0.4541 0.6511 0.9764, -0.4261 0.6715 0.9764, -0.3672 0.7039 0.9764, -0.6434 0.4675 0.9764, -0.6044 0.5146 0.9764, -0.5797 0.5444 0.9764, -0.5336 0.5877 0.9764, -0.7394 0.2928 0.9764, -0.7151 0.3444 0.9764, -0.6969 0.3831 0.9764, -0.6652 0.433 0.9764, -0.789 0.0997 0.9764, -0.7791 0.1517 0.9764, -0.7703 0.1978 0.9764, -0.7533 0.2501 0.9764, -0.789 -0.0997 0.9764, -0.7921 -0.0509 0.9764, -0.7953 0.0 0.9764, -0.7921 0.0509 0.9764, 0.7953 0.0 1.378, 0.7888 -0.1017 1.378, 0.7693 -0.2017 1.378, 0.7372 -0.2984 1.378, 0.693 -0.3903 1.378, 0.6374 -0.4757 1.378, 0.5713 -0.5533 1.378, 0.4959 -0.6218 1.378, 0.4123 -0.6801 1.378, 0.3219 -0.7272 1.378, 0.2263 -0.7624 1.378, 0.1269 -0.7851 1.378, 0.0255 -0.7949 1.378, -0.0763 -0.7916 1.378, -0.1769 -0.7753 1.378, -0.2746 -0.7463 1.378, -0.3678 -0.7051 1.378, -0.455 -0.6523 1.378, -0.5346 -0.5887 1.378, -0.6055 -0.5155 1.378, -0.6665 -0.4339 1.378, -0.7165 -0.3451 1.378, -0.7547 -0.2506 1.378, -0.7806 -0.152 1.378, -0.7936 -0.051 1.378, -0.7936 0.051 1.378, -0.7806 0.152 1.378, -0.7547 0.2506 1.378, -0.7165 0.3451 1.378, -0.6665 0.4339 1.378, -0.6055 0.5155 1.378, -0.5346 0.5887 1.378, -0.455 0.6523 1.378, -0.3678 0.7051 1.378, -0.2746 0.7463 1.378, -0.1769 0.7753 1.378, -0.0763 0.7916 1.378, 0.0255 0.7949 1.378, 0.1269 0.7851 1.378, 0.2263 0.7624 1.378, 0.3219 0.7272 1.378, 0.4123 0.6801 1.378, 0.4959 0.6218 1.378, 0.5713 0.5533 1.378, 0.6374 0.4757 1.378, 0.693 0.3903 1.378, 0.7372 0.2984 1.378, 0.7693 0.2017 1.378, 0.7888 0.1017 1.378, -0.2495 0.0569 1.378, -0.2559 0.0 1.378, -0.2495 -0.0569 1.378, 0.2559 0.0 1.378, 0.2495 0.0569 1.378, 0.2306 0.111 1.378, -0.2001 -0.1596 1.378, -0.2305 -0.111 1.378, -0.2305 0.111 1.378, 0.2495 -0.0569 1.378, -0.2001 0.1596 1.378, -0.1595 0.2001 1.378, 0.2001 -0.1596 1.378, 0.2306 -0.111 1.378, 0.1596 -0.2001 1.378, 0.0 -0.2559 1.378, -0.0569 -0.2495 1.378, -0.1595 -0.2001 1.378, -0.111 -0.2306 1.378, -0.0569 0.2495 1.378, -0.111 0.2306 1.378, 0.2001 0.1596 1.378, 0.1111 -0.2306 1.378, 0.057 -0.2495 1.378, 0.0 0.2559 1.378, 0.1111 0.2306 1.378, 0.057 0.2495 1.378, 0.1596 0.2001 1.378, 0.2559 0.0 0.0, 0.2495 0.0569 0.0, 0.2306 0.111 0.0, 0.2001 0.1596 0.0, 0.1596 0.2001 0.0, 0.1111 0.2306 0.0, 0.057 0.2495 0.0, 0.0 0.2559 0.0, -0.0569 0.2495 0.0, -0.111 0.2306 0.0, -0.1595 0.2001 0.0, -0.2001 0.1596 0.0, -0.2305 0.111 0.0, -0.2495 0.0569 0.0, -0.2559 0.0 0.0, -0.2495 -0.0569 0.0, -0.2305 -0.111 0.0, -0.2001 -0.1596 0.0, -0.1595 -0.2001 0.0, -0.111 -0.2306 0.0, -0.0569 -0.2495 0.0, 0.0 -0.2559 0.0, 0.057 -0.2495 0.0, 0.1111 -0.2306 0.0, 0.1596 -0.2001 0.0, 0.2001 -0.1596 0.0, 0.2306 -0.111 0.0, 0.2495 -0.0569 0.0, -0.745 -0.0671 0.0, -0.6739 -0.3246 0.0, -0.6421 -0.3837 0.0, -0.6051 -0.4397 0.0, -0.736 0.1336 0.0, -0.745 0.0671 0.0, -0.748 0.0 0.0, -0.7003 -0.2628 0.0, -0.7211 -0.199 0.0, -0.736 -0.1336 0.0, -0.4121 -0.6243 0.0, -0.1664 -0.7293 0.0, -0.2311 -0.7114 0.0, -0.294 -0.6878 0.0, -0.3544 -0.6587 0.0, -0.5633 0.4922 0.0, -0.5169 0.5407 0.0, -0.7211 0.199 0.0, -0.7003 0.2628 0.0, -0.1004 -0.7413 0.0, -0.0335 -0.7473 0.0, 0.2312 -0.7114 0.0, 0.4664 -0.5848 0.0, 0.517 -0.5407 0.0, 0.7481 0.0 0.0, 0.745 0.0671 0.0, 0.736 0.1336 0.0, 0.294 0.6878 0.0, 0.2312 0.7114 0.0, -0.6739 0.3246 0.0, -0.6421 0.3837 0.0, -0.6051 0.4397 0.0, -0.4664 -0.5848 0.0, -0.5169 -0.5407 0.0, -0.5633 -0.4922 0.0, 0.1665 -0.7293 0.0, 0.1004 -0.7413 0.0, 0.0336 -0.7473 0.0, 0.4121 -0.6243 0.0, 0.3545 -0.6587 0.0, 0.294 -0.6878 0.0, 0.674 -0.3246 0.0, 0.7004 -0.2628 0.0, 0.745 -0.0671 0.0, 0.736 -0.1336 0.0, 0.7211 -0.199 0.0, 0.6052 0.4397 0.0, 0.6422 0.3837 0.0, 0.1004 0.7413 0.0, 0.1665 0.7293 0.0, 0.6422 -0.3837 0.0, 0.6052 -0.4397 0.0, 0.5633 -0.4922 0.0, 0.674 0.3246 0.0, 0.7004 0.2628 0.0, 0.7211 0.199 0.0, 0.5633 0.4922 0.0, 0.517 0.5407 0.0, 0.3545 0.6587 0.0, 0.4121 0.6243 0.0, 0.4664 0.5848 0.0, -0.1664 0.7293 0.0, -0.1004 0.7413 0.0, -0.0335 0.7473 0.0, 0.0336 0.7473 0.0, -0.2311 0.7114 0.0, -0.294 0.6878 0.0, -0.4664 0.5848 0.0, -0.4121 0.6243 0.0, -0.3544 0.6587 0.0, 0.7075 -0.4227 0.0584, 0.7425 -0.3576 0.0584, 0.7716 -0.2896 0.0584, 0.7944 -0.2192 0.0584, 0.6667 -0.4844 0.0584, 0.6206 -0.5422 0.0584, 0.5695 -0.5956 0.0584, 0.5138 -0.6443 0.0584, 0.454 -0.6878 0.0584, 0.3905 -0.7257 0.0584, 0.3239 -0.7578 0.0584, 0.2547 -0.7838 0.0584, 0.1834 -0.8034 0.0584, 0.1106 -0.8166 0.0584, 0.037 -0.8233 0.0584, -0.037 -0.8233 0.0584, -0.1106 -0.8166 0.0584, -0.1834 -0.8034 0.0584, -0.2546 -0.7838 0.0584, -0.3239 -0.7578 0.0584, -0.3905 -0.7257 0.0584, -0.454 -0.6878 0.0584, -0.5138 -0.6443 0.0584, -0.5695 -0.5956 0.0584, -0.6206 -0.5422 0.0584, -0.6667 -0.4844 0.0584, -0.7074 -0.4227 0.0584, -0.7425 -0.3576 0.0584, -0.7715 -0.2896 0.0584, -0.7944 -0.2192 0.0584, -0.8108 -0.1471 0.0584, -0.8207 -0.0739 0.0584, -0.8241 0.0 0.0584, -0.8207 0.0739 0.0584, -0.8108 0.1471 0.0584, -0.7944 0.2192 0.0584, -0.7715 0.2896 0.0584, -0.7425 0.3576 0.0584, -0.7074 0.4227 0.0584, -0.6667 0.4844 0.0584, -0.6206 0.5422 0.0584, -0.5695 0.5956 0.0584, -0.5138 0.6443 0.0584, -0.454 0.6878 0.0584, -0.3905 0.7257 0.0584, -0.3239 0.7578 0.0584, -0.2546 0.7838 0.0584, -0.1834 0.8034 0.0584, -0.1106 0.8166 0.0584, -0.037 0.8233 0.0584, 0.037 0.8233 0.0584, 0.1106 0.8166 0.0584, 0.1834 0.8034 0.0584, 0.2547 0.7838 0.0584, 0.3239 0.7578 0.0584, 0.3905 0.7257 0.0584, 0.454 0.6878 0.0584, 0.5138 0.6443 0.0584, 0.5695 0.5956 0.0584, 0.6206 0.5422 0.0584, 0.6667 0.4844 0.0584, 0.7075 0.4227 0.0584, 0.7425 0.3576 0.0584, 0.7716 0.2896 0.0584, 0.7944 0.2192 0.0584, 0.8109 0.1471 0.0584, 0.8208 0.0739 0.0584, 0.8241 0.0 0.0584, 0.8208 -0.0739 0.0584, 0.8109 -0.1471 0.0584, 0.813 0.0732 0.0394, 0.8031 0.1457 0.0394, 0.7868 0.2171 0.0394, 0.7642 0.2868 0.0394, 0.7354 0.3541 0.0394, 0.7007 0.4186 0.0394, 0.6604 0.4798 0.0394, 0.6147 0.537 0.0394, 0.5641 0.59 0.0394, 0.5089 0.6381 0.0394, 0.4497 0.6812 0.0394, 0.3868 0.7188 0.0394, 0.3208 0.7505 0.0394, 0.2522 0.7763 0.0394, 0.1816 0.7958 0.0394, 0.1096 0.8088 0.0394, 0.0366 0.8154 0.0394, -0.0366 0.8154 0.0394, -0.1095 0.8088 0.0394, -0.1816 0.7958 0.0394, -0.2522 0.7763 0.0394, -0.3208 0.7505 0.0394, -0.3868 0.7188 0.0394, -0.4496 0.6812 0.0394, -0.5089 0.6381 0.0394, -0.564 0.59 0.0394, -0.6147 0.537 0.0394, -0.6603 0.4798 0.0394, -0.7007 0.4186 0.0394, -0.7354 0.3541 0.0394, -0.7642 0.2868 0.0394, -0.7868 0.2171 0.0394, -0.8031 0.1457 0.0394, -0.8129 0.0732 0.0394, -0.8162 0.0 0.0394, -0.8129 -0.0732 0.0394, -0.8031 -0.1457 0.0394, -0.7868 -0.2171 0.0394, -0.7642 -0.2868 0.0394, -0.7354 -0.3541 0.0394, -0.7007 -0.4186 0.0394, -0.6603 -0.4798 0.0394, -0.6147 -0.537 0.0394, -0.564 -0.59 0.0394, -0.5089 -0.6381 0.0394, -0.4496 -0.6812 0.0394, -0.3868 -0.7188 0.0394, -0.3208 -0.7505 0.0394, -0.2522 -0.7763 0.0394, -0.1816 -0.7958 0.0394, -0.1095 -0.8088 0.0394, -0.0366 -0.8154 0.0394, 0.0366 -0.8154 0.0394, 0.1096 -0.8088 0.0394, 0.1816 -0.7958 0.0394, 0.2522 -0.7763 0.0394, 0.3208 -0.7505 0.0394, 0.3868 -0.7188 0.0394, 0.4497 -0.6812 0.0394, 0.5089 -0.6381 0.0394, 0.5641 -0.59 0.0394, 0.6147 -0.537 0.0394, 0.6604 -0.4798 0.0394, 0.7007 -0.4186 0.0394, 0.7354 -0.3541 0.0394, 0.7642 -0.2868 0.0394, 0.7868 -0.2171 0.0394, 0.8031 -0.1457 0.0394, 0.813 -0.0732 0.0394, 0.8162 0.0 0.0394, 0.8005 0.072 0.0231, 0.7908 0.1435 0.0231, 0.7748 0.2138 0.0231, 0.7525 0.2824 0.0231, 0.7241 0.3487 0.0231, 0.69 0.4122 0.0231, 0.6502 0.4724 0.0231, 0.6053 0.5288 0.0231, 0.5554 0.5809 0.0231, 0.5011 0.6284 0.0231, 0.4428 0.6708 0.0231, 0.3809 0.7077 0.0231, 0.3159 0.739 0.0231, 0.2484 0.7644 0.0231, 0.1789 0.7836 0.0231, 0.1079 0.7964 0.0231, 0.0361 0.8029 0.0231, -0.036 0.8029 0.0231, -0.1079 0.7964 0.0231, -0.1788 0.7836 0.0231, -0.2483 0.7644 0.0231, -0.3159 0.739 0.0231, -0.3808 0.7077 0.0231, -0.4427 0.6708 0.0231, -0.5011 0.6284 0.0231, -0.5554 0.5809 0.0231, -0.6052 0.5288 0.0231, -0.6502 0.4724 0.0231, -0.6899 0.4122 0.0231, -0.7241 0.3487 0.0231, -0.7524 0.2824 0.0231, -0.7747 0.2138 0.0231, -0.7908 0.1435 0.0231, -0.8005 0.072 0.0231, -0.8037 0.0 0.0231, -0.8005 -0.072 0.0231, -0.7908 -0.1435 0.0231, -0.7747 -0.2138 0.0231, -0.7524 -0.2824 0.0231, -0.7241 -0.3487 0.0231, -0.6899 -0.4122 0.0231, -0.6502 -0.4724 0.0231, -0.6052 -0.5288 0.0231, -0.5554 -0.5809 0.0231, -0.5011 -0.6284 0.0231, -0.4427 -0.6708 0.0231, -0.3808 -0.7077 0.0231, -0.3159 -0.739 0.0231, -0.2483 -0.7644 0.0231, -0.1788 -0.7836 0.0231, -0.1079 -0.7964 0.0231, -0.036 -0.8029 0.0231, 0.0361 -0.8029 0.0231, 0.1079 -0.7964 0.0231, 0.1789 -0.7836 0.0231, 0.2484 -0.7644 0.0231, 0.3159 -0.739 0.0231, 0.3809 -0.7077 0.0231, 0.4428 -0.6708 0.0231, 0.5011 -0.6284 0.0231, 0.5554 -0.5809 0.0231, 0.6053 -0.5288 0.0231, 0.6502 -0.4724 0.0231, 0.69 -0.4122 0.0231, 0.7241 -0.3487 0.0231, 0.7525 -0.2824 0.0231, 0.7748 -0.2138 0.0231, 0.7908 -0.1435 0.0231, 0.8005 -0.072 0.0231, 0.8037 0.0 0.0231, 0.7843 0.0706 0.0106, 0.7748 0.1406 0.0106, 0.759 0.2095 0.0106, 0.7372 0.2767 0.0106, 0.7094 0.3416 0.0106, 0.676 0.4039 0.0106, 0.637 0.4628 0.0106, 0.593 0.5181 0.0106, 0.5442 0.5691 0.0106, 0.491 0.6156 0.0106, 0.4338 0.6571 0.0106, 0.3731 0.6934 0.0106, 0.3095 0.724 0.0106, 0.2433 0.7489 0.0106, 0.1752 0.7677 0.0106, 0.1057 0.7803 0.0106, 0.0353 0.7866 0.0106, -0.0353 0.7866 0.0106, -0.1057 0.7803 0.0106, -0.1752 0.7677 0.0106, -0.2433 0.7489 0.0106, -0.3094 0.724 0.0106, -0.3731 0.6934 0.0106, -0.4338 0.6571 0.0106, -0.4909 0.6156 0.0106, -0.5441 0.5691 0.0106, -0.5929 0.5181 0.0106, -0.637 0.4628 0.0106, -0.6759 0.4039 0.0106, -0.7094 0.3416 0.0106, -0.7372 0.2767 0.0106, -0.759 0.2095 0.0106, -0.7747 0.1406 0.0106, -0.7842 0.0706 0.0106, -0.7874 0.0 0.0106, -0.7842 -0.0706 0.0106, -0.7747 -0.1406 0.0106, -0.759 -0.2095 0.0106, -0.7372 -0.2767 0.0106, -0.7094 -0.3416 0.0106, -0.6759 -0.4039 0.0106, -0.637 -0.4628 0.0106, -0.5929 -0.5181 0.0106, -0.5441 -0.5691 0.0106, -0.4909 -0.6156 0.0106, -0.4338 -0.6571 0.0106, -0.3731 -0.6934 0.0106, -0.3094 -0.724 0.0106, -0.2433 -0.7489 0.0106, -0.1752 -0.7677 0.0106, -0.1057 -0.7803 0.0106, -0.0353 -0.7866 0.0106, 0.0353 -0.7866 0.0106, 0.1057 -0.7803 0.0106, 0.1752 -0.7677 0.0106, 0.2433 -0.7489 0.0106, 0.3095 -0.724 0.0106, 0.3731 -0.6934 0.0106, 0.4338 -0.6571 0.0106, 0.491 -0.6156 0.0106, 0.5442 -0.5691 0.0106, 0.593 -0.5181 0.0106, 0.637 -0.4628 0.0106, 0.676 -0.4039 0.0106, 0.7094 -0.3416 0.0106, 0.7372 -0.2767 0.0106, 0.759 -0.2095 0.0106, 0.7748 -0.1406 0.0106, 0.7843 -0.0706 0.0106, 0.7874 0.0 0.0106, 0.7653 0.0689 0.0027, 0.7561 0.1372 0.0027, 0.7407 0.2044 0.0027, 0.7194 0.27 0.0027, 0.6923 0.3334 0.0027, 0.6597 0.3941 0.0027, 0.6217 0.4517 0.0027, 0.5787 0.5056 0.0027, 0.531 0.5554 0.0027, 0.4791 0.6008 0.0027, 0.4233 0.6413 0.0027, 0.3641 0.6767 0.0027, 0.302 0.7066 0.0027, 0.2375 0.7308 0.0027, 0.171 0.7491 0.0027, 0.1032 0.7615 0.0027, 0.0345 0.7676 0.0027, -0.0345 0.7676 0.0027, -0.1031 0.7615 0.0027, -0.171 0.7491 0.0027, -0.2374 0.7308 0.0027, -0.302 0.7066 0.0027, -0.3641 0.6767 0.0027, -0.4233 0.6413 0.0027, -0.4791 0.6008 0.0027, -0.531 0.5554 0.0027, -0.5786 0.5056 0.0027, -0.6216 0.4517 0.0027, -0.6596 0.3941 0.0027, -0.6923 0.3334 0.0027, -0.7194 0.27 0.0027, -0.7407 0.2044 0.0027, -0.756 0.1372 0.0027, -0.7653 0.0689 0.0027, -0.7684 0.0 0.0027, -0.7653 -0.0689 0.0027, -0.756 -0.1372 0.0027, -0.7407 -0.2044 0.0027, -0.7194 -0.27 0.0027, -0.6923 -0.3334 0.0027, -0.6596 -0.3941 0.0027, -0.6216 -0.4517 0.0027, -0.5786 -0.5056 0.0027, -0.531 -0.5554 0.0027, -0.4791 -0.6008 0.0027, -0.4233 -0.6413 0.0027, -0.3641 -0.6767 0.0027, -0.302 -0.7066 0.0027, -0.2374 -0.7308 0.0027, -0.171 -0.7491 0.0027, -0.1031 -0.7615 0.0027, -0.0345 -0.7676 0.0027, 0.0345 -0.7676 0.0027, 0.1032 -0.7615 0.0027, 0.171 -0.7491 0.0027, 0.2375 -0.7308 0.0027, 0.302 -0.7066 0.0027, 0.3641 -0.6767 0.0027, 0.4233 -0.6413 0.0027, 0.4791 -0.6008 0.0027, 0.531 -0.5554 0.0027, 0.5787 -0.5056 0.0027, 0.6217 -0.4517 0.0027, 0.6597 -0.3941 0.0027, 0.6923 -0.3334 0.0027, 0.7194 -0.27 0.0027, 0.7407 -0.2044 0.0027, 0.7561 -0.1372 0.0027, 0.7653 -0.0689 0.0027, 0.7684 0.0 0.0027
            ]
        }
        coordIndex [
            0,1,2,-1,3,4,1,-1,1,4,5,-1,1,5,2,-1,6,7,8,-1,8,7,9,-1,8,9,3,-1,3,9,10,-1,3,10,4,-1,6,8,11,-1,11,8,12,-1,11,12,13,-1,13,12,14,-1,14,12,15,-1,14,15,16,-1,16,15,17,-1,17,15,18,-1,17,18,19,-1,19,18,20,-1,20,18,21,-1,20,21,22,-1,22,21,23,-1,23,21,24,-1,23,24,25,-1,26,27,24,-1,24,27,28,-1,24,28,25,-1,29,30,26,-1,26,30,31,-1,26,31,27,-1,32,33,29,-1,29,33,34,-1,29,34,30,-1,35,36,32,-1,32,36,37,-1,32,37,33,-1,38,39,40,-1,40,39,41,-1,40,41,35,-1,35,41,42,-1,35,42,36,-1,38,40,43,-1,43,40,44,-1,43,44,45,-1,45,44,46,-1,46,44,47,-1,46,47,48,-1,48,47,49,-1,49,47,50,-1,49,50,51,-1,51,50,52,-1,52,50,53,-1,52,53,54,-1,54,53,55,-1,55,53,56,-1,55,56,57,-1,58,59,56,-1,56,59,60,-1,56,60,57,-1,61,62,58,-1,58,62,63,-1,58,63,59,-1,64,65,61,-1,61,65,66,-1,61,66,62,-1,67,68,64,-1,64,68,69,-1,64,69,65,-1,70,71,72,-1,72,71,73,-1,72,73,67,-1,67,73,74,-1,67,74,68,-1,70,72,75,-1,75,72,76,-1,75,76,77,-1,77,76,78,-1,78,76,79,-1,78,79,80,-1,80,79,81,-1,81,79,82,-1,81,82,83,-1,83,82,84,-1,84,82,85,-1,84,85,86,-1,86,85,87,-1,87,85,88,-1,87,88,89,-1,90,91,88,-1,88,91,92,-1,88,92,89,-1,93,94,90,-1,90,94,95,-1,90,95,91,-1,96,97,93,-1,93,97,98,-1,93,98,94,-1,99,100,96,-1,96,100,101,-1,96,101,97,-1,102,103,104,-1,104,103,105,-1,104,105,99,-1,99,105,106,-1,99,106,100,-1,102,104,107,-1,107,104,108,-1,107,108,109,-1,109,108,110,-1,110,108,111,-1,110,111,112,-1,112,111,113,-1,113,111,114,-1,113,114,115,-1,115,114,116,-1,116,114,117,-1,116,117,118,-1,118,117,119,-1,119,117,120,-1,119,120,121,-1,122,123,120,-1,120,123,124,-1,120,124,121,-1,125,126,122,-1,122,126,127,-1,122,127,123,-1,128,129,125,-1,125,129,130,-1,125,130,126,-1,131,132,128,-1,128,132,133,-1,128,133,129,-1,134,135,136,-1,136,135,137,-1,136,137,131,-1,131,137,138,-1,131,138,132,-1,134,136,139,-1,139,136,140,-1,139,140,141,-1,141,140,142,-1,142,140,143,-1,142,143,144,-1,144,143,145,-1,145,143,146,-1,145,146,147,-1,147,146,148,-1,148,146,149,-1,148,149,150,-1,150,149,151,-1,151,149,152,-1,151,152,153,-1,154,155,152,-1,152,155,156,-1,152,156,153,-1,2,157,0,-1,0,157,158,-1,0,158,154,-1,154,158,159,-1,154,159,155,-1,72,160,161,-1,72,161,76,-1,160,72,162,-1,162,72,67,-1,162,67,163,-1,163,67,164,-1,164,67,64,-1,164,64,165,-1,165,64,166,-1,166,64,61,-1,166,61,167,-1,167,61,168,-1,168,61,58,-1,168,58,169,-1,169,58,170,-1,170,58,56,-1,170,56,171,-1,171,56,172,-1,172,56,53,-1,172,53,173,-1,173,53,174,-1,174,53,50,-1,174,50,175,-1,175,50,176,-1,176,50,47,-1,176,47,177,-1,177,47,178,-1,178,47,44,-1,178,44,179,-1,179,44,180,-1,180,44,40,-1,180,40,181,-1,181,40,182,-1,182,40,35,-1,182,35,183,-1,183,35,184,-1,184,35,32,-1,184,32,185,-1,185,32,186,-1,186,32,29,-1,186,29,187,-1,187,29,188,-1,188,29,26,-1,188,26,189,-1,189,26,190,-1,190,26,24,-1,190,24,191,-1,191,24,192,-1,192,24,21,-1,192,21,193,-1,193,21,194,-1,194,21,18,-1,194,18,195,-1,195,18,196,-1,196,18,15,-1,196,15,197,-1,197,15,198,-1,198,15,12,-1,198,12,199,-1,199,12,200,-1,200,12,8,-1,200,8,201,-1,201,8,202,-1,202,8,3,-1,202,3,203,-1,203,3,204,-1,204,3,1,-1,204,1,205,-1,205,1,0,-1,205,0,206,-1,206,0,154,-1,206,154,207,-1,207,154,208,-1,208,154,152,-1,208,152,209,-1,209,152,210,-1,210,152,149,-1,210,149,211,-1,211,149,212,-1,212,149,146,-1,212,146,213,-1,213,146,214,-1,214,146,143,-1,214,143,215,-1,215,143,216,-1,216,143,140,-1,216,140,217,-1,217,140,218,-1,218,140,136,-1,218,136,219,-1,219,136,220,-1,220,136,131,-1,220,131,221,-1,221,131,222,-1,222,131,128,-1,222,128,223,-1,223,128,224,-1,224,128,125,-1,224,125,225,-1,225,125,226,-1,226,125,122,-1,226,122,227,-1,227,122,228,-1,228,122,120,-1,228,120,229,-1,117,114,230,-1,230,231,117,-1,117,231,232,-1,117,232,120,-1,120,232,233,-1,120,233,229,-1,111,108,234,-1,234,235,111,-1,111,235,236,-1,111,236,114,-1,114,236,237,-1,114,237,230,-1,104,99,238,-1,238,239,104,-1,104,239,240,-1,104,240,108,-1,108,240,241,-1,108,241,234,-1,96,93,242,-1,242,243,96,-1,96,243,244,-1,96,244,99,-1,99,244,245,-1,99,245,238,-1,90,88,246,-1,246,247,90,-1,90,247,248,-1,90,248,93,-1,93,248,249,-1,93,249,242,-1,85,82,250,-1,250,251,85,-1,85,251,252,-1,85,252,88,-1,88,252,253,-1,88,253,246,-1,161,254,76,-1,76,254,255,-1,76,255,79,-1,79,255,256,-1,79,256,82,-1,82,256,257,-1,82,257,250,-1,258,259,205,-1,260,203,259,-1,259,203,204,-1,259,204,205,-1,261,201,260,-1,260,201,202,-1,260,202,203,-1,262,199,261,-1,261,199,200,-1,261,200,201,-1,263,197,262,-1,262,197,198,-1,262,198,199,-1,264,195,263,-1,263,195,196,-1,263,196,197,-1,265,193,264,-1,264,193,194,-1,264,194,195,-1,266,191,265,-1,265,191,192,-1,265,192,193,-1,267,189,266,-1,266,189,190,-1,266,190,191,-1,268,187,267,-1,267,187,188,-1,267,188,189,-1,269,185,268,-1,268,185,186,-1,268,186,187,-1,270,183,269,-1,269,183,184,-1,269,184,185,-1,271,181,270,-1,270,181,182,-1,270,182,183,-1,272,179,271,-1,271,179,180,-1,271,180,181,-1,273,177,272,-1,272,177,178,-1,272,178,179,-1,274,175,273,-1,273,175,176,-1,273,176,177,-1,275,173,274,-1,274,173,174,-1,274,174,175,-1,276,171,275,-1,275,171,172,-1,275,172,173,-1,277,169,276,-1,276,169,170,-1,276,170,171,-1,278,167,277,-1,277,167,168,-1,277,168,169,-1,279,165,278,-1,278,165,166,-1,278,166,167,-1,280,163,279,-1,279,163,164,-1,279,164,165,-1,281,160,280,-1,280,160,162,-1,280,162,163,-1,282,254,281,-1,281,254,161,-1,281,161,160,-1,283,256,282,-1,282,256,255,-1,282,255,254,-1,284,250,283,-1,283,250,257,-1,283,257,256,-1,285,252,284,-1,284,252,251,-1,284,251,250,-1,286,246,285,-1,285,246,253,-1,285,253,252,-1,287,248,286,-1,286,248,247,-1,286,247,246,-1,288,242,287,-1,287,242,249,-1,287,249,248,-1,289,244,288,-1,288,244,243,-1,288,243,242,-1,290,238,289,-1,289,238,245,-1,289,245,244,-1,291,240,290,-1,290,240,239,-1,290,239,238,-1,292,234,291,-1,291,234,241,-1,291,241,240,-1,293,236,292,-1,292,236,235,-1,292,235,234,-1,294,230,293,-1,293,230,237,-1,293,237,236,-1,295,232,294,-1,294,232,231,-1,294,231,230,-1,296,229,295,-1,295,229,233,-1,295,233,232,-1,297,227,296,-1,296,227,228,-1,296,228,229,-1,298,225,297,-1,297,225,226,-1,297,226,227,-1,299,223,298,-1,298,223,224,-1,298,224,225,-1,300,221,299,-1,299,221,222,-1,299,222,223,-1,301,219,300,-1,300,219,220,-1,300,220,221,-1,302,217,301,-1,301,217,218,-1,301,218,219,-1,303,215,302,-1,302,215,216,-1,302,216,217,-1,304,213,303,-1,303,213,214,-1,303,214,215,-1,305,211,304,-1,304,211,212,-1,304,212,213,-1,306,209,305,-1,305,209,210,-1,305,210,211,-1,205,206,258,-1,258,206,207,-1,258,207,306,-1,306,207,208,-1,306,208,209,-1,307,283,308,-1,308,283,282,-1,308,282,309,-1,310,306,311,-1,311,306,305,-1,311,305,312,-1,278,313,314,-1,315,285,307,-1,307,285,284,-1,307,284,283,-1,316,259,310,-1,310,259,258,-1,310,258,306,-1,282,281,309,-1,309,281,280,-1,309,280,314,-1,314,280,279,-1,314,279,278,-1,317,287,315,-1,315,287,286,-1,315,286,285,-1,318,289,317,-1,317,289,288,-1,317,288,287,-1,319,262,320,-1,320,262,261,-1,320,261,316,-1,316,261,260,-1,316,260,259,-1,321,264,319,-1,319,264,263,-1,319,263,262,-1,271,322,323,-1,278,277,313,-1,313,277,276,-1,313,276,324,-1,324,276,275,-1,324,275,325,-1,326,292,327,-1,327,292,291,-1,327,291,318,-1,318,291,290,-1,318,290,289,-1,305,304,312,-1,312,304,303,-1,312,303,328,-1,329,266,321,-1,321,266,265,-1,321,265,264,-1,271,270,322,-1,322,270,269,-1,322,269,330,-1,330,269,268,-1,330,268,329,-1,329,268,267,-1,329,267,266,-1,331,294,326,-1,326,294,293,-1,326,293,292,-1,332,297,333,-1,333,297,296,-1,333,296,331,-1,331,296,295,-1,331,295,294,-1,334,299,332,-1,332,299,298,-1,332,298,297,-1,303,302,328,-1,328,302,301,-1,328,301,334,-1,334,301,300,-1,334,300,299,-1,275,274,325,-1,325,274,273,-1,325,273,323,-1,323,273,272,-1,323,272,271,-1,335,310,336,-1,336,310,311,-1,336,311,337,-1,337,311,312,-1,337,312,338,-1,338,312,328,-1,338,328,339,-1,339,328,334,-1,339,334,340,-1,340,334,332,-1,340,332,341,-1,341,332,333,-1,341,333,342,-1,342,333,331,-1,342,331,343,-1,343,331,326,-1,343,326,344,-1,344,326,327,-1,344,327,345,-1,345,327,318,-1,345,318,346,-1,346,318,317,-1,346,317,347,-1,347,317,315,-1,347,315,348,-1,348,315,307,-1,348,307,349,-1,349,307,308,-1,349,308,350,-1,350,308,309,-1,350,309,351,-1,351,309,314,-1,351,314,352,-1,352,314,313,-1,352,313,353,-1,353,313,324,-1,353,324,354,-1,354,324,325,-1,354,325,355,-1,355,325,323,-1,355,323,356,-1,356,323,322,-1,356,322,357,-1,357,322,330,-1,357,330,358,-1,358,330,329,-1,358,329,359,-1,359,329,321,-1,359,321,360,-1,360,321,319,-1,360,319,361,-1,361,319,320,-1,361,320,362,-1,362,320,316,-1,362,316,335,-1,335,316,310,-1,363,349,350,-1,364,351,365,-1,365,351,352,-1,365,352,366,-1,367,348,368,-1,368,348,349,-1,368,349,369,-1,369,349,363,-1,364,370,351,-1,351,370,371,-1,351,371,350,-1,350,371,372,-1,350,372,363,-1,373,353,354,-1,374,375,355,-1,355,375,376,-1,355,376,354,-1,354,376,377,-1,354,377,373,-1,378,379,346,-1,346,379,345,-1,367,380,348,-1,348,380,381,-1,348,381,347,-1,374,355,382,-1,382,355,356,-1,382,356,383,-1,384,357,358,-1,385,359,386,-1,386,359,360,-1,387,335,388,-1,388,335,336,-1,388,336,389,-1,390,340,391,-1,391,340,341,-1,381,392,347,-1,347,392,393,-1,347,393,346,-1,346,393,394,-1,346,394,378,-1,373,395,353,-1,353,395,396,-1,353,396,352,-1,352,396,397,-1,352,397,366,-1,384,398,357,-1,357,398,399,-1,357,399,356,-1,356,399,400,-1,356,400,383,-1,385,401,359,-1,359,401,402,-1,359,402,358,-1,358,402,403,-1,358,403,384,-1,404,361,405,-1,405,361,362,-1,387,406,335,-1,335,406,407,-1,335,407,362,-1,362,407,408,-1,362,408,405,-1,409,410,338,-1,338,410,337,-1,342,411,341,-1,341,411,412,-1,341,412,391,-1,404,413,361,-1,361,413,414,-1,361,414,360,-1,360,414,415,-1,360,415,386,-1,410,416,337,-1,337,416,417,-1,337,417,336,-1,336,417,418,-1,336,418,389,-1,409,338,419,-1,419,338,339,-1,419,339,420,-1,390,421,340,-1,340,421,422,-1,340,422,339,-1,339,422,423,-1,339,423,420,-1,424,425,343,-1,343,425,426,-1,343,426,342,-1,342,426,427,-1,342,427,411,-1,424,343,428,-1,428,343,344,-1,428,344,429,-1,379,430,345,-1,345,430,431,-1,345,431,344,-1,344,431,432,-1,344,432,429,-1,13,433,11,-1,11,433,434,-1,11,434,6,-1,6,434,435,-1,6,435,7,-1,7,435,436,-1,7,436,9,-1,13,14,433,-1,433,14,16,-1,433,16,437,-1,437,16,17,-1,437,17,438,-1,438,17,19,-1,438,19,439,-1,439,19,20,-1,439,20,440,-1,440,20,22,-1,22,23,440,-1,440,23,25,-1,440,25,441,-1,441,25,28,-1,441,28,442,-1,442,28,27,-1,442,27,443,-1,443,27,31,-1,31,30,443,-1,443,30,34,-1,443,34,444,-1,444,34,33,-1,444,33,445,-1,445,33,37,-1,445,37,446,-1,446,37,36,-1,446,36,447,-1,447,36,42,-1,42,41,447,-1,447,41,39,-1,447,39,448,-1,448,39,38,-1,448,38,449,-1,449,38,43,-1,449,43,450,-1,450,43,45,-1,45,46,450,-1,450,46,48,-1,450,48,451,-1,451,48,49,-1,451,49,452,-1,452,49,51,-1,452,51,453,-1,453,51,52,-1,453,52,454,-1,454,52,54,-1,54,55,454,-1,454,55,57,-1,454,57,455,-1,455,57,60,-1,455,60,456,-1,456,60,59,-1,456,59,457,-1,457,59,63,-1,63,62,457,-1,457,62,66,-1,457,66,458,-1,458,66,65,-1,458,65,459,-1,459,65,69,-1,459,69,460,-1,460,69,68,-1,460,68,461,-1,461,68,74,-1,74,73,461,-1,461,73,71,-1,461,71,462,-1,462,71,70,-1,462,70,463,-1,463,70,75,-1,463,75,464,-1,464,75,77,-1,77,78,464,-1,464,78,80,-1,464,80,465,-1,465,80,81,-1,465,81,466,-1,466,81,83,-1,466,83,467,-1,467,83,84,-1,467,84,468,-1,468,84,86,-1,86,87,468,-1,468,87,89,-1,468,89,469,-1,469,89,92,-1,469,92,470,-1,470,92,91,-1,470,91,471,-1,471,91,95,-1,95,94,471,-1,471,94,98,-1,471,98,472,-1,472,98,97,-1,472,97,473,-1,473,97,101,-1,473,101,474,-1,474,101,100,-1,474,100,475,-1,475,100,106,-1,106,105,475,-1,475,105,103,-1,475,103,476,-1,476,103,102,-1,476,102,477,-1,477,102,107,-1,477,107,478,-1,478,107,109,-1,109,110,478,-1,478,110,112,-1,478,112,479,-1,479,112,113,-1,479,113,480,-1,480,113,115,-1,480,115,481,-1,481,115,116,-1,481,116,482,-1,482,116,118,-1,118,119,482,-1,482,119,121,-1,482,121,483,-1,483,121,124,-1,483,124,484,-1,484,124,123,-1,484,123,485,-1,485,123,127,-1,127,126,485,-1,485,126,130,-1,485,130,486,-1,486,130,129,-1,486,129,487,-1,487,129,133,-1,487,133,488,-1,488,133,132,-1,488,132,489,-1,489,132,138,-1,138,137,489,-1,489,137,135,-1,489,135,490,-1,490,135,134,-1,490,134,491,-1,491,134,139,-1,491,139,492,-1,492,139,141,-1,141,142,492,-1,492,142,144,-1,492,144,493,-1,493,144,145,-1,493,145,494,-1,494,145,147,-1,494,147,495,-1,495,147,148,-1,495,148,496,-1,496,148,150,-1,150,151,496,-1,496,151,153,-1,496,153,497,-1,497,153,156,-1,497,156,498,-1,498,156,155,-1,498,155,499,-1,499,155,159,-1,159,158,499,-1,499,158,157,-1,499,157,500,-1,500,157,2,-1,500,2,501,-1,501,2,5,-1,501,5,502,-1,502,5,4,-1,502,4,436,-1,436,4,10,-1,436,10,9,-1,500,503,499,-1,499,503,504,-1,499,504,498,-1,498,504,505,-1,498,505,497,-1,497,505,506,-1,497,506,496,-1,496,506,507,-1,496,507,495,-1,495,507,508,-1,495,508,494,-1,494,508,509,-1,494,509,493,-1,493,509,510,-1,493,510,492,-1,492,510,511,-1,492,511,491,-1,491,511,512,-1,491,512,490,-1,490,512,513,-1,490,513,489,-1,489,513,514,-1,489,514,488,-1,488,514,515,-1,488,515,487,-1,487,515,516,-1,487,516,486,-1,486,516,517,-1,486,517,485,-1,485,517,518,-1,485,518,484,-1,484,518,519,-1,484,519,483,-1,483,519,520,-1,483,520,482,-1,482,520,521,-1,482,521,481,-1,481,521,522,-1,481,522,480,-1,480,522,523,-1,480,523,479,-1,479,523,524,-1,479,524,478,-1,478,524,525,-1,478,525,477,-1,477,525,526,-1,477,526,476,-1,476,526,527,-1,476,527,475,-1,475,527,528,-1,475,528,474,-1,474,528,529,-1,474,529,473,-1,473,529,530,-1,473,530,472,-1,472,530,531,-1,472,531,471,-1,471,531,532,-1,471,532,470,-1,470,532,533,-1,470,533,469,-1,469,533,534,-1,469,534,468,-1,468,534,535,-1,468,535,467,-1,467,535,536,-1,467,536,466,-1,466,536,537,-1,466,537,465,-1,465,537,538,-1,465,538,464,-1,464,538,539,-1,464,539,463,-1,463,539,540,-1,463,540,462,-1,462,540,541,-1,462,541,461,-1,461,541,542,-1,461,542,460,-1,460,542,543,-1,460,543,459,-1,459,543,544,-1,459,544,458,-1,458,544,545,-1,458,545,457,-1,457,545,546,-1,457,546,456,-1,456,546,547,-1,456,547,455,-1,455,547,548,-1,455,548,454,-1,454,548,549,-1,454,549,453,-1,453,549,550,-1,453,550,452,-1,452,550,551,-1,452,551,451,-1,451,551,552,-1,451,552,450,-1,450,552,553,-1,450,553,449,-1,449,553,554,-1,449,554,448,-1,448,554,555,-1,448,555,447,-1,447,555,556,-1,447,556,446,-1,446,556,557,-1,446,557,445,-1,445,557,558,-1,445,558,444,-1,444,558,559,-1,444,559,443,-1,443,559,560,-1,443,560,442,-1,442,560,561,-1,442,561,441,-1,441,561,562,-1,441,562,440,-1,440,562,563,-1,440,563,439,-1,439,563,564,-1,439,564,438,-1,438,564,565,-1,438,565,437,-1,437,565,566,-1,437,566,433,-1,433,566,567,-1,433,567,434,-1,434,567,568,-1,434,568,435,-1,435,568,569,-1,435,569,436,-1,436,569,570,-1,436,570,502,-1,502,570,571,-1,502,571,501,-1,501,571,572,-1,501,572,500,-1,500,572,503,-1,572,573,503,-1,503,573,574,-1,503,574,504,-1,504,574,575,-1,504,575,505,-1,505,575,576,-1,505,576,506,-1,506,576,577,-1,506,577,507,-1,507,577,578,-1,507,578,508,-1,508,578,579,-1,508,579,509,-1,509,579,580,-1,509,580,510,-1,510,580,581,-1,510,581,511,-1,511,581,582,-1,511,582,512,-1,512,582,583,-1,512,583,513,-1,513,583,584,-1,513,584,514,-1,514,584,585,-1,514,585,515,-1,515,585,586,-1,515,586,516,-1,516,586,587,-1,516,587,517,-1,517,587,588,-1,517,588,518,-1,518,588,589,-1,518,589,519,-1,519,589,590,-1,519,590,520,-1,520,590,591,-1,520,591,521,-1,521,591,592,-1,521,592,522,-1,522,592,593,-1,522,593,523,-1,523,593,594,-1,523,594,524,-1,524,594,595,-1,524,595,525,-1,525,595,596,-1,525,596,526,-1,526,596,597,-1,526,597,527,-1,527,597,598,-1,527,598,528,-1,528,598,599,-1,528,599,529,-1,529,599,600,-1,529,600,530,-1,530,600,601,-1,530,601,531,-1,531,601,602,-1,531,602,532,-1,532,602,603,-1,532,603,533,-1,533,603,604,-1,533,604,534,-1,534,604,605,-1,534,605,535,-1,535,605,606,-1,535,606,536,-1,536,606,607,-1,536,607,537,-1,537,607,608,-1,537,608,538,-1,538,608,609,-1,538,609,539,-1,539,609,610,-1,539,610,540,-1,540,610,611,-1,540,611,541,-1,541,611,612,-1,541,612,542,-1,542,612,613,-1,542,613,543,-1,543,613,614,-1,543,614,544,-1,544,614,615,-1,544,615,545,-1,545,615,616,-1,545,616,546,-1,546,616,617,-1,546,617,547,-1,547,617,618,-1,547,618,548,-1,548,618,619,-1,548,619,549,-1,549,619,620,-1,549,620,550,-1,550,620,621,-1,550,621,551,-1,551,621,622,-1,551,622,552,-1,552,622,623,-1,552,623,553,-1,553,623,624,-1,553,624,554,-1,554,624,625,-1,554,625,555,-1,555,625,626,-1,555,626,556,-1,556,626,627,-1,556,627,557,-1,557,627,628,-1,557,628,558,-1,558,628,629,-1,558,629,559,-1,559,629,630,-1,559,630,560,-1,560,630,631,-1,560,631,561,-1,561,631,632,-1,561,632,562,-1,562,632,633,-1,562,633,563,-1,563,633,634,-1,563,634,564,-1,564,634,635,-1,564,635,565,-1,565,635,636,-1,565,636,566,-1,566,636,637,-1,566,637,567,-1,567,637,638,-1,567,638,568,-1,568,638,639,-1,568,639,569,-1,569,639,640,-1,569,640,570,-1,570,640,641,-1,570,641,571,-1,571,641,642,-1,571,642,572,-1,572,642,573,-1,642,643,573,-1,573,643,644,-1,573,644,574,-1,574,644,645,-1,574,645,575,-1,575,645,646,-1,575,646,576,-1,576,646,647,-1,576,647,577,-1,577,647,648,-1,577,648,578,-1,578,648,649,-1,578,649,579,-1,579,649,650,-1,579,650,580,-1,580,650,651,-1,580,651,581,-1,581,651,652,-1,581,652,582,-1,582,652,653,-1,582,653,583,-1,583,653,654,-1,583,654,584,-1,584,654,655,-1,584,655,585,-1,585,655,656,-1,585,656,586,-1,586,656,657,-1,586,657,587,-1,587,657,658,-1,587,658,588,-1,588,658,659,-1,588,659,589,-1,589,659,660,-1,589,660,590,-1,590,660,661,-1,590,661,591,-1,591,661,662,-1,591,662,592,-1,592,662,663,-1,592,663,593,-1,593,663,664,-1,593,664,594,-1,594,664,665,-1,594,665,595,-1,595,665,666,-1,595,666,596,-1,596,666,667,-1,596,667,597,-1,597,667,668,-1,597,668,598,-1,598,668,669,-1,598,669,599,-1,599,669,670,-1,599,670,600,-1,600,670,671,-1,600,671,601,-1,601,671,672,-1,601,672,602,-1,602,672,673,-1,602,673,603,-1,603,673,674,-1,603,674,604,-1,604,674,675,-1,604,675,605,-1,605,675,676,-1,605,676,606,-1,606,676,677,-1,606,677,607,-1,607,677,678,-1,607,678,608,-1,608,678,679,-1,608,679,609,-1,609,679,680,-1,609,680,610,-1,610,680,681,-1,610,681,611,-1,611,681,682,-1,611,682,612,-1,612,682,683,-1,612,683,613,-1,613,683,684,-1,613,684,614,-1,614,684,685,-1,614,685,615,-1,615,685,686,-1,615,686,616,-1,616,686,687,-1,616,687,617,-1,617,687,688,-1,617,688,618,-1,618,688,689,-1,618,689,619,-1,619,689,690,-1,619,690,620,-1,620,690,691,-1,620,691,621,-1,621,691,692,-1,621,692,622,-1,622,692,693,-1,622,693,623,-1,623,693,694,-1,623,694,624,-1,624,694,695,-1,624,695,625,-1,625,695,696,-1,625,696,626,-1,626,696,697,-1,626,697,627,-1,627,697,698,-1,627,698,628,-1,628,698,699,-1,628,699,629,-1,629,699,700,-1,629,700,630,-1,630,700,701,-1,630,701,631,-1,631,701,702,-1,631,702,632,-1,632,702,703,-1,632,703,633,-1,633,703,704,-1,633,704,634,-1,634,704,705,-1,634,705,635,-1,635,705,706,-1,635,706,636,-1,636,706,707,-1,636,707,637,-1,637,707,708,-1,637,708,638,-1,638,708,709,-1,638,709,639,-1,639,709,710,-1,639,710,640,-1,640,710,711,-1,640,711,641,-1,641,711,712,-1,641,712,642,-1,642,712,643,-1,712,713,643,-1,643,713,714,-1,643,714,644,-1,644,714,715,-1,644,715,645,-1,645,715,716,-1,645,716,646,-1,646,716,717,-1,646,717,647,-1,647,717,718,-1,647,718,648,-1,648,718,719,-1,648,719,649,-1,649,719,720,-1,649,720,650,-1,650,720,721,-1,650,721,651,-1,651,721,722,-1,651,722,652,-1,652,722,723,-1,652,723,653,-1,653,723,724,-1,653,724,654,-1,654,724,725,-1,654,725,655,-1,655,725,726,-1,655,726,656,-1,656,726,727,-1,656,727,657,-1,657,727,728,-1,657,728,658,-1,658,728,729,-1,658,729,659,-1,659,729,730,-1,659,730,660,-1,660,730,731,-1,660,731,661,-1,661,731,732,-1,661,732,662,-1,662,732,733,-1,662,733,663,-1,663,733,734,-1,663,734,664,-1,664,734,735,-1,664,735,665,-1,665,735,736,-1,665,736,666,-1,666,736,737,-1,666,737,667,-1,667,737,738,-1,667,738,668,-1,668,738,739,-1,668,739,669,-1,669,739,740,-1,669,740,670,-1,670,740,741,-1,670,741,671,-1,671,741,742,-1,671,742,672,-1,672,742,743,-1,672,743,673,-1,673,743,744,-1,673,744,674,-1,674,744,745,-1,674,745,675,-1,675,745,746,-1,675,746,676,-1,676,746,747,-1,676,747,677,-1,677,747,748,-1,677,748,678,-1,678,748,749,-1,678,749,679,-1,679,749,750,-1,679,750,680,-1,680,750,751,-1,680,751,681,-1,681,751,752,-1,681,752,682,-1,682,752,753,-1,682,753,683,-1,683,753,754,-1,683,754,684,-1,684,754,755,-1,684,755,685,-1,685,755,756,-1,685,756,686,-1,686,756,757,-1,686,757,687,-1,687,757,758,-1,687,758,688,-1,688,758,759,-1,688,759,689,-1,689,759,760,-1,689,760,690,-1,690,760,761,-1,690,761,691,-1,691,761,762,-1,691,762,692,-1,692,762,763,-1,692,763,693,-1,693,763,764,-1,693,764,694,-1,694,764,765,-1,694,765,695,-1,695,765,766,-1,695,766,696,-1,696,766,767,-1,696,767,697,-1,697,767,768,-1,697,768,698,-1,698,768,769,-1,698,769,699,-1,699,769,770,-1,699,770,700,-1,700,770,771,-1,700,771,701,-1,701,771,772,-1,701,772,702,-1,702,772,773,-1,702,773,703,-1,703,773,774,-1,703,774,704,-1,704,774,775,-1,704,775,705,-1,705,775,776,-1,705,776,706,-1,706,776,777,-1,706,777,707,-1,707,777,778,-1,707,778,708,-1,708,778,779,-1,708,779,709,-1,709,779,780,-1,709,780,710,-1,710,780,781,-1,710,781,711,-1,711,781,782,-1,711,782,712,-1,712,782,713,-1,782,388,713,-1,713,388,389,-1,713,389,714,-1,714,389,418,-1,714,418,715,-1,715,418,417,-1,715,417,716,-1,716,417,416,-1,716,416,717,-1,717,416,410,-1,717,410,718,-1,718,410,409,-1,718,409,719,-1,719,409,419,-1,719,419,720,-1,720,419,420,-1,720,420,721,-1,721,420,423,-1,721,423,722,-1,722,423,422,-1,722,422,723,-1,723,422,421,-1,723,421,724,-1,724,421,390,-1,724,390,725,-1,725,390,391,-1,725,391,726,-1,726,391,412,-1,726,412,727,-1,727,412,411,-1,727,411,728,-1,728,411,427,-1,728,427,729,-1,729,427,426,-1,729,426,730,-1,730,426,425,-1,730,425,731,-1,731,425,424,-1,731,424,732,-1,732,424,428,-1,732,428,733,-1,733,428,429,-1,733,429,734,-1,734,429,432,-1,734,432,735,-1,735,432,431,-1,735,431,736,-1,736,431,430,-1,736,430,737,-1,737,430,379,-1,737,379,738,-1,738,379,378,-1,738,378,739,-1,739,378,394,-1,739,394,740,-1,740,394,393,-1,740,393,741,-1,741,393,392,-1,741,392,742,-1,742,392,381,-1,742,381,743,-1,743,381,380,-1,743,380,744,-1,744,380,367,-1,744,367,745,-1,745,367,368,-1,745,368,746,-1,746,368,369,-1,746,369,747,-1,747,369,363,-1,747,363,748,-1,748,363,372,-1,748,372,749,-1,749,372,371,-1,749,371,750,-1,750,371,370,-1,750,370,751,-1,751,370,364,-1,751,364,752,-1,752,364,365,-1,752,365,753,-1,753,365,366,-1,753,366,754,-1,754,366,397,-1,754,397,755,-1,755,397,396,-1,755,396,756,-1,756,396,395,-1,756,395,757,-1,757,395,373,-1,757,373,758,-1,758,373,377,-1,758,377,759,-1,759,377,376,-1,759,376,760,-1,760,376,375,-1,760,375,761,-1,761,375,374,-1,761,374,762,-1,762,374,382,-1,762,382,763,-1,763,382,383,-1,763,383,764,-1,764,383,400,-1,764,400,765,-1,765,400,399,-1,765,399,766,-1,766,399,398,-1,766,398,767,-1,767,398,384,-1,767,384,768,-1,768,384,403,-1,768,403,769,-1,769,403,402,-1,769,402,770,-1,770,402,401,-1,770,401,771,-1,771,401,385,-1,771,385,772,-1,772,385,386,-1,772,386,773,-1,773,386,415,-1,773,415,774,-1,774,415,414,-1,774,414,775,-1,775,414,413,-1,775,413,776,-1,776,413,404,-1,776,404,777,-1,777,404,405,-1,777,405,778,-1,778,405,408,-1,778,408,779,-1,779,408,407,-1,779,407,780,-1,780,407,406,-1,780,406,781,-1,781,406,387,-1,781,387,782,-1,782,387,388,-1,
        ]
    }
}
Shape{
    appearance Appearance {
        material  Material 	{
            diffuseColor 0.9686274509803922 0.8784313725490196 0.6
            specularColor 0.6784313725490196 0.615686274509804 0.4196078431372549
            ambientIntensity 0.8737
            transparency 0.0
            shininess 0.5
        }
    }
    geometry IndexedFaceSet {
        ccw TRUE
        solid FALSE
        coord DEF co Coordinate {
            point [
                -1.1811 -0.0652 0.6224, -1.1811 -0.0652 0.516, -1.1811 -0.113 0.516, -1.1811 -0.1233 0.3108, -1.1811 -0.1233 0.4661, -1.1811 -0.1161 0.4661, -1.1811 -0.415 0.5805, -1.1811 -0.417 0.5639, -1.1811 -0.4203 0.6234, -1.1811 -0.9316 0.4661, -1.1811 -0.9316 0.6234, -1.1811 -0.5707 0.6234, -1.1811 -0.162 0.6223, -1.1811 -0.1711 0.6234, -1.1811 -0.1233 0.6234, -1.1811 -1.0326 0.853, -1.1811 -0.9316 0.882, -1.1811 -0.9316 0.8194, -1.1811 -0.8268 0.0, -1.1811 -0.8268 -1.378, -1.1811 -0.9316 -1.378, -1.1811 -0.2549 0.3114, -1.1811 -0.2498 0.3108, -1.1811 -0.2798 0.3108, -1.1811 0.2174 0.6358, -1.1811 0.1989 0.6234, -1.1811 -0.0005 0.6234, -1.1811 0.0555 0.4661, -1.1811 -0.0005 0.4661, -1.1811 0.063 0.4848, -1.1811 0.0804 0.5091, -1.1811 0.1036 0.5287, -1.1811 0.1793 0.6102, -1.1811 0.1753 0.6064, -1.1811 0.1483 0.5733, -1.1811 0.1332 0.5428, -1.1811 0.129 0.5414, -1.1811 1.1321 0.8194, -1.1811 1.1811 0.8009, -1.1811 1.1811 0.6234, -1.1811 0.3379 0.6494, -1.1811 0.2955 0.6546, -1.1811 -0.0005 0.8194, -1.1811 0.2603 0.6509, -1.1811 0.587 0.4891, -1.1811 0.5914 0.4661, -1.1811 1.1811 0.4661, -1.1811 0.5931 0.457, -1.1811 0.3773 0.6342, -1.1811 0.3946 0.6234, -1.1811 0.3979 0.6213, -1.1811 0.573 0.5196, -1.1811 0.5533 0.5445, -1.1811 0.5461 0.5512, -1.1811 0.5187 0.5699, -1.1811 0.487 0.5818, -1.1811 0.4551 0.5855, -1.1811 0.418 0.6042, -1.1811 0.4453 0.5849, -1.1811 0.4355 0.5838, -1.1811 0.5329 0.3326, -1.1811 0.5576 0.3541, -1.1811 1.1811 0.3108, -1.1811 0.5023 0.3171, -1.1811 0.578 0.3836, -1.1811 0.5898 0.4155, -1.1811 0.5935 0.4471, -1.1811 0.4893 0.3131, -1.1811 0.4882 0.3108, -1.1811 0.4808 0.2948, -1.1811 0.4681 0.2791, -1.1811 1.1811 -1.378, -1.1811 0.8268 -1.378, -1.1811 1.1811 0.2632, -1.1811 0.8268 0.0, -1.1811 -0.0005 0.0, -1.1811 0.3875 0.2575, -1.1811 0.4082 0.255, -1.1811 0.4115 0.2551, -1.1811 0.4317 0.2582, -1.1811 0.4435 0.2632, -1.1811 0.4514 0.2665, -1.1811 0.3282 0.3108, -1.1811 0.3282 0.3105, -1.1811 -0.0005 0.2632, -1.1811 0.3383 0.2915, -1.1811 0.3515 0.2767, -1.1811 0.3685 0.2649, -1.1811 0.3728 0.2632, -1.1811 0.2191 0.3611, -1.1811 0.2133 0.3635, -1.1811 0.2032 0.4121, -1.1811 0.3441 0.3976, -1.1811 0.2297 0.4574, -1.1811 0.359 0.4112, -1.1811 0.3772 0.4209, -1.1811 0.2244 0.3574, -1.1811 0.0633 0.3734, -1.1811 0.0803 0.3498, -1.1811 -0.0005 0.3108, -1.1811 0.102 0.4375, -1.1811 0.106 0.4539, -1.1811 0.1126 0.4661, -1.1811 0.5376 0.4661, -1.1811 0.0526 0.4587, -1.1811 0.0487 0.4309, -1.1811 0.0526 0.4004, -1.1811 0.2066 0.3643, -1.1811 0.2058 0.3642, -1.1811 0.2033 0.3637, -1.1811 0.5326 0.4149, -1.1811 0.5223 0.3975, -1.1811 0.479 0.3887, -1.1811 0.507 0.3817, -1.1811 0.4884 0.3703, -1.1811 0.4474 0.4169, -1.1811 0.4649 0.4048, -1.1811 0.5397 0.4488, -1.1811 0.5387 0.4358, -1.1811 0.4285 0.4241, -1.1811 0.4082 0.4266, -1.1811 0.3978 0.426, -1.1811 0.1035 0.3301, -1.1811 0.1296 0.3174, -1.1811 0.158 0.3114, -1.1811 0.2331 0.3378, -1.1811 0.2329 0.3412, -1.1811 0.3228 0.3489, -1.1811 0.2312 0.3477, -1.1811 0.2279 0.3535, -1.1811 0.1189 0.3849, -1.1811 0.1095 0.3982, -1.1811 0.1037 0.4135, -1.1811 0.1016 0.4301, -1.1811 0.2084 0.3114, -1.1811 0.2132 0.3121, -1.1811 0.2188 0.3144, -1.1811 0.2244 0.3183, -1.1811 0.2263 0.3203, -1.1811 0.2301 0.3257, -1.1811 0.2323 0.3315, -1.1811 0.3232 0.3316, -1.1811 0.3228 0.3404, -1.1811 0.2015 0.3635, -1.1811 0.1631 0.3635, -1.1811 0.1478 0.3664, -1.1811 0.1328 0.3733, -1.1811 0.1201 0.3836, -1.1811 0.1934 0.5479, -1.1811 0.2127 0.5709, -1.1811 0.409 0.5214, -1.1811 0.2149 0.573, -1.1811 0.2389 0.5896, -1.1811 0.396 0.5484, -1.1811 0.4152 0.5248, -1.1811 0.4344 0.5318, -1.1811 0.1139 0.4686, -1.1811 0.1239 0.4797, -1.1811 0.1682 0.4967, -1.1811 0.1371 0.4889, -1.1811 0.152 0.4947, -1.1811 0.1751 0.4967, -1.1811 0.1803 0.5204, -1.1811 0.4842 0.5288, -1.1811 0.5032 0.5187, -1.1811 0.4631 0.5338, -1.1811 0.518 0.5056, -1.1811 0.5298 0.4885, -1.1811 0.3769 0.5713, -1.1811 0.2657 0.5999, -1.1811 0.3539 0.5881, -1.1811 0.2946 0.6034, -1.1811 0.326 0.5994, -1.1811 0.4543 0.5342, -1.1811 0.5371 0.4695, -1.1811 -0.4469 0.3255, -1.1811 -0.4469 0.3118, -1.1811 -0.4583 0.3108, -1.1811 -0.4203 0.3108, -1.1811 -0.4442 0.4181, -1.1811 -0.4583 0.4661, -1.1811 -0.4203 0.3255, -1.1811 -0.4408 0.3659, -1.1811 -0.4408 0.3796, -1.1811 -0.4203 0.3796, -1.1811 -0.4203 0.3659, -1.1811 -0.3978 0.3659, -1.1811 -0.3978 0.3255, -1.1811 -0.4203 0.4181, -1.1811 -0.3978 0.4181, -1.1811 -0.3978 0.3796, -1.1811 -0.4203 0.3118, -1.1811 -0.3823 0.3118, -1.1811 -0.3319 0.3108, -1.1811 -0.3661 0.3976, -1.1811 -0.323 0.3331, -1.1811 -0.3248 0.326, -1.1811 -0.3252 0.326, -1.1811 -0.3078 0.4661, -1.1811 -0.3823 0.4319, -1.1811 -0.4203 0.4661, -1.1811 -0.4203 0.4319, -1.1811 -0.4442 0.4319, -1.1811 -0.3259 0.329, -1.1811 -0.3271 0.333, -1.1811 -0.3078 0.3767, -1.1811 -0.3505 0.3976, -1.1811 -0.2027 0.3108, -1.1811 -0.218 0.3148, -1.1811 -0.218 0.3303, -1.1811 -0.2181 0.3744, -1.1811 -0.2187 0.3798, -1.1811 -0.2027 0.4661, -1.1811 -0.2204 0.364, -1.1811 -0.2187 0.3686, -1.1811 -0.2247 0.3263, -1.1811 -0.225 0.3262, -1.1811 -0.225 0.3582, -1.1811 -0.2224 0.3608, -1.1811 -0.2248 0.3583, -1.1811 -0.225 0.3123, -1.1811 -0.225 0.3108, -1.1811 -0.2286 0.3111, -1.1811 -0.2315 0.3108, -1.1811 -0.2413 0.3098, -1.1811 -0.225 0.2632, -1.1811 -0.2718 0.3957, -1.1811 -0.2718 0.3811, -1.1811 -0.2277 0.3927, -1.1811 -0.2314 0.395, -1.1811 -0.225 0.4661, -1.1811 -0.2205 0.3846, -1.1811 -0.2232 0.3887, -1.1811 -0.225 0.3902, -1.1811 -0.2752 0.3291, -1.1811 -0.2734 0.3243, -1.1811 -0.2706 0.3203, -1.1811 -0.2395 0.3981, -1.1811 -0.2515 0.3995, -1.1811 -0.2798 0.4661, -1.1811 -0.262 0.3986, -1.1811 -0.2709 0.3493, -1.1811 -0.2737 0.3452, -1.1811 -0.2753 0.3407, -1.1811 -0.2759 0.3351, -1.1811 -0.2663 0.3166, -1.1811 -0.2628 0.3144, -1.1811 -0.25 0.3873, -1.1811 -0.2456 0.387, -1.1811 -0.2336 0.3758, -1.1811 -0.2415 0.3859, -1.1811 -0.2382 0.3841, -1.1811 -0.2337 0.3738, -1.1811 -0.2343 0.3714, -1.1811 -0.2354 0.3694, -1.1811 -0.2369 0.3678, -1.1811 -0.2422 0.3645, -1.1811 -0.259 0.3864, -1.1811 -0.2515 0.3604, -1.1811 -0.2676 0.3835, -1.1811 -0.2573 0.3581, -1.1811 -0.2673 0.3525, -1.1811 -0.2359 0.3821, -1.1811 -0.2346 0.3802, -1.1811 -0.2339 0.3782, -1.1811 -0.2341 0.323, -1.1811 -0.2409 0.3495, -1.1811 -0.2319 0.3536, -1.1811 -0.2427 0.322, -1.1811 -0.2434 0.322, -1.1811 -0.2507 0.3453, -1.1811 -0.2511 0.3229, -1.1811 -0.2605 0.3336, -1.1811 -0.2603 0.3355, -1.1811 -0.255 0.3243, -1.1811 -0.2564 0.3252, -1.1811 -0.2581 0.3267, -1.1811 -0.2594 0.3286, -1.1811 -0.2602 0.3308, -1.1811 -0.2597 0.3379, -1.1811 -0.2585 0.3399, -1.1811 -0.2566 0.3418, -1.1811 -0.5023 0.5352, -1.1811 -0.4583 0.5352, -1.1811 -0.5146 0.5023, -1.1811 -0.5317 0.5023, -1.1811 -0.5707 0.4661, -1.1811 -0.486 0.6224, -1.1811 -0.4236 0.5023, -1.1811 -0.4408 0.5023, -1.1811 -0.4523 0.5352, -1.1811 -0.2798 0.6234, -1.1811 -0.2938 0.6224, -1.1811 -0.3078 0.6234, -1.1811 -0.2938 0.6086, -1.1811 -0.2904 0.5702, -1.1811 -0.2904 0.5564, -1.1811 -0.2474 0.5564, -1.1811 -0.2474 0.516, -1.1811 -0.2798 0.516, -1.1811 -0.2798 0.6086, -1.1811 -0.2798 0.5702, -1.1811 -0.2474 0.6086, -1.1811 -0.2474 0.5702, -1.1811 -0.2319 0.5023, -1.1811 -0.2798 0.5023, -1.1811 -0.2965 0.5023, -1.1811 -0.2965 0.516, -1.1811 -0.2798 0.5564, -1.1811 -0.225 0.6234, -1.1811 -0.2319 0.6224, -1.1811 -0.2798 0.6224, -1.1811 -0.5707 0.0, -1.1811 -0.9316 0.2632, -1.1811 -0.2798 0.0, -1.1811 -0.2798 0.2632, -1.1811 -0.3078 0.0, -1.1811 -0.3078 0.2632, -1.1811 -0.4203 0.0, -1.1811 -0.4203 0.2632, -1.1811 -0.4583 0.0, -1.1811 -0.4583 0.2632, -1.1811 -0.5707 0.2632, -1.1811 -0.2027 0.2632, -1.1811 -0.2027 0.0, -1.1811 -0.225 0.0, -1.1811 -0.1233 0.2632, -1.1811 -0.1233 0.0, -1.1811 -0.1161 0.2632, -1.1811 -0.1161 0.0, -1.1811 0.0 0.9843, -1.1811 0.1427 0.9824, -1.1811 0.3567 0.9722, -1.1811 0.5703 0.9511, -1.1811 0.7126 0.9297, -1.1811 0.8191 0.9089, -1.1811 0.9776 0.8694, -1.1811 -0.0005 0.9842, -1.1811 -0.1161 0.8194, -1.1811 -0.1161 0.9821, -1.1811 -0.1233 0.8194, -1.1811 -0.1233 0.982, -1.1811 -0.2027 0.8194, -1.1811 -0.2027 0.9805, -1.1811 -0.225 0.8194, -1.1811 -0.225 0.9791, -1.1811 -0.2798 0.8194, -1.1811 -0.2798 0.9757, -1.1811 -0.3078 0.8194, -1.1811 -0.3078 0.974, -1.1811 -0.4203 0.8194, -1.1811 -0.4203 0.9671, -1.1811 -0.4583 0.8194, -1.1811 -0.4583 0.9631, -1.1811 -0.5707 0.8194, -1.1811 -0.5707 0.9511, -1.1811 -0.7528 0.9223, -1.1811 -0.2027 0.6234, -1.1811 -0.2027 0.621, -1.1811 -0.2079 0.6195, -1.1811 -0.2079 0.6033, -1.1811 -0.2027 0.5053, -1.1811 -0.2058 0.5063, -1.1811 -0.2079 0.5073, -1.1811 -0.2079 0.5221, -1.1811 -0.1825 0.5143, -1.1811 -0.1961 0.5168, -1.1811 -0.2027 0.6055, -1.1811 -0.2027 0.5198, -1.1811 -0.2065 0.604, -1.1811 -0.1796 0.6104, -1.1811 -0.1342 0.561, -1.1811 -0.1943 0.6087, -1.1811 -0.1731 0.6101, -1.1811 -0.1629 0.6077, -1.1811 -0.1536 0.603, -1.1811 -0.1345 0.5547, -1.1811 -0.1367 0.5431, -1.1811 -0.1409 0.5336, -1.1811 -0.1468 0.5971, -1.1811 -0.1403 0.588, -1.1811 -0.1362 0.5776, -1.1811 -0.146 0.5268, -1.1811 -0.1484 0.5244, -1.1811 -0.1562 0.5189, -1.1811 -0.1648 0.5156, -1.1811 -0.1769 0.5141, -1.1811 -0.1795 0.6244, -1.1811 -0.1923 0.6234, -1.1811 -0.1952 0.6232, -1.1811 -0.1266 0.5954, -1.1811 -0.1353 0.6068, -1.1811 -0.1382 0.6096, -1.1811 -0.1494 0.6174, -1.1811 -0.1161 0.6234, -1.1811 -0.1209 0.582, -1.1811 -0.1233 0.5877, -1.1811 -0.1179 0.5601, -1.1811 -0.1182 0.5664, -1.1811 -0.143 0.5087, -1.1811 -0.1334 0.5167, -1.1811 -0.1543 0.5033, -1.1811 -0.1252 0.5279, -1.1811 -0.1233 0.5329, -1.1811 -0.1203 0.5405, -1.1811 -0.1929 0.502, -1.1811 -0.1746 0.5003, -1.1811 -0.1674 0.5006, -1.1811 -0.1343 0.3521, -1.1811 -0.1371 0.3769, -1.1811 -0.1312 0.3472, -1.1811 -0.1294 0.3417, -1.1811 -0.1976 0.3118, -1.1811 -0.1826 0.3118, -1.1811 -0.1703 0.3868, -1.1811 -0.1652 0.3873, -1.1811 -0.1571 0.3627, -1.1811 -0.1961 0.3796, -1.1811 -0.1976 0.367, -1.1811 -0.1387 0.3562, -1.1811 -0.1447 0.3595, -1.1811 -0.1474 0.3835, -1.1811 -0.1569 0.3865, -1.1811 -0.1472 0.3108, -1.1811 -0.1469 0.3108, -1.1811 -0.1411 0.313, -1.1811 -0.1361 0.3165, -1.1811 -0.1371 0.3915, -1.1811 -0.1287 0.3347, -1.1811 -0.1296 0.3273, -1.1811 -0.1826 0.325, -1.1811 -0.1822 0.325, -1.1811 -0.1794 0.3209, -1.1811 -0.1746 0.316, -1.1811 -0.1347 0.3178, -1.1811 -0.1315 0.3223, -1.1811 -0.1826 0.3663, -1.1811 -0.182 0.3729, -1.1811 -0.1805 0.3783, -1.1811 -0.1787 0.3814, -1.1811 -0.1401 0.3933, -1.1811 -0.1513 0.3977, -1.1811 -0.1666 0.3995, -1.1811 -0.177 0.3984, -1.1811 -0.183 0.3963, -1.1811 -0.1878 0.3933, -1.1811 -0.1905 0.3907, -1.1811 -0.1937 0.3861, -1.1811 -0.1765 0.3838, -1.1811 -0.1738 0.3855, -1.1811 -0.1641 0.3108, -1.1811 -0.1639 0.3107, -1.1811 -0.1559 0.3098, -1.1811 -0.3078 0.3108, -1.1811 -0.3078 0.3363, -1.1811 -0.2838 0.3976, -1.1811 -0.3006 0.3976, -1.1811 -0.3174 0.312, -1.1811 -0.3169 0.3108, -1.1811 -0.3108 0.2964, -1.1811 -0.2869 0.2726, -1.1811 -0.2869 0.286, -1.1811 -0.305 0.2877, -1.1811 -0.3078 0.2908, -1.1811 -0.3078 0.291, -1.1811 -0.2899 0.285, -1.1811 -0.2954 0.2843, -1.1811 -0.3078 0.2741, -1.1811 -0.3026 0.2721, -1.1811 -0.2966 0.2714, -1.1811 -0.2932 0.2715, -1.1811 -0.2994 0.2848, -1.1811 -0.3026 0.2861, -1.1811 -0.3272 0.2988, -1.1811 -0.3204 0.2856, -1.1811 -0.3148 0.2789, -1.1811 -0.3138 0.278, -1.1811 -0.3086 0.2743, -1.1811 -1.1811 -1.378, -1.1811 -1.1811 0.2632, -1.1811 -1.1811 0.8009, -1.1811 -1.1321 0.8194, -1.1811 -1.1811 0.6234, -1.1811 -1.1811 0.4661, -1.1811 -1.1811 0.3108, -1.1811 -0.9316 0.3108, -1.1811 -0.5912 0.3118, -1.1811 -0.574 0.3118, -1.1811 -0.5707 0.3108, -1.1811 -0.665 0.3118, -1.1811 -0.6527 0.3446, -1.1811 -0.6027 0.3446, -1.1811 -0.6198 0.4319, -1.1811 -0.6364 0.4319, -1.1811 -0.6821 0.3118, -1.1811 -0.4583 0.6234, -1.1811 -0.4694 0.6224, -1.1811 -0.4583 0.5932, -1.1811 -0.5609 0.4014, -1.1811 -0.5654 0.39, -1.1811 -0.5674 0.3734, -1.1811 -0.567 0.3657, -1.1811 -0.5641 0.3517, -1.1811 -0.5582 0.3392, -1.1811 -0.5493 0.3286, -1.1811 -0.5368 0.3196, -1.1811 -0.5231 0.3143, -1.1811 -0.5026 0.3118, -1.1811 -0.4696 0.3118, -1.1811 -0.4696 0.4319, -1.1811 -0.5039 0.4319, -1.1811 -0.5222 0.4299, -1.1811 -0.5367 0.4246, -1.1811 -0.5493 0.416, -1.1811 -0.5535 0.4119, -1.1811 -0.3192 0.5023, -1.1811 -0.4105 0.592, -1.1811 -0.4166 0.5563, -1.1811 -0.4137 0.5422, -1.1811 -0.4078 0.5298, -1.1811 -0.3989 0.5191, -1.1811 -0.3864 0.5102, -1.1811 -0.3727 0.5048, -1.1811 -0.3522 0.5023, -1.1811 -0.3192 0.6224, -1.1811 -0.3535 0.6224, -1.1811 -0.3718 0.6204, -1.1811 -0.3863 0.6151, -1.1811 -0.3989 0.6065, -1.1811 -0.4031 0.6024, -1.1811 -0.1699 0.3129, -1.1811 -0.1143 0.3255, -1.1811 -0.1143 0.3118, -1.1811 -0.1161 0.3108, -1.1811 -0.0497 0.3118, -1.1811 -0.1116 0.4181, -1.1811 -0.0497 0.4319, -1.1811 -0.1116 0.4319, -1.1811 -0.0652 0.3659, -1.1811 -0.0652 0.3255, -1.1811 -0.1081 0.3659, -1.1811 -0.1081 0.3796, -1.1811 -0.0652 0.3796, -1.1811 -0.0652 0.4181, -1.1811 -0.0497 0.5023, -1.1811 -0.0497 0.6224, -1.1811 -0.113 0.5023, -1.1811 -0.1794 0.6244, 1.1811 0.8268 0.0, 1.1811 -0.8268 0.0, 0.8268 0.8268 0.0, 0.8268 -0.8268 0.0, -0.3073 0.7675 0.0, -0.8268 0.8268 0.0, -0.1564 0.8118 0.0, 0.0 0.8268 0.0, -0.447 0.6955 0.0, -0.5705 0.5984 0.0, -0.6734 0.4796 0.0, -0.752 0.3435 0.0, -0.8034 0.1949 0.0, -0.8258 0.0393 0.0, -0.8183 -0.1177 0.0, -0.7813 -0.2704 0.0, -0.716 -0.4134 0.0, -0.6248 -0.5414 0.0, -0.8268 -0.8268 0.0, -0.5111 -0.6499 0.0, -0.8268 -1.1811 0.0, -0.3788 -0.7349 0.0, 0.716 -0.4134 0.0, 0.7813 -0.2704 0.0, 0.8184 -0.1177 0.0, 0.8259 0.0393 0.0, 0.8035 0.1949 0.0, 0.7521 0.3435 0.0, 0.2329 -0.7933 0.0, 0.3789 -0.7349 0.0, 0.8268 -1.1811 0.0, 0.5111 -0.6499 0.0, 0.6249 -0.5414 0.0, -0.8268 1.1811 0.0, 0.8268 1.1811 0.0, 0.1565 0.8118 0.0, 0.3073 0.7675 0.0, -0.2329 -0.7933 0.0, -0.0786 -0.823 0.0, 0.0786 -0.823 0.0, 0.6735 0.4796 0.0, 0.5706 0.5984 0.0, 0.447 0.6955 0.0, -0.8268 1.1811 -1.378, 0.8125 1.1811 0.9103, 0.8132 1.1811 0.9102, 0.8525 1.1811 0.9015, 0.8897 1.1811 0.8921, 0.9672 1.1811 0.8724, 1.0109 1.1811 0.8589, 1.0756 1.1811 0.8391, 1.1811 1.1811 -1.378, 0.8268 1.1811 -1.378, 1.1811 1.1811 0.8009, 1.0787 1.1811 0.8381, -1.0869 1.1811 0.8349, -1.0678 1.1811 0.8418, -0.7376 1.1811 0.9245, -0.6976 1.1811 0.9322, -1.0106 1.1811 0.8589, -0.9498 1.1811 0.8772, -0.9002 1.1811 0.8893, 0.284 1.1811 0.9767, 0.3288 1.1811 0.9736, 0.421 1.1811 0.9671, 0.4513 1.1811 0.9639, 0.5547 1.1811 0.9531, 0.5632 1.1811 0.9519, 0.583 1.1811 0.949, 0.6851 1.1811 0.9343, 0.7277 1.1811 0.9263, -0.8266 1.1811 0.9073, -0.8122 1.1811 0.9101, -0.1497 1.1811 0.9822, -0.1103 1.1811 0.9827, 0.0997 1.1811 0.9829, 0.1437 1.1811 0.9824, 0.2124 1.1811 0.9796, -0.6445 1.1811 0.9408, -0.5933 1.1811 0.9473, -0.5588 1.1811 0.9517, 0.0 1.1811 0.9843, -0.3384 1.1811 0.9732, -0.3244 1.1811 0.9743, -0.2227 1.1811 0.9789, -0.4892 1.1811 0.9606, -0.4612 1.1811 0.9629, 0.8268 -1.1811 -1.378, 1.1811 -1.1811 -1.378, 1.1811 -1.1811 0.8009, -0.8125 -1.1811 0.9103, -0.8132 -1.1811 0.9102, -0.8524 -1.1811 0.9015, -0.8896 -1.1811 0.8921, -0.9672 -1.1811 0.8724, -1.0109 -1.1811 0.8589, -1.0756 -1.1811 0.8391, 0.8267 -1.1811 0.9073, 0.8122 -1.1811 0.9101, 0.7275 -1.1811 0.9265, -0.583 -1.1811 0.949, -0.6851 -1.1811 0.9343, -0.7276 -1.1811 0.9263, -0.8268 -1.1811 -1.378, -1.0787 -1.1811 0.8381, 1.0758 -1.1811 0.8389, 1.0678 -1.1811 0.8418, 1.0107 -1.1811 0.8589, 0.9498 -1.1811 0.8772, 0.8899 -1.1811 0.8918, -0.284 -1.1811 0.9767, -0.3287 -1.1811 0.9736, -0.421 -1.1811 0.9671, -0.4513 -1.1811 0.9639, -0.5546 -1.1811 0.9531, -0.5632 -1.1811 0.9519, 0.6976 -1.1811 0.9322, 0.6445 -1.1811 0.9408, 0.5836 -1.1811 0.9485, 0.5588 -1.1811 0.9517, 0.4893 -1.1811 0.9606, 0.4516 -1.1811 0.9637, 0.3284 -1.1811 0.974, 0.3245 -1.1811 0.9743, 0.2125 -1.1811 0.9794, -0.0997 -1.1811 0.9829, -0.1437 -1.1811 0.9824, -0.2123 -1.1811 0.9796, 0.1497 -1.1811 0.9822, 0.0997 -1.1811 0.9829, 0.0 -1.1811 0.9843, 1.1811 0.8268 -1.378, 1.1811 -0.8125 0.9103, 1.1811 -0.8132 0.9102, 1.1811 -0.8525 0.9015, 1.1811 -0.8897 0.8921, 1.1811 -0.9672 0.8724, 1.1811 -1.0109 0.8589, 1.1811 -1.0756 0.8391, 1.1811 -0.5546 0.9531, 1.1811 -0.5632 0.9519, 1.1811 -0.583 0.949, 1.1811 -0.8268 -1.378, 1.1811 -1.0787 0.8381, 1.1811 -0.6851 0.9343, 1.1811 -0.7277 0.9263, 1.1811 1.0758 0.8389, 1.1811 1.0678 0.8418, 1.1811 1.0107 0.8589, 1.1811 0.9498 0.8772, 1.1811 0.8899 0.8918, 1.1811 0.8266 0.9073, 1.1811 0.4516 0.9637, 1.1811 0.4893 0.9606, 1.1811 0.5588 0.9517, 1.1811 0.8122 0.9101, 1.1811 0.7275 0.9265, 1.1811 0.6976 0.9322, 1.1811 0.3284 0.974, 1.1811 0.3245 0.9743, 1.1811 0.2125 0.9794, 1.1811 -0.284 0.9767, 1.1811 -0.3288 0.9736, 1.1811 0.6445 0.9408, 1.1811 0.5836 0.9485, 1.1811 -0.421 0.9671, 1.1811 -0.4513 0.9639, 1.1811 -0.0997 0.9829, 1.1811 -0.1437 0.9824, 1.1811 -0.2124 0.9796, 1.1811 0.1497 0.9822, 1.1811 0.0997 0.9829, 1.1811 0.0 0.9843, 0.8268 -0.8268 -1.378, 0.8268 0.8268 -1.378, -0.8268 0.8268 -1.378, -0.8268 -0.8268 -1.378, 1.1811 0.8326 2.9149, 1.1811 0.8828 2.7606, 1.1811 1.1811 3.5568, 1.1811 0.9046 2.5997, 1.1811 1.1811 1.5613, 1.1811 0.8973 2.4375, 1.1811 0.8612 2.2792, 1.1811 -0.6445 1.4214, 1.1811 -0.5836 1.4137, 1.1811 -0.4644 1.7817, 1.1811 0.583 1.4132, 1.1811 0.6851 1.4279, 1.1811 0.4644 1.7817, 1.1811 -0.2125 1.3828, 1.1811 -0.1497 1.38, 1.1811 -0.1617 1.6681, 1.1811 -0.0997 1.3793, 1.1811 0.0 1.6535, 1.1811 0.0 1.378, 1.1811 0.1617 1.6681, 1.1811 0.0997 1.3793, 1.1811 0.1437 1.3798, 1.1811 -0.3245 1.3879, 1.1811 -0.3182 1.7113, 1.1811 -0.3284 1.3882, 1.1811 0.5958 1.8771, 1.1811 0.9672 1.4898, 1.1811 0.708 1.9945, 1.1811 1.0109 1.5033, 1.1811 1.0756 1.5231, 1.1811 0.8125 1.4519, 1.1811 0.8132 1.452, 1.1811 0.2124 1.3826, 1.1811 0.284 1.3855, 1.1811 0.3182 1.7113, 1.1811 0.3288 1.3886, 1.1811 0.421 1.3951, 1.1811 -0.5588 1.4105, 1.1811 -0.4893 1.4016, 1.1811 -0.4516 1.3985, 1.1811 -0.5958 1.8771, 1.1811 -0.7275 1.4357, 1.1811 -0.6976 1.43, 1.1811 -1.0758 1.5233, 1.1811 -0.708 1.9945, 1.1811 -1.1811 1.5613, 1.1811 -0.7974 2.13, 1.1811 -0.8612 2.2792, 1.1811 0.0 3.7402, 1.1811 -0.0812 3.4609, 1.1811 0.0812 3.4609, 1.1811 0.7974 2.13, 1.1811 1.0787 1.5241, 1.1811 -0.8973 2.4375, 1.1811 -0.9046 2.5997, 1.1811 -1.1811 3.5568, 1.1811 -0.8828 2.7606, 1.1811 -0.4513 3.7198, 1.1811 -0.3929 3.3749, 1.1811 -0.421 3.723, 1.1811 -0.2409 3.4319, 1.1811 -0.3288 3.7295, 1.1811 -0.284 3.7326, 1.1811 0.5322 3.2916, 1.1811 0.7275 3.6824, 1.1811 0.6976 3.6882, 1.1811 1.0758 3.5948, 1.1811 0.6545 3.1848, 1.1811 0.7557 3.0579, 1.1811 0.7277 1.4359, 1.1811 0.8525 1.4607, 1.1811 0.8897 1.4702, 1.1811 0.4513 1.3983, 1.1811 0.5546 1.4091, 1.1811 0.5632 1.4103, 1.1811 -0.8899 1.4704, 1.1811 -0.8266 1.4549, 1.1811 -0.8122 1.4521, 1.1811 -1.0678 1.5204, 1.1811 -1.0107 1.5033, 1.1811 -0.9498 1.485, 1.1811 -0.0997 3.7389, 1.1811 -0.1437 3.7383, 1.1811 -0.2124 3.7355, 1.1811 0.3245 3.7302, 1.1811 0.2125 3.7353, 1.1811 0.2409 3.4319, 1.1811 0.1497 3.7381, 1.1811 0.0997 3.7388, 1.1811 0.5588 3.7076, 1.1811 0.3929 3.3749, 1.1811 0.5836 3.7044, 1.1811 0.6445 3.6967, 1.1811 0.4893 3.7165, 1.1811 0.4516 3.7196, 1.1811 0.3284 3.7299, 1.1811 1.0678 3.5977, 1.1811 1.0107 3.6148, 1.1811 0.9498 3.6331, 1.1811 0.8899 3.6477, 1.1811 0.8266 3.6632, 1.1811 0.8122 3.666, 1.1811 -0.6851 3.6903, 1.1811 -0.7277 3.6822, 1.1811 -0.5322 3.2916, 1.1811 -0.8125 3.6662, 1.1811 -0.6545 3.1848, 1.1811 -0.8132 3.6661, 1.1811 -0.8525 3.6574, 1.1811 -0.5546 3.709, 1.1811 -0.5632 3.7078, 1.1811 -0.583 3.7049, 1.1811 -0.8897 3.648, 1.1811 -0.9672 3.6283, 1.1811 -1.0109 3.6149, 1.1811 -0.8326 2.9149, 1.1811 -0.7557 3.0579, 1.1811 -1.0787 3.594, 1.1811 -1.0756 3.595, 0.8125 -1.1811 1.4519, 0.8132 -1.1811 1.452, 0.3245 -1.1811 3.7302, 0.8525 -1.1811 1.4607, -0.7276 -1.1811 3.6822, -0.8125 -1.1811 3.6662, -0.3244 -1.1811 1.3879, -0.8132 -1.1811 3.6661, -0.8524 -1.1811 3.6574, -1.0109 -1.1811 3.6149, -0.3283 -1.1811 1.3882, -0.9672 -1.1811 3.6283, -0.8896 -1.1811 3.648, 0.2125 -1.1811 3.7353, 0.6851 -1.1811 1.4279, 0.7277 -1.1811 1.4359, -0.6851 -1.1811 3.6903, -0.2125 -1.1811 1.3828, -0.583 -1.1811 3.7049, -0.4513 -1.1811 3.7198, -0.421 -1.1811 3.723, -0.1497 -1.1811 1.38, -1.1811 -1.1811 3.5568, -1.1811 -1.1811 1.5613, -1.0787 -1.1811 3.594, -1.0758 -1.1811 1.5233, -1.0678 -1.1811 1.5204, -1.0756 -1.1811 3.595, -0.7275 -1.1811 1.4357, -0.6976 -1.1811 1.43, 1.0787 -1.1811 1.5241, 1.0758 -1.1811 3.5948, 1.0756 -1.1811 1.5231, 1.0678 -1.1811 3.5977, 1.0107 -1.1811 3.6148, 0.5547 -1.1811 1.4091, 0.5632 -1.1811 1.4103, 0.583 -1.1811 1.4132, -0.5546 -1.1811 3.709, -0.5632 -1.1811 3.7078, -1.0106 -1.1811 1.5033, -0.9498 -1.1811 1.485, -0.8899 -1.1811 1.4704, -0.6445 -1.1811 1.4214, -0.5836 -1.1811 1.4137, -0.5588 -1.1811 1.4105, 0.9498 -1.1811 3.6331, 0.8899 -1.1811 3.6477, 0.8267 -1.1811 3.6632, 0.8897 -1.1811 1.4702, 0.9672 -1.1811 1.4898, 0.3284 -1.1811 3.7299, 1.0109 -1.1811 1.5033, 0.4516 -1.1811 3.7196, 0.4893 -1.1811 3.7165, 0.5588 -1.1811 3.7076, -0.0997 -1.1811 1.3793, -0.0997 -1.1811 3.7389, -0.1437 -1.1811 3.7383, -0.2123 -1.1811 3.7355, -0.284 -1.1811 3.7326, -0.3287 -1.1811 3.7295, 0.0 -1.1811 3.7402, 0.0 -1.1811 1.378, 0.0997 -1.1811 3.7388, 0.0997 -1.1811 1.3793, 0.1437 -1.1811 1.3798, -0.8266 -1.1811 1.4549, -0.8122 -1.1811 1.4521, -0.4892 -1.1811 1.4016, -0.4515 -1.1811 1.3985, 0.8122 -1.1811 3.666, 0.7275 -1.1811 3.6824, 0.6976 -1.1811 3.6882, 0.2124 -1.1811 1.3826, 0.284 -1.1811 1.3855, 0.1497 -1.1811 3.7381, 0.3288 -1.1811 1.3886, 0.421 -1.1811 1.3951, 0.4513 -1.1811 1.3983, 0.6445 -1.1811 3.6967, 0.5836 -1.1811 3.7044, -1.1811 0.8125 3.6662, -1.1811 0.8132 3.6661, -1.1811 0.3245 1.3879, -1.1811 0.8525 3.6574, -1.1811 -0.8125 1.4519, -1.1811 -0.8132 1.452, -1.1811 -0.3245 3.7302, -1.1811 -0.8525 1.4607, -1.1811 1.0109 3.6149, -1.1811 0.3262 1.388, -1.1811 0.9672 3.6283, -1.1811 0.8824 3.6498, -1.1811 0.5546 3.709, -1.1811 0.5632 3.7078, -1.1811 0.2112 1.3828, -1.1811 1.066 1.5199, -1.1811 1.0664 3.5978, -1.1811 1.0787 3.594, -1.1811 0.5789 3.7055, -1.1811 0.6851 3.6903, -1.1811 0.7222 3.6833, -1.1811 1.0678 1.5204, -1.1811 1.1811 3.5568, -1.1811 1.1811 1.5613, -1.1811 0.9498 1.485, -1.1811 0.8827 1.4687, -1.1811 0.722 1.4347, -1.1811 0.6976 1.43, -1.1811 -1.0756 1.5231, -1.1811 -0.7275 3.6824, -1.1811 -0.6976 3.6882, -1.1811 0.8266 1.4549, -1.1811 0.8122 1.4521, -1.1811 0.6445 1.4214, -1.1811 0.5795 1.4132, -1.1811 0.5588 1.4105, -1.1811 0.1437 3.7383, -1.1811 0.211 3.7356, -1.1811 0.0991 1.3793, -1.1811 0.284 3.7326, -1.1811 0.1497 1.38, -1.1811 0.3266 3.7296, -1.1811 0.421 3.723, -1.1811 0.4483 3.7201, -1.1811 -0.6445 3.6967, -1.1811 -0.5836 3.7044, -1.1811 -0.5588 3.7076, -1.1811 -0.8897 1.4702, -1.1811 -0.9672 1.4898, -1.1811 -0.3284 3.7299, -1.1811 -1.0109 1.5033, -1.1811 -0.4516 3.7196, -1.1811 -0.4893 3.7165, -1.1811 1.0107 1.5033, -1.1811 0.4893 1.4016, -1.1811 0.4486 1.3983, -1.1811 -0.2124 1.3826, -1.1811 -0.2125 3.7353, -1.1811 -0.1437 1.3798, -1.1811 -0.0997 1.3793, -1.1811 -0.1497 3.7381, -1.1811 -0.0997 3.7388, -1.1811 0.0 1.378, -1.1811 0.0 3.7402, -1.1811 0.099 3.7389, -1.1811 -1.0787 1.5241, -1.1811 -1.0758 3.5948, -1.1811 -1.0678 3.5977, -1.1811 -1.0107 3.6148, -1.1811 -0.9498 3.6331, -1.1811 -0.8899 3.6477, -1.1811 -0.8266 3.6632, -1.1811 -0.8122 3.666, -1.1811 -0.284 1.3855, -1.1811 -0.3288 1.3886, -1.1811 -0.421 1.3951, -1.1811 -0.4513 1.3983, -1.1811 -0.5546 1.4091, -1.1811 -0.5632 1.4103, -1.1811 -0.583 1.4132, -1.1811 -0.6851 1.4279, -1.1811 -0.7277 1.4359, -1.0866 1.1811 1.5269, -0.8125 1.1811 1.4519, -0.8132 1.1811 1.452, -0.3244 1.1811 3.7302, -0.8524 1.1811 1.4607, 1.0109 1.1811 3.6149, 0.3284 1.1811 1.3882, 0.9672 1.1811 3.6283, 0.3245 1.1811 1.3879, 0.8897 1.1811 3.648, 0.8525 1.1811 3.6574, -1.0869 1.1811 3.5908, -1.0678 1.1811 3.5977, -1.0106 1.1811 3.6148, -0.4612 1.1811 3.7188, -0.4892 1.1811 3.7165, -0.5588 1.1811 3.7076, 0.7277 1.1811 3.6822, 0.8125 1.1811 3.6662, 0.8132 1.1811 3.6661, -0.9 1.1811 1.4728, -0.9672 1.1811 1.4898, -1.0109 1.1811 1.5033, -0.3384 1.1811 3.7291, -1.0787 1.1811 1.5241, -0.9498 1.1811 3.6331, -0.9002 1.1811 3.6452, -0.8266 1.1811 3.6632, -0.8122 1.1811 3.666, -0.7376 1.1811 3.6804, -0.6976 1.1811 3.6882, 1.0758 1.1811 1.5233, 1.0678 1.1811 1.5204, 1.0107 1.1811 1.5033, 0.9498 1.1811 1.485, 0.8899 1.1811 1.4704, 0.7275 1.1811 1.4357, 0.6976 1.1811 1.43, 0.5588 1.1811 1.4105, 0.4893 1.1811 1.4016, 0.4516 1.1811 1.3985, -0.6445 1.1811 3.6967, -0.5933 1.1811 3.7032, -0.5546 1.1811 1.4091, -0.5632 1.1811 1.4103, -0.2227 1.1811 3.7348, -0.5929 1.1811 1.4146, -0.6851 1.1811 1.4279, -0.7377 1.1811 1.4378, 0.8267 1.1811 1.4549, 0.8122 1.1811 1.4521, 0.6445 1.1811 1.4214, 0.5836 1.1811 1.4137, 0.0997 1.1811 1.3793, 0.0997 1.1811 3.7389, 0.1437 1.1811 3.7383, 0.0 1.1811 3.7402, 0.0 1.1811 1.378, -0.1103 1.1811 3.7387, -0.1102 1.1811 1.3794, -0.1437 1.1811 1.3798, -0.2225 1.1811 1.383, -0.284 1.1811 1.3855, -0.1497 1.1811 3.7381, -0.3387 1.1811 1.3893, -0.421 1.1811 1.3951, -0.4612 1.1811 1.3993, 1.0787 1.1811 3.594, 1.0756 1.1811 3.595, 0.6851 1.1811 3.6903, 0.2125 1.1811 1.3828, 0.583 1.1811 3.7049, 0.2124 1.1811 3.7355, 0.284 1.1811 3.7326, 0.1497 1.1811 1.38, 0.3288 1.1811 3.7295, 0.421 1.1811 3.723, 0.4513 1.1811 3.7198, 0.5547 1.1811 3.709, 0.5632 1.1811 3.7078, -0.0786 0.823 0.9449, -0.1557 0.8082 0.9449, -0.2329 0.7933 0.9449, -0.3059 0.7641 0.9449, -0.3788 0.7349 0.9449, -0.4449 0.6924 0.9449, -0.5111 0.6499 0.9449, -0.5679 0.5957 0.9449, -0.6248 0.5414 0.9449, -0.6704 0.4774 0.9449, -0.716 0.4134 0.9449, -0.7486 0.3419 0.9449, -0.7813 0.2704 0.9449, -0.7998 0.194 0.9449, -0.8183 0.1177 0.9449, -0.8221 0.0392 0.9449, -0.8258 -0.0393 0.9449, -0.8146 -0.1171 0.9449, -0.8034 -0.1949 0.9449, -0.7777 -0.2692 0.9449, -0.752 -0.3435 0.9449, -0.7127 -0.4115 0.9449, -0.6734 -0.4796 0.9449, -0.622 -0.539 0.9449, -0.5705 -0.5984 0.9449, -0.5087 -0.6469 0.9449, -0.447 -0.6955 0.9449, -0.3771 -0.7315 0.9449, -0.3073 -0.7675 0.9449, -0.2319 -0.7897 0.9449, -0.1564 -0.8118 0.9449, -0.0782 -0.8193 0.9449, 0.0 -0.8268 0.9449, 0.0783 -0.8193 0.9449, 0.1565 -0.8118 0.9449, 0.2319 -0.7897 0.9449, 0.3073 -0.7675 0.9449, 0.3772 -0.7315 0.9449, 0.447 -0.6955 0.9449, 0.5088 -0.6469 0.9449, 0.5706 -0.5984 0.9449, 0.622 -0.539 0.9449, 0.6735 -0.4796 0.9449, 0.7128 -0.4115 0.9449, 0.7521 -0.3435 0.9449, 0.7778 -0.2692 0.9449, 0.8035 -0.1949 0.9449, 0.8147 -0.1171 0.9449, 0.8259 -0.0393 0.9449, 0.8221 0.0392 0.9449, 0.8184 0.1177 0.9449, 0.7998 0.194 0.9449, 0.7813 0.2704 0.9449, 0.7487 0.3419 0.9449, 0.716 0.4134 0.9449, 0.6704 0.4774 0.9449, 0.6249 0.5414 0.9449, 0.568 0.5957 0.9449, 0.5111 0.6499 0.9449, 0.445 0.6924 0.9449, 0.3789 0.7349 0.9449, 0.3059 0.7641 0.9449, 0.2329 0.7933 0.9449, 0.1558 0.8082 0.9449, 0.0786 0.823 0.9449, 0.0 0.8268 0.9449, -0.1505 -0.7809 0.9764, 0.0 -0.7953 0.9764, -0.155 -0.7796 0.9764, -0.2956 -0.7383 0.9764, -0.3039 -0.734 0.9764, -0.4299 -0.669 0.9764, -0.4411 -0.6603 0.9764, -0.5488 -0.5756 0.9764, -0.5611 -0.5613 0.9764, -0.6478 -0.4613 0.9764, -0.6596 -0.4409 0.9764, -0.7234 -0.3304 0.9764, -0.7326 -0.3036 0.9764, -0.7728 -0.1875 0.9764, -0.7775 -0.1548 0.9764, -0.7944 -0.0378 0.9764, -0.7926 -0.0001 0.9764, -0.7872 0.1132 0.9764, -0.7771 0.1545 0.9764, -0.7515 0.2601 0.9764, -0.7319 0.3031 0.9764, -0.6887 0.3976 0.9764, -0.6586 0.4399 0.9764, -0.601 0.5208 0.9764, -0.56 0.5599 0.9764, -0.4916 0.6251 0.9764, -0.4399 0.6583 0.9764, -0.3644 0.7069 0.9764, -0.303 0.7314 0.9764, -0.224 0.7631 0.9764, -0.1545 0.7765 0.9764, -0.0756 0.7917 0.9764, 0.0 0.7953 0.9764, 0.0756 0.7917 0.9764, 0.1545 0.7765 0.9764, 0.2241 0.7631 0.9764, 0.303 0.7314 0.9764, 0.3644 0.7069 0.9764, 0.44 0.6583 0.9764, 0.4916 0.6251 0.9764, 0.56 0.5599 0.9764, 0.6011 0.5208 0.9764, 0.6586 0.4399 0.9764, 0.6888 0.3976 0.9764, 0.7319 0.3031 0.9764, 0.7516 0.2601 0.9764, 0.7772 0.1545 0.9764, 0.7872 0.1132 0.9764, 0.7926 -0.0001 0.9764, 0.7944 -0.0378 0.9764, 0.7776 -0.1548 0.9764, 0.7729 -0.1875 0.9764, 0.7327 -0.3036 0.9764, 0.7234 -0.3304 0.9764, 0.6596 -0.4409 0.9764, 0.6478 -0.4613 0.9764, 0.5612 -0.5613 0.9764, 0.5488 -0.5756 0.9764, 0.4411 -0.6603 0.9764, 0.43 -0.669 0.9764, 0.304 -0.734 0.9764, 0.2956 -0.7383 0.9764, 0.155 -0.7796 0.9764, 0.1505 -0.7809 0.9764, -0.7599 -0.2344 1.6844, -0.7341 -0.3041 1.7068, 0.76 0.2344 1.6844, 0.7341 0.3041 1.7068, 0.04 0.7943 2.1242, 0.5624 0.5623 1.8493, 0.5268 0.5958 1.8771, 0.4419 0.6612 1.9404, 0.3623 0.708 1.9945, 0.3044 0.7347 2.0298, 0.2327 0.7605 2.0675, 0.1552 0.78 2.0991, 0.0795 0.7913 2.1188, 0.7289 0.3182 1.7113, 0.6975 0.3821 1.7381, 0.6602 0.4412 1.7694, 0.6456 0.4644 1.7817, 0.6055 0.5156 1.8147, 0.7787 0.1617 1.6681, 0.7797 0.1551 1.6672, 0.7914 0.0782 1.6569, 0.7953 0.0 1.6535, 0.7915 -0.0779 1.6569, 0.7599 -0.2348 1.6845, 0.7784 -0.1616 1.6684, 0.78 -0.1552 1.6669, 0.6445 -0.464 1.7825, 0.6613 -0.4418 1.7687, 0.6973 -0.3825 1.7383, 0.7282 -0.318 1.7118, 0.7348 -0.3043 1.7062, 0.2321 -0.7607 2.0678, 0.3044 -0.7347 2.0298, 0.3623 -0.708 1.9945, 0.4419 -0.6612 1.9404, 0.5268 -0.5958 1.8771, 0.5624 -0.5623 1.8493, 0.6057 -0.5153 1.8145, 0.0 -0.7953 2.1261, 0.0396 -0.7943 2.1243, 0.0982 -0.7892 2.1151, 0.1552 -0.78 2.0991, -0.5623 -0.5623 1.8493, -0.5268 -0.5958 1.8771, -0.4418 -0.6612 1.9404, -0.3623 -0.708 1.9945, -0.3043 -0.7347 2.0298, -0.2327 -0.7605 2.0675, -0.1551 -0.78 2.0991, -0.0792 -0.7913 2.1189, -0.0399 -0.7943 2.1242, -0.7288 -0.3182 1.7113, -0.6974 -0.3821 1.7381, -0.6602 -0.4412 1.7694, -0.6455 -0.4644 1.7817, -0.6055 -0.5156 1.8147, -0.7786 -0.1617 1.6681, -0.7796 -0.1551 1.6672, -0.7914 -0.078 1.6569, -0.7953 0.0 1.6535, -0.7914 0.0778 1.6569, -0.7598 0.2347 1.6845, -0.7783 0.1616 1.6684, -0.78 0.1552 1.6669, -0.6973 0.3824 1.7383, -0.7282 0.318 1.7118, -0.7347 0.3043 1.7062, -0.5268 0.5958 1.8771, -0.5623 0.5623 1.8493, -0.6057 0.5153 1.8145, -0.6445 0.464 1.7825, -0.6612 0.4418 1.7687, 0.0 0.7953 2.1261, -0.0399 0.7943 2.1242, -0.0983 0.7892 2.115, -0.1551 0.78 2.0991, -0.2323 0.7606 2.0677, -0.3043 0.7347 2.0298, -0.3623 0.708 1.9945, -0.4418 0.6612 1.9404, -0.9842 0.708 1.9945, -0.9842 0.7974 2.13, -0.9842 0.5958 1.8771, -0.9842 0.4644 1.7817, -0.9842 0.3182 1.7113, -0.9842 0.1617 1.6681, -0.9842 -0.1617 1.6681, -0.9842 0.0 1.6535, -0.9842 -0.3182 1.7113, -0.9842 -0.4644 1.7817, -0.9842 -0.5958 1.8771, -0.9842 -0.708 1.9945, -0.9842 -0.7974 2.13, -0.9842 0.8612 2.2792, -0.9842 0.8973 2.4375, -0.9842 0.9046 2.5997, -0.9842 0.8828 2.7606, -0.9842 0.8326 2.9149, -0.9842 0.7557 3.0579, -0.9842 0.6545 3.1848, -0.9842 0.5322 3.2916, -0.9842 0.3929 3.3749, -0.9842 0.2409 3.4319, -0.9842 0.0812 3.4609, -0.9842 -0.0812 3.4609, -0.9842 -0.2409 3.4319, -0.9842 -0.3929 3.3749, -0.9842 -0.5322 3.2916, -0.9842 -0.6545 3.1848, -0.9842 -0.7557 3.0579, -0.9842 -0.8326 2.9149, -0.9842 -0.8828 2.7606, -0.9842 -0.9046 2.5997, -0.9842 -0.8973 2.4375, -0.9842 -0.8612 2.2792, -0.9842 0.0 2.5591, -0.5867 1.1701 1.4103, -0.1096 1.176 1.378, -1.0531 1.1449 1.503, -1.1548 1.0422 1.503, -1.0645 0.9608 1.452, -1.1491 0.8578 1.452, -1.117 0.6823 1.4103, -1.1755 0.5756 1.4103, -1.0489 0.783 1.4103, -1.0607 0.5194 1.378, -1.1044 0.4187 1.378, -1.1385 0.3144 1.378, -1.177 0.0985 1.378, -1.1627 0.2074 1.378, -0.2183 1.1608 1.378, -0.3251 1.1355 1.378, -0.4291 1.1004 1.378, -0.5294 1.0558 1.378, -0.6927 1.1106 1.4103, -0.7928 1.0415 1.4103, -0.8686 1.141 1.452, -0.9707 1.0554 1.452, -0.8861 0.9634 1.4103, -0.9717 0.877 1.4103, -0.6251 1.0021 1.378, -0.7154 0.9398 1.378, -0.7995 0.8693 1.378, -0.8768 0.7913 1.378, -0.9465 0.7065 1.378, -1.0079 0.6156 1.378, 1.1502 1.0474 1.503, 1.174 0.5789 1.4103, 1.177 0.0992 1.378, 1.1625 0.2087 1.378, 1.138 0.3163 1.378, 1.1035 0.4212 1.378, 1.0593 0.5224 1.378, 1.1148 0.686 1.4103, 1.0459 0.7871 1.4103, 1.1458 0.8623 1.452, 1.0603 0.9655 1.452, 1.0474 1.1502 1.503, 0.9655 1.0603 1.452, 0.8623 1.1458 1.452, 0.686 1.1148 1.4103, 0.5789 1.174 1.4103, 0.7871 1.0459 1.4103, 0.5224 1.0593 1.378, 0.4212 1.1035 1.378, 0.3163 1.138 1.378, 0.0992 1.1769 1.378, 0.2087 1.1625 1.378, 0.9678 0.8813 1.4103, 0.8813 0.9678 1.4103, 1.0059 0.619 1.378, 0.9437 0.7102 1.378, 0.8733 0.7952 1.378, 0.7952 0.8733 1.378, 0.7102 0.9437 1.378, 0.619 1.0059 1.378, 0.8623 1.1458 3.6661, 0.0992 1.1769 3.7402, 1.1502 1.0474 3.6151, 1.0603 0.9655 3.6661, 1.174 0.5789 3.7078, 1.1148 0.686 3.7078, 1.1458 0.8623 3.6661, 1.0459 0.7871 3.7078, 1.0593 0.5224 3.7402, 1.1035 0.4212 3.7402, 1.138 0.3163 3.7402, 1.177 0.0992 3.7402, 1.1625 0.2087 3.7402, 0.2087 1.1625 3.7402, 0.3163 1.138 3.7402, 0.4212 1.1035 3.7402, 0.5224 1.0593 3.7402, 0.686 1.1148 3.7078, 0.5789 1.174 3.7078, 0.7871 1.0459 3.7078, 1.0474 1.1502 3.6151, 0.9655 1.0603 3.6661, 0.619 1.0059 3.7402, 0.7102 0.9437 3.7402, 1.0059 0.619 3.7402, 0.9437 0.7102 3.7402, 0.7952 0.8733 3.7402, 0.8813 0.9678 3.7078, 0.8733 0.7952 3.7402, 0.9678 0.8813 3.7078, -1.1491 0.8578 3.6661, -1.177 0.0985 3.7402, -1.1627 0.2074 3.7402, -1.1385 0.3144 3.7402, -1.1044 0.4187 3.7402, -1.0607 0.5194 3.7402, -1.117 0.6823 3.7078, -1.1755 0.5756 3.7078, -1.0489 0.783 3.7078, -1.1548 1.0422 3.6151, -1.0645 0.9608 3.6661, -1.0531 1.1449 3.6151, -0.9707 1.0554 3.6661, -0.5867 1.1701 3.7078, -0.6927 1.1106 3.7078, -0.8686 1.141 3.6661, -0.7928 1.0415 3.7078, -0.5294 1.0558 3.7402, -0.4291 1.1004 3.7402, -0.3251 1.1355 3.7402, -0.1096 1.176 3.7402, -0.2183 1.1608 3.7402, -1.0079 0.6156 3.7402, -0.9465 0.7065 3.7402, -0.6251 1.0021 3.7402, -0.7154 0.9398 3.7402, -0.8768 0.7913 3.7402, -0.9717 0.877 3.7078, -0.7995 0.8693 3.7402, -0.8861 0.9634 3.7078, -1.1502 -1.0474 1.503, -1.1739 -0.5789 1.4103, -1.1769 -0.0992 1.378, -1.0473 -1.1502 1.503, -0.9655 -1.0603 1.452, -0.8622 -1.1458 1.452, -0.6859 -1.1148 1.4103, -0.5789 -1.174 1.4103, -0.787 -1.0459 1.4103, -0.5223 -1.0593 1.378, -0.4211 -1.1035 1.378, -0.3163 -1.138 1.378, -0.0992 -1.1769 1.378, -0.2086 -1.1625 1.378, -1.1625 -0.2087 1.378, -1.1379 -0.3163 1.378, -1.1034 -0.4212 1.378, -1.0593 -0.5224 1.378, -1.1148 -0.686 1.4103, -1.0458 -0.7871 1.4103, -1.1458 -0.8623 1.452, -1.0602 -0.9655 1.452, -0.9678 -0.8813 1.4103, -0.8813 -0.9678 1.4103, -1.0059 -0.619 1.378, -0.9437 -0.7102 1.378, -0.8733 -0.7952 1.378, -0.7952 -0.8733 1.378, -0.7102 -0.9437 1.378, -0.619 -1.0059 1.378, -0.8622 -1.1458 3.6661, -0.0992 -1.1769 3.7402, -0.2086 -1.1625 3.7402, -0.3163 -1.138 3.7402, -0.4211 -1.1035 3.7402, -0.5223 -1.0593 3.7402, -0.6859 -1.1148 3.7078, -0.5789 -1.174 3.7078, -0.787 -1.0459 3.7078, -1.0473 -1.1502 3.6151, -0.9655 -1.0603 3.6661, -1.1502 -1.0474 3.6151, -1.0602 -0.9655 3.6661, -1.1739 -0.5789 3.7078, -1.1148 -0.686 3.7078, -1.1458 -0.8623 3.6661, -1.0458 -0.7871 3.7078, -1.0593 -0.5224 3.7402, -1.1034 -0.4212 3.7402, -1.1379 -0.3163 3.7402, -1.1769 -0.0992 3.7402, -1.1625 -0.2087 3.7402, -0.619 -1.0059 3.7402, -0.7102 -0.9437 3.7402, -1.0059 -0.619 3.7402, -0.9437 -0.7102 3.7402, -0.7952 -0.8733 3.7402, -0.8813 -0.9678 3.7078, -0.8733 -0.7952 3.7402, -0.9678 -0.8813 3.7078, 1.0474 -1.1502 1.503, 0.5789 -1.174 1.4103, 0.0992 -1.1769 1.378, 0.2087 -1.1625 1.378, 0.3163 -1.138 1.378, 0.4212 -1.1035 1.378, 0.5224 -1.0593 1.378, 0.686 -1.1148 1.4103, 0.7871 -1.0459 1.4103, 0.8623 -1.1458 1.452, 0.9655 -1.0603 1.452, 1.1502 -1.0474 1.503, 1.0603 -0.9655 1.452, 1.1458 -0.8623 1.452, 1.1148 -0.686 1.4103, 1.174 -0.5789 1.4103, 1.0459 -0.7871 1.4103, 1.0593 -0.5224 1.378, 1.1035 -0.4212 1.378, 1.138 -0.3163 1.378, 1.177 -0.0992 1.378, 1.1625 -0.2087 1.378, 0.8813 -0.9678 1.4103, 0.9678 -0.8813 1.4103, 0.619 -1.0059 1.378, 0.7102 -0.9437 1.378, 0.7952 -0.8733 1.378, 0.8733 -0.7952 1.378, 0.9437 -0.7102 1.378, 1.0059 -0.619 1.378, 1.1458 -0.8623 3.6661, 1.177 -0.0992 3.7402, 1.1625 -0.2087 3.7402, 1.138 -0.3163 3.7402, 1.1035 -0.4212 3.7402, 1.0593 -0.5224 3.7402, 1.1148 -0.686 3.7078, 1.174 -0.5789 3.7078, 1.0459 -0.7871 3.7078, 1.1502 -1.0474 3.6151, 1.0603 -0.9655 3.6661, 1.0474 -1.1502 3.6151, 0.9655 -1.0603 3.6661, 0.5789 -1.174 3.7078, 0.686 -1.1148 3.7078, 0.8623 -1.1458 3.6661, 0.7871 -1.0459 3.7078, 0.5224 -1.0593 3.7402, 0.4212 -1.1035 3.7402, 0.3163 -1.138 3.7402, 0.0992 -1.1769 3.7402, 0.2087 -1.1625 3.7402, 1.0059 -0.619 3.7402, 0.9437 -0.7102 3.7402, 0.619 -1.0059 3.7402, 0.7102 -0.9437 3.7402, 0.8733 -0.7952 3.7402, 0.9678 -0.8813 3.7078, 0.7952 -0.8733 3.7402, 0.8813 -0.9678 3.7078, -0.3515 1.024 1.378, -0.5153 0.9522 1.378, -1.0495 -0.2658 1.378, -1.079 -0.0894 1.378, -1.079 0.0894 1.378, -0.9915 -0.4349 1.378, -0.9064 -0.5922 1.378, 0.665 -0.8544 1.378, 0.7966 -0.7333 1.378, 0.9064 -0.5922 1.378, 0.9915 -0.4349 1.378, 1.0496 -0.2658 1.378, -0.9064 0.5922 1.378, -0.9915 0.4349 1.378, -0.665 -0.8544 1.378, -0.5153 -0.9522 1.378, -0.3515 -1.024 1.378, -0.1782 -1.0679 1.378, 0.1782 -1.0679 1.378, 0.3516 -1.024 1.378, 0.5153 -0.9522 1.378, 0.9915 0.4349 1.378, 0.9064 0.5922 1.378, 0.665 0.8544 1.378, 0.5153 0.9522 1.378, -1.0495 0.2658 1.378, -0.7965 -0.7333 1.378, 0.0 -1.0827 1.378, 0.7966 0.7333 1.378, 0.3516 1.024 1.378, 0.1782 1.0679 1.378, -0.665 0.8544 1.378, 1.079 -0.0894 1.378, 1.0496 0.2658 1.378, 1.079 0.0894 1.378, -0.1782 1.0679 1.378, 0.0 1.0827 1.378, -0.7965 0.7333 1.378, -0.1782 1.0679 0.9843, -0.3515 1.024 0.9843, -0.5153 0.9522 0.9843, -0.665 0.8544 0.9843, -0.7965 0.7333 0.9843, -0.9064 0.5922 0.9843, -0.9915 0.4349 0.9843, -1.0495 0.2658 0.9843, -1.079 0.0894 0.9843, -1.079 -0.0894 0.9843, -1.0495 -0.2658 0.9843, -0.9915 -0.4349 0.9843, -0.9064 -0.5922 0.9843, -0.7965 -0.7333 0.9843, -0.665 -0.8544 0.9843, -0.5153 -0.9522 0.9843, -0.3515 -1.024 0.9843, -0.1782 -1.0679 0.9843, 0.0 -1.0827 0.9843, 0.1782 -1.0679 0.9843, 0.3516 -1.024 0.9843, 0.5153 -0.9522 0.9843, 0.665 -0.8544 0.9843, 0.7966 -0.7333 0.9843, 0.9064 -0.5922 0.9843, 0.9915 -0.4349 0.9843, 1.0496 -0.2658 0.9843, 1.079 -0.0894 0.9843, 1.079 0.0894 0.9843, 1.0496 0.2658 0.9843, 0.9915 0.4349 0.9843, 0.9064 0.5922 0.9843, 0.7966 0.7333 0.9843, 0.665 0.8544 0.9843, 0.5153 0.9522 0.9843, 0.3516 1.024 0.9843, 0.1782 1.0679 0.9843, 0.0 1.0827 0.9843, 1.0059 -0.619 0.9843, -0.9465 0.7065 0.9843, -1.0079 0.6156 0.9843, 0.5224 1.0593 0.9843, 1.1625 0.2087 0.9843, 1.177 0.0992 0.9843, 0.7952 -0.8733 0.9843, 0.8733 -0.7952 0.9843, 0.9437 -0.7102 0.9843, 0.2087 -1.1625 0.9843, 1.138 0.3163 0.9843, 1.1035 0.4212 0.9843, 1.0593 0.5224 0.9843, 0.619 -1.0059 0.9843, 0.7102 -0.9437 0.9843, 0.3163 -1.138 0.9843, 0.4212 -1.1035 0.9843, 0.5224 -1.0593 0.9843, -1.1627 0.2074 0.9843, -1.0607 0.5194 0.9843, -1.1044 0.4187 0.9843, -1.1385 0.3144 0.9843, -0.8768 0.7913 0.9843, -0.7995 0.8693 0.9843, -0.7154 0.9398 0.9843, -0.6251 1.0021 0.9843, -0.5294 1.0558 0.9843, 0.619 1.0059 0.9843, 0.7102 0.9437 0.9843, 1.1625 -0.2087 0.9843, 1.177 -0.0992 0.9843, 1.0593 -0.5224 0.9843, 1.1035 -0.4212 0.9843, 1.138 -0.3163 0.9843, -0.7952 -0.8733 0.9843, -0.7102 -0.9437 0.9843, -0.619 -1.0059 0.9843, -0.5223 -1.0593 0.9843, -0.8733 -0.7952 0.9843, -0.9437 -0.7102 0.9843, -1.0059 -0.619 0.9843, -1.0593 -0.5224 0.9843, -1.1034 -0.4212 0.9843, -1.1379 -0.3163 0.9843, 1.0059 0.619 0.9843, 0.9437 0.7102 0.9843, 0.8733 0.7952 0.9843, 0.7952 0.8733 0.9843, -1.177 0.0985 0.9843, -1.1769 -0.0992 0.9843, -1.1625 -0.2087 0.9843, -0.4291 1.1004 0.9843, -0.3251 1.1355 0.9843, -0.2183 1.1608 0.9843, -0.0992 -1.1769 0.9843, 0.0992 -1.1769 0.9843, -0.4211 -1.1035 0.9843, -0.3163 -1.138 0.9843, -0.2086 -1.1625 0.9843, 0.0992 1.1769 0.9843, -0.1096 1.176 0.9843, 0.4212 1.1035 0.9843, 0.3163 1.138 0.9843, 0.2087 1.1625 0.9843, -0.8622 -1.1458 0.9102, -1.1811 -1.0107 0.8589, -1.1811 -1.0678 0.8418, -1.1502 -1.0474 0.8592, -1.1811 -1.0758 0.8389, -1.1811 -0.9498 0.8772, -1.0602 -0.9655 0.9102, -1.1811 -0.8899 0.8918, -1.1811 -0.4893 0.9606, -1.1811 -0.5588 0.9517, -1.1739 -0.5789 0.9519, -1.1811 -0.5836 0.9485, -1.1148 -0.686 0.9519, -1.1811 -0.6445 0.9408, -1.1811 -0.8266 0.9073, -1.1458 -0.8623 0.9102, -1.1811 -0.8122 0.9101, -1.0458 -0.7871 0.9519, -1.1811 -0.7275 0.9265, -1.1811 -0.6976 0.9322, -1.1811 -0.4516 0.9637, -1.1811 -0.3284 0.974, -1.1811 -0.0997 0.9829, -1.1811 -0.1497 0.9822, -1.1811 -0.2125 0.9794, -1.1811 -0.3245 0.9743, -0.6859 -1.1148 0.9519, -0.5789 -1.174 0.9519, -0.787 -1.0459 0.9519, -1.0473 -1.1502 0.8592, -0.9655 -1.0603 0.9102, -0.8813 -0.9678 0.9519, -0.9678 -0.8813 0.9519, -1.1811 0.9672 0.8724, -1.1811 0.8824 0.8939, -1.1491 0.8578 0.9102, -1.1811 0.099 0.983, -1.1811 0.1437 0.9824, -1.1811 0.211 0.9797, -1.1811 0.284 0.9767, -1.1811 0.3266 0.9737, -1.1811 0.421 0.9671, -1.1811 0.4483 0.9642, -1.1811 0.5546 0.9531, -1.1811 0.5632 0.9519, -1.117 0.6823 0.9519, -1.1811 0.6851 0.9343, -1.1755 0.5756 0.9519, -1.1811 0.5789 0.9496, -1.1811 0.8525 0.9015, -1.1811 0.8132 0.9102, -1.0489 0.783 0.9519, -1.1811 0.8125 0.9103, -1.1811 0.7222 0.9274, -1.1811 1.0787 0.8381, -1.1811 1.0664 0.8419, -1.1548 1.0422 0.8592, -1.1811 1.0109 0.8589, -1.0645 0.9608 0.9102, -1.0531 1.1449 0.8592, -0.9707 1.0554 0.9102, -0.5867 1.1701 0.9519, -0.6927 1.1106 0.9519, -0.8686 1.141 0.9102, -0.7928 1.0415 0.9519, -0.9717 0.877 0.9519, -0.8861 0.9634 0.9519, 0.8623 1.1458 0.9102, 0.686 1.1148 0.9519, 0.5789 1.174 0.9519, 0.7871 1.0459 0.9519, 1.0474 1.1502 0.8592, 0.9655 1.0603 0.9102, 1.1502 1.0474 0.8592, 1.0603 0.9655 0.9102, 1.174 0.5789 0.9519, 1.1148 0.686 0.9519, 1.1458 0.8623 0.9102, 1.0459 0.7871 0.9519, 0.8813 0.9678 0.9519, 0.9678 0.8813 0.9519, 1.1458 -0.8623 0.9102, 1.0474 -1.1502 0.8592, 0.9655 -1.0603 0.9102, 0.5789 -1.174 0.9519, 0.686 -1.1148 0.9519, 0.8623 -1.1458 0.9102, 0.7871 -1.0459 0.9519, 1.1148 -0.686 0.9519, 1.174 -0.5789 0.9519, 1.0459 -0.7871 0.9519, 1.1502 -1.0474 0.8592, 1.0603 -0.9655 0.9102, 0.9678 -0.8813 0.9519, 0.8813 -0.9678 0.9519
            ]
        }
        coordIndex [
            0,1,2,-1,3,4,5,-1,6,7,8,-1,9,10,11,-1,12,13,14,-1,15,16,17,-1,18,19,20,-1,21,22,23,-1,24,25,26,-1,27,28,29,-1,29,28,26,-1,29,26,30,-1,30,26,31,-1,25,32,26,-1,26,32,33,-1,26,33,34,-1,34,35,26,-1,26,35,36,-1,26,36,31,-1,37,38,39,-1,40,41,42,-1,42,41,43,-1,42,43,24,-1,44,39,45,-1,45,39,46,-1,45,46,47,-1,48,37,49,-1,49,37,39,-1,49,39,50,-1,44,51,39,-1,39,51,52,-1,39,52,53,-1,53,54,39,-1,39,54,55,-1,39,55,50,-1,50,55,56,-1,50,56,57,-1,57,56,58,-1,57,58,59,-1,60,61,62,-1,60,62,63,-1,61,64,62,-1,62,64,65,-1,62,65,46,-1,46,65,66,-1,46,66,47,-1,67,63,68,-1,68,63,62,-1,68,62,69,-1,69,62,70,-1,71,72,73,-1,73,72,74,-1,75,76,77,-1,75,77,74,-1,77,78,74,-1,74,78,79,-1,74,79,73,-1,73,79,80,-1,73,80,62,-1,62,80,81,-1,62,81,70,-1,82,83,84,-1,84,83,85,-1,85,86,84,-1,84,86,87,-1,84,87,88,-1,89,90,91,-1,92,93,94,-1,94,93,95,-1,89,91,96,-1,97,98,99,-1,100,101,93,-1,93,101,102,-1,93,102,103,-1,27,104,28,-1,28,104,105,-1,28,105,99,-1,99,105,106,-1,99,106,97,-1,90,107,91,-1,91,107,108,-1,91,108,109,-1,110,111,112,-1,112,111,113,-1,112,113,114,-1,115,103,116,-1,116,103,117,-1,116,117,112,-1,112,117,118,-1,112,118,110,-1,115,119,103,-1,103,119,120,-1,103,120,93,-1,93,120,121,-1,93,121,95,-1,98,122,99,-1,99,122,123,-1,99,123,124,-1,125,126,127,-1,127,126,128,-1,127,128,91,-1,91,128,129,-1,91,129,96,-1,130,131,91,-1,91,131,132,-1,91,132,93,-1,93,132,133,-1,93,133,100,-1,134,135,82,-1,135,136,82,-1,82,136,137,-1,82,137,138,-1,138,139,82,-1,82,139,140,-1,82,140,141,-1,141,140,125,-1,141,125,142,-1,142,125,127,-1,109,143,91,-1,91,143,144,-1,91,144,145,-1,145,146,91,-1,91,146,147,-1,91,147,130,-1,148,149,150,-1,149,151,150,-1,150,151,152,-1,150,152,153,-1,102,150,103,-1,103,150,154,-1,103,154,155,-1,156,157,158,-1,158,157,159,-1,158,159,160,-1,156,158,102,-1,102,158,161,-1,102,161,150,-1,150,161,162,-1,150,162,148,-1,163,164,165,-1,165,164,166,-1,165,166,167,-1,153,152,168,-1,168,152,169,-1,168,169,170,-1,170,169,171,-1,170,171,172,-1,155,173,103,-1,103,173,165,-1,103,165,174,-1,174,165,167,-1,175,176,177,-1,177,176,178,-1,179,177,180,-1,181,175,182,-1,182,175,177,-1,182,177,183,-1,183,177,179,-1,183,179,184,-1,182,185,181,-1,181,185,186,-1,181,186,187,-1,179,188,184,-1,184,188,189,-1,184,189,190,-1,176,191,178,-1,178,191,192,-1,178,192,193,-1,193,192,194,-1,195,196,197,-1,198,199,200,-1,200,199,201,-1,200,201,180,-1,180,201,202,-1,180,202,179,-1,197,203,195,-1,195,203,204,-1,195,204,205,-1,205,204,206,-1,205,206,198,-1,198,206,194,-1,198,194,199,-1,199,194,192,-1,207,208,209,-1,210,211,212,-1,213,214,209,-1,215,216,217,-1,213,209,218,-1,215,217,209,-1,209,217,219,-1,209,219,218,-1,220,221,222,-1,222,221,223,-1,224,223,225,-1,225,223,221,-1,225,221,207,-1,207,221,220,-1,207,220,208,-1,226,227,23,-1,228,229,230,-1,211,231,212,-1,212,231,232,-1,212,232,230,-1,230,232,233,-1,230,233,228,-1,234,235,23,-1,23,235,236,-1,229,237,230,-1,230,237,238,-1,230,238,239,-1,239,238,240,-1,239,240,226,-1,241,242,227,-1,227,242,243,-1,227,243,23,-1,23,243,244,-1,23,244,234,-1,236,245,23,-1,23,245,246,-1,23,246,21,-1,247,248,249,-1,249,248,250,-1,249,250,251,-1,249,252,247,-1,247,252,253,-1,247,253,254,-1,254,255,247,-1,247,255,256,-1,247,256,257,-1,257,256,258,-1,257,258,259,-1,259,258,260,-1,259,260,227,-1,227,260,261,-1,227,261,241,-1,262,263,251,-1,251,263,264,-1,251,264,249,-1,265,266,216,-1,216,266,267,-1,216,267,217,-1,265,268,266,-1,266,268,269,-1,266,269,270,-1,270,269,271,-1,270,272,273,-1,271,274,270,-1,270,274,275,-1,270,275,276,-1,276,277,270,-1,270,277,278,-1,270,278,272,-1,273,279,270,-1,270,279,280,-1,270,280,281,-1,282,283,284,-1,284,283,180,-1,284,180,285,-1,285,180,286,-1,285,286,287,-1,288,200,289,-1,289,200,180,-1,289,180,290,-1,290,180,283,-1,291,292,293,-1,293,292,294,-1,295,296,198,-1,297,298,299,-1,294,300,301,-1,301,300,302,-1,301,302,303,-1,304,230,305,-1,305,230,239,-1,305,239,306,-1,306,239,198,-1,306,198,307,-1,307,198,296,-1,307,296,299,-1,299,296,308,-1,299,308,297,-1,309,310,291,-1,291,310,311,-1,291,311,292,-1,312,18,313,-1,225,314,315,-1,315,314,316,-1,315,316,317,-1,317,316,318,-1,317,318,319,-1,319,318,320,-1,319,320,321,-1,321,320,312,-1,321,312,322,-1,322,312,313,-1,323,324,325,-1,326,327,324,-1,328,329,327,-1,329,84,75,-1,75,84,88,-1,75,88,76,-1,330,331,42,-1,42,331,332,-1,332,333,42,-1,42,333,334,-1,42,334,335,-1,48,40,37,-1,37,40,42,-1,37,42,336,-1,336,42,335,-1,330,42,337,-1,337,42,338,-1,337,338,339,-1,339,338,340,-1,339,340,341,-1,341,340,342,-1,341,342,343,-1,343,342,344,-1,343,344,345,-1,345,344,346,-1,345,346,347,-1,347,346,348,-1,347,348,349,-1,349,348,350,-1,349,350,351,-1,351,350,352,-1,351,352,353,-1,353,352,354,-1,353,354,355,-1,17,16,354,-1,354,16,356,-1,354,356,355,-1,357,358,309,-1,309,358,359,-1,309,359,360,-1,361,212,362,-1,362,212,230,-1,362,230,363,-1,363,230,364,-1,365,366,367,-1,367,366,368,-1,367,368,369,-1,369,368,364,-1,369,364,360,-1,360,364,230,-1,360,230,309,-1,309,230,304,-1,309,304,310,-1,370,371,372,-1,372,371,367,-1,370,373,371,-1,371,373,374,-1,371,374,375,-1,371,376,367,-1,367,376,377,-1,367,377,378,-1,375,379,371,-1,371,379,380,-1,371,380,381,-1,378,382,367,-1,367,382,383,-1,367,383,384,-1,384,385,367,-1,367,385,386,-1,367,386,365,-1,387,388,357,-1,357,388,389,-1,357,389,358,-1,14,390,391,-1,391,392,14,-1,14,392,393,-1,14,393,12,-1,394,395,14,-1,14,395,396,-1,14,396,390,-1,5,397,394,-1,394,397,398,-1,394,398,395,-1,399,400,4,-1,399,4,401,-1,400,402,4,-1,4,402,403,-1,4,403,5,-1,5,403,404,-1,5,404,397,-1,361,405,212,-1,212,405,406,-1,212,406,4,-1,4,406,407,-1,4,407,401,-1,408,409,410,-1,410,409,411,-1,207,412,413,-1,414,415,416,-1,212,417,418,-1,408,419,409,-1,409,419,420,-1,409,420,421,-1,421,420,416,-1,421,416,422,-1,422,416,415,-1,214,210,209,-1,209,210,212,-1,209,212,207,-1,207,212,418,-1,207,418,412,-1,423,424,3,-1,3,424,425,-1,3,425,426,-1,409,427,411,-1,411,427,4,-1,411,4,428,-1,428,4,3,-1,428,3,429,-1,430,431,413,-1,413,431,432,-1,413,432,433,-1,426,434,3,-1,3,434,435,-1,3,435,429,-1,436,437,416,-1,416,437,438,-1,416,438,439,-1,427,440,4,-1,4,440,441,-1,4,441,212,-1,212,441,442,-1,442,443,212,-1,212,443,444,-1,212,444,445,-1,445,446,212,-1,212,446,447,-1,212,447,417,-1,439,448,416,-1,416,448,449,-1,416,449,414,-1,450,451,323,-1,324,323,326,-1,326,323,451,-1,326,451,452,-1,453,454,23,-1,23,454,455,-1,226,23,239,-1,239,23,455,-1,239,455,198,-1,198,455,456,-1,198,456,205,-1,457,454,458,-1,458,454,453,-1,458,453,459,-1,315,460,461,-1,462,463,453,-1,453,463,464,-1,453,464,459,-1,224,225,22,-1,22,225,315,-1,22,315,23,-1,23,315,461,-1,23,461,453,-1,453,461,465,-1,453,465,466,-1,467,468,317,-1,317,468,469,-1,317,469,315,-1,315,469,470,-1,315,470,460,-1,466,471,453,-1,453,471,472,-1,453,472,462,-1,473,474,319,-1,473,319,193,-1,474,475,319,-1,319,475,476,-1,319,476,317,-1,317,476,477,-1,317,477,467,-1,18,20,313,-1,313,20,478,-1,313,478,479,-1,480,481,482,-1,482,481,10,-1,482,10,483,-1,483,10,9,-1,483,9,484,-1,484,9,485,-1,486,487,488,-1,489,490,491,-1,488,487,286,-1,286,487,492,-1,286,492,493,-1,491,486,489,-1,489,486,488,-1,489,488,494,-1,494,488,485,-1,494,485,493,-1,493,485,9,-1,493,9,286,-1,286,9,11,-1,286,11,287,-1,287,11,495,-1,287,495,496,-1,496,495,497,-1,498,499,286,-1,286,499,500,-1,286,500,488,-1,488,500,501,-1,488,501,502,-1,502,503,488,-1,488,503,504,-1,488,504,505,-1,505,506,488,-1,488,506,507,-1,488,507,177,-1,177,507,508,-1,177,508,180,-1,508,509,180,-1,180,509,510,-1,180,510,286,-1,286,510,511,-1,286,511,512,-1,512,513,286,-1,286,513,514,-1,286,514,498,-1,193,319,178,-1,178,319,321,-1,178,321,177,-1,177,321,322,-1,177,322,488,-1,488,322,313,-1,488,313,485,-1,485,313,479,-1,485,479,484,-1,301,295,294,-1,294,295,198,-1,294,198,293,-1,293,198,515,-1,6,8,516,-1,517,518,200,-1,200,518,519,-1,200,519,520,-1,497,495,288,-1,288,495,8,-1,288,8,200,-1,200,8,7,-1,200,7,517,-1,520,521,200,-1,200,521,522,-1,200,522,198,-1,198,522,523,-1,198,523,515,-1,515,524,293,-1,293,524,525,-1,293,525,8,-1,8,525,526,-1,8,526,527,-1,527,528,8,-1,8,528,529,-1,8,529,516,-1,433,530,413,-1,413,530,450,-1,413,450,207,-1,207,450,323,-1,207,323,225,-1,225,323,325,-1,225,325,314,-1,387,357,342,-1,342,357,309,-1,342,309,344,-1,344,309,291,-1,344,291,346,-1,346,291,293,-1,346,293,348,-1,348,293,8,-1,348,8,350,-1,350,8,495,-1,350,495,352,-1,352,495,11,-1,352,11,354,-1,354,11,10,-1,354,10,17,-1,17,10,481,-1,17,481,15,-1,329,328,84,-1,84,328,99,-1,84,99,82,-1,82,99,124,-1,82,124,134,-1,531,532,533,-1,533,532,534,-1,452,423,326,-1,326,423,3,-1,326,3,533,-1,533,3,5,-1,533,5,531,-1,531,5,535,-1,327,326,328,-1,328,326,533,-1,328,533,99,-1,99,533,534,-1,99,534,28,-1,28,534,536,-1,28,536,5,-1,5,536,537,-1,5,537,535,-1,538,539,540,-1,540,539,531,-1,540,531,541,-1,541,531,535,-1,541,535,542,-1,542,535,543,-1,544,545,26,-1,26,545,0,-1,26,0,394,-1,394,0,2,-1,394,2,5,-1,5,2,546,-1,5,546,28,-1,28,546,544,-1,28,544,26,-1,24,26,42,-1,42,26,394,-1,42,394,338,-1,338,394,14,-1,338,14,340,-1,340,14,13,-1,340,13,342,-1,342,13,547,-1,342,547,387,-1,548,549,550,-1,550,549,551,-1,552,553,554,-1,554,553,555,-1,552,556,553,-1,553,556,557,-1,553,557,74,-1,74,557,558,-1,74,558,559,-1,559,560,74,-1,74,560,561,-1,74,561,18,-1,18,561,562,-1,18,562,563,-1,563,564,18,-1,18,564,565,-1,18,565,566,-1,566,565,567,-1,566,567,568,-1,568,567,569,-1,551,570,571,-1,571,572,551,-1,551,572,573,-1,551,573,550,-1,550,573,574,-1,550,574,575,-1,576,577,578,-1,578,577,579,-1,578,579,551,-1,551,579,580,-1,551,580,570,-1,553,581,555,-1,555,581,582,-1,555,582,583,-1,583,582,584,-1,569,585,568,-1,568,585,586,-1,568,586,578,-1,578,586,587,-1,578,587,576,-1,575,588,550,-1,550,588,589,-1,550,589,582,-1,582,589,590,-1,582,590,584,-1,581,591,71,-1,592,593,582,-1,582,593,594,-1,582,594,595,-1,595,596,582,-1,582,596,597,-1,582,597,598,-1,599,600,601,-1,601,600,582,-1,601,582,602,-1,602,582,598,-1,71,38,581,-1,581,38,603,-1,581,603,604,-1,581,605,606,-1,604,607,581,-1,581,607,608,-1,581,608,609,-1,610,611,582,-1,582,611,612,-1,582,612,613,-1,613,614,582,-1,582,614,615,-1,582,615,616,-1,616,617,582,-1,582,617,618,-1,582,618,592,-1,609,619,581,-1,581,619,620,-1,581,620,605,-1,621,622,581,-1,623,624,582,-1,582,624,625,-1,582,625,610,-1,606,626,581,-1,581,626,627,-1,581,627,628,-1,581,622,582,-1,582,622,629,-1,582,629,623,-1,630,631,581,-1,581,631,632,-1,581,632,621,-1,628,633,581,-1,581,633,634,-1,581,634,630,-1,635,636,578,-1,578,636,637,-1,638,639,568,-1,568,639,640,-1,568,640,641,-1,641,642,568,-1,568,642,643,-1,568,643,644,-1,645,646,578,-1,578,646,647,-1,648,649,568,-1,568,649,650,-1,568,650,638,-1,478,651,480,-1,480,651,568,-1,480,568,652,-1,652,568,644,-1,637,653,578,-1,578,653,654,-1,578,654,655,-1,655,656,578,-1,578,656,657,-1,578,657,645,-1,658,659,568,-1,568,659,660,-1,568,660,661,-1,661,662,568,-1,568,662,663,-1,568,663,648,-1,647,664,578,-1,578,664,665,-1,578,665,666,-1,666,667,578,-1,578,667,668,-1,578,668,669,-1,669,670,578,-1,578,670,671,-1,578,671,672,-1,673,674,568,-1,568,674,675,-1,568,675,658,-1,672,676,578,-1,578,676,677,-1,578,677,568,-1,568,677,678,-1,568,678,673,-1,679,599,548,-1,548,599,601,-1,680,681,549,-1,549,681,682,-1,549,682,683,-1,683,684,549,-1,549,684,685,-1,549,685,686,-1,687,688,549,-1,549,688,689,-1,636,690,637,-1,637,690,549,-1,637,549,691,-1,691,549,686,-1,689,692,549,-1,549,692,693,-1,549,693,680,-1,601,694,548,-1,548,694,695,-1,548,695,696,-1,696,697,548,-1,548,697,698,-1,548,698,699,-1,700,548,701,-1,701,548,702,-1,699,703,548,-1,548,703,704,-1,548,704,705,-1,700,706,548,-1,548,706,707,-1,548,707,708,-1,709,710,549,-1,705,711,548,-1,548,711,712,-1,548,712,702,-1,710,713,549,-1,549,713,714,-1,549,714,687,-1,715,716,549,-1,549,716,717,-1,549,717,709,-1,708,718,548,-1,548,718,719,-1,548,719,549,-1,549,719,720,-1,549,720,715,-1,721,635,551,-1,551,635,578,-1,690,721,549,-1,549,721,551,-1,721,690,635,-1,635,690,636,-1,722,679,550,-1,550,679,548,-1,600,722,582,-1,582,722,550,-1,722,600,679,-1,679,600,599,-1,723,591,553,-1,553,591,581,-1,72,723,74,-1,74,723,553,-1,723,72,591,-1,591,72,71,-1,724,19,566,-1,566,19,18,-1,651,724,568,-1,568,724,566,-1,724,651,19,-1,19,651,478,-1,725,726,727,-1,727,726,728,-1,727,728,729,-1,729,728,730,-1,729,730,731,-1,732,733,734,-1,735,736,737,-1,738,739,740,-1,740,739,741,-1,740,741,742,-1,742,741,743,-1,742,743,744,-1,744,743,745,-1,744,745,746,-1,738,740,747,-1,747,740,748,-1,747,748,749,-1,750,751,752,-1,752,751,753,-1,752,753,754,-1,755,756,750,-1,746,757,744,-1,744,757,758,-1,744,758,759,-1,759,758,760,-1,759,760,761,-1,733,762,734,-1,734,762,763,-1,734,763,748,-1,748,763,764,-1,748,764,749,-1,765,766,734,-1,734,766,767,-1,734,767,732,-1,768,769,770,-1,770,769,771,-1,770,771,772,-1,773,774,775,-1,731,776,729,-1,729,776,752,-1,729,752,777,-1,777,752,754,-1,772,778,770,-1,770,778,779,-1,770,779,780,-1,780,779,781,-1,782,783,784,-1,784,783,785,-1,784,785,786,-1,786,785,787,-1,788,789,790,-1,791,792,727,-1,727,792,793,-1,727,793,725,-1,737,736,750,-1,750,736,794,-1,750,794,755,-1,756,795,750,-1,750,795,796,-1,750,796,751,-1,761,797,759,-1,759,797,798,-1,759,798,737,-1,737,798,799,-1,737,799,735,-1,800,801,765,-1,765,801,802,-1,765,802,766,-1,768,803,769,-1,769,803,804,-1,769,804,765,-1,765,804,805,-1,765,805,800,-1,773,806,774,-1,774,806,807,-1,774,807,785,-1,785,807,808,-1,785,808,787,-1,809,810,811,-1,811,810,812,-1,811,812,775,-1,775,812,813,-1,775,813,773,-1,814,815,816,-1,816,815,788,-1,816,788,817,-1,817,788,790,-1,814,818,815,-1,815,818,819,-1,815,819,811,-1,811,819,820,-1,811,820,809,-1,791,821,792,-1,792,821,822,-1,792,822,823,-1,823,824,792,-1,792,824,825,-1,792,825,788,-1,788,825,826,-1,788,826,789,-1,827,828,829,-1,829,828,830,-1,829,830,831,-1,831,830,832,-1,831,832,833,-1,782,834,783,-1,783,834,835,-1,783,835,829,-1,829,835,836,-1,829,836,827,-1,833,837,831,-1,831,837,838,-1,831,838,839,-1,781,840,780,-1,780,840,841,-1,780,841,842,-1,842,841,831,-1,842,831,843,-1,843,831,839,-1,844,845,846,-1,846,845,847,-1,848,849,850,-1,850,849,851,-1,850,851,852,-1,853,854,855,-1,855,854,850,-1,855,850,856,-1,856,850,852,-1,857,858,846,-1,846,858,859,-1,846,859,844,-1,848,850,860,-1,860,850,861,-1,860,861,862,-1,863,861,864,-1,864,861,865,-1,866,867,868,-1,868,867,869,-1,870,853,869,-1,869,853,871,-1,869,871,868,-1,853,872,873,-1,770,780,874,-1,874,780,875,-1,874,875,876,-1,876,875,877,-1,876,877,878,-1,879,880,857,-1,857,880,881,-1,857,881,858,-1,863,882,861,-1,861,882,883,-1,861,883,862,-1,870,884,853,-1,853,884,885,-1,853,885,886,-1,873,887,853,-1,853,887,888,-1,853,888,889,-1,878,890,876,-1,876,890,891,-1,876,891,892,-1,847,893,846,-1,846,893,894,-1,846,894,895,-1,895,894,896,-1,895,896,897,-1,897,896,876,-1,897,876,898,-1,898,876,899,-1,900,901,902,-1,902,903,900,-1,900,903,904,-1,900,904,865,-1,865,904,905,-1,865,905,864,-1,901,900,906,-1,906,900,907,-1,906,907,908,-1,908,907,909,-1,908,909,910,-1,886,911,853,-1,853,911,912,-1,853,912,872,-1,889,913,853,-1,853,913,914,-1,853,914,854,-1,892,915,876,-1,876,915,916,-1,876,916,917,-1,910,918,908,-1,908,918,919,-1,908,919,920,-1,919,921,920,-1,920,921,922,-1,920,922,857,-1,857,922,923,-1,857,923,879,-1,917,924,876,-1,876,924,925,-1,876,925,899,-1,926,927,928,-1,928,927,929,-1,930,931,932,-1,932,931,933,-1,934,935,936,-1,936,935,928,-1,936,928,937,-1,937,928,929,-1,938,939,940,-1,941,942,943,-1,939,944,940,-1,940,944,945,-1,940,945,928,-1,928,945,946,-1,928,946,926,-1,941,943,947,-1,947,943,948,-1,947,948,949,-1,950,951,934,-1,934,952,953,-1,954,955,956,-1,951,957,934,-1,934,957,958,-1,934,958,952,-1,953,959,934,-1,934,959,960,-1,934,960,961,-1,962,963,964,-1,964,963,965,-1,964,965,966,-1,965,967,966,-1,966,967,968,-1,966,968,940,-1,940,968,969,-1,940,969,938,-1,956,970,954,-1,954,970,971,-1,954,971,972,-1,933,973,932,-1,932,973,974,-1,932,974,975,-1,975,974,976,-1,975,976,977,-1,977,976,954,-1,977,954,978,-1,978,954,972,-1,942,941,934,-1,934,941,979,-1,934,979,950,-1,961,980,934,-1,934,980,981,-1,934,981,935,-1,982,983,984,-1,984,983,985,-1,983,986,985,-1,985,986,987,-1,985,987,988,-1,988,987,989,-1,988,989,964,-1,964,989,990,-1,964,990,962,-1,867,866,991,-1,991,866,992,-1,991,992,954,-1,954,992,993,-1,993,994,954,-1,954,994,995,-1,954,995,996,-1,996,997,954,-1,954,997,998,-1,954,998,955,-1,982,999,983,-1,983,999,1000,-1,983,1000,1001,-1,1001,1002,983,-1,983,1002,1003,-1,983,1003,1004,-1,1004,1005,983,-1,983,1005,1006,-1,983,1006,932,-1,932,1006,1007,-1,932,1007,930,-1,1008,949,948,-1,1009,1010,1011,-1,1011,1010,1012,-1,1013,1014,1015,-1,1015,1014,1016,-1,1015,1016,1017,-1,1017,1016,1018,-1,948,1019,1008,-1,1008,1019,1020,-1,1008,1020,1021,-1,1022,1008,1023,-1,1023,1008,1024,-1,1025,1026,1016,-1,1016,1026,1027,-1,1016,1027,1018,-1,1012,1028,1011,-1,1011,1028,1029,-1,1011,1029,1030,-1,1022,1031,1008,-1,1008,1031,1011,-1,1008,1011,1032,-1,1032,1011,1030,-1,1021,1033,1008,-1,1008,1033,1034,-1,1008,1034,1035,-1,1035,1036,1008,-1,1008,1036,1037,-1,1008,1037,1038,-1,1013,1039,1040,-1,1040,1041,1013,-1,1013,1041,1042,-1,1013,1042,1043,-1,1013,1044,1045,-1,1046,1047,1013,-1,1013,1047,1048,-1,1013,1048,1014,-1,1038,1049,1008,-1,1008,1049,1050,-1,1008,1050,1024,-1,1051,1052,1053,-1,1052,1054,1053,-1,1053,1054,1055,-1,1053,1055,1011,-1,1011,1055,1056,-1,1011,1056,1009,-1,1043,1057,1013,-1,1013,1057,1058,-1,1013,1058,1044,-1,1045,1059,1013,-1,1013,1059,1060,-1,1013,1060,1046,-1,1061,1062,1063,-1,1062,1061,1064,-1,1064,1061,1065,-1,1064,1065,1066,-1,1066,1065,1067,-1,1066,1067,1068,-1,1068,1069,1066,-1,1066,1069,1070,-1,1066,1070,1071,-1,1070,1072,1071,-1,1071,1072,1073,-1,1071,1073,1053,-1,1053,1073,1074,-1,1053,1074,1051,-1,727,729,1075,-1,1075,729,1039,-1,1075,1039,1076,-1,1076,1039,1013,-1,1025,1016,1077,-1,1077,1016,1078,-1,1077,1078,1079,-1,1063,1080,1061,-1,1061,1080,1081,-1,1061,1081,1082,-1,1082,1081,1083,-1,1082,1083,1078,-1,1078,1083,1084,-1,1078,1084,1085,-1,1085,1086,1078,-1,1078,1086,1087,-1,1078,1087,1079,-1,554,555,1088,-1,1088,1089,554,-1,554,1089,1090,-1,554,1090,552,-1,1090,1091,552,-1,552,1091,1092,-1,552,1092,556,-1,1092,1093,556,-1,556,1093,1094,-1,556,1094,557,-1,1094,1095,557,-1,557,1095,1096,-1,557,1096,558,-1,1096,1097,558,-1,558,1097,1098,-1,558,1098,559,-1,1098,1099,559,-1,559,1099,1100,-1,559,1100,560,-1,1100,1101,560,-1,560,1101,1102,-1,560,1102,561,-1,1102,1103,561,-1,561,1103,1104,-1,561,1104,562,-1,1104,1105,562,-1,562,1105,1106,-1,562,1106,563,-1,1106,1107,563,-1,563,1107,1108,-1,563,1108,564,-1,1108,1109,564,-1,564,1109,1110,-1,564,1110,565,-1,1110,1111,565,-1,565,1111,1112,-1,565,1112,567,-1,1112,1113,567,-1,567,1113,1114,-1,567,1114,569,-1,1114,1115,569,-1,569,1115,1116,-1,569,1116,585,-1,1116,1117,585,-1,585,1117,1118,-1,585,1118,586,-1,1118,1119,586,-1,586,1119,1120,-1,586,1120,587,-1,1120,1121,587,-1,587,1121,1122,-1,587,1122,576,-1,1122,1123,576,-1,576,1123,1124,-1,576,1124,577,-1,1124,1125,577,-1,577,1125,1126,-1,577,1126,579,-1,1126,1127,579,-1,579,1127,1128,-1,579,1128,580,-1,1128,1129,580,-1,580,1129,1130,-1,580,1130,570,-1,1130,1131,570,-1,570,1131,1132,-1,570,1132,571,-1,1132,1133,571,-1,571,1133,1134,-1,571,1134,572,-1,1134,1135,572,-1,572,1135,1136,-1,572,1136,573,-1,1136,1137,573,-1,573,1137,1138,-1,573,1138,574,-1,1138,1139,574,-1,574,1139,1140,-1,574,1140,575,-1,1140,1141,575,-1,575,1141,1142,-1,575,1142,588,-1,1142,1143,588,-1,588,1143,1144,-1,588,1144,589,-1,1144,1145,589,-1,589,1145,1146,-1,589,1146,590,-1,1146,1147,590,-1,590,1147,1148,-1,590,1148,584,-1,1148,1149,584,-1,584,1149,1150,-1,584,1150,583,-1,1150,1151,583,-1,583,1151,1152,-1,583,1152,555,-1,555,1152,1153,-1,555,1153,1088,-1,1154,1155,1120,-1,1120,1119,1154,-1,1154,1119,1118,-1,1154,1118,1156,-1,1156,1118,1117,-1,1156,1117,1157,-1,1157,1117,1116,-1,1157,1116,1158,-1,1158,1116,1115,-1,1158,1115,1159,-1,1159,1115,1114,-1,1159,1114,1160,-1,1160,1114,1113,-1,1160,1113,1161,-1,1161,1113,1112,-1,1161,1112,1162,-1,1162,1112,1111,-1,1162,1111,1163,-1,1163,1111,1110,-1,1163,1110,1164,-1,1164,1110,1109,-1,1164,1109,1165,-1,1165,1109,1108,-1,1165,1108,1166,-1,1166,1108,1107,-1,1166,1107,1167,-1,1167,1107,1106,-1,1167,1106,1168,-1,1168,1106,1105,-1,1168,1105,1169,-1,1169,1105,1104,-1,1169,1104,1170,-1,1170,1104,1103,-1,1170,1103,1171,-1,1171,1103,1102,-1,1171,1102,1172,-1,1172,1102,1101,-1,1172,1101,1173,-1,1173,1101,1100,-1,1173,1100,1174,-1,1174,1100,1099,-1,1174,1099,1175,-1,1175,1099,1098,-1,1175,1098,1176,-1,1176,1098,1097,-1,1176,1097,1177,-1,1177,1097,1096,-1,1177,1096,1178,-1,1178,1096,1095,-1,1178,1095,1179,-1,1179,1095,1094,-1,1179,1094,1180,-1,1180,1094,1093,-1,1180,1093,1181,-1,1181,1093,1092,-1,1181,1092,1182,-1,1182,1092,1091,-1,1182,1091,1183,-1,1183,1091,1090,-1,1183,1090,1184,-1,1184,1090,1089,-1,1184,1089,1185,-1,1185,1089,1088,-1,1185,1088,1186,-1,1186,1088,1153,-1,1186,1153,1187,-1,1187,1153,1152,-1,1187,1152,1188,-1,1188,1152,1151,-1,1188,1151,1189,-1,1189,1151,1150,-1,1189,1150,1190,-1,1190,1150,1149,-1,1190,1149,1191,-1,1191,1149,1148,-1,1191,1148,1192,-1,1192,1148,1147,-1,1192,1147,1193,-1,1193,1147,1146,-1,1193,1146,1194,-1,1194,1146,1145,-1,1194,1145,1195,-1,1195,1145,1144,-1,1195,1144,1196,-1,1196,1144,1143,-1,1196,1143,1197,-1,1197,1143,1142,-1,1197,1142,1198,-1,1198,1142,1141,-1,1198,1141,1199,-1,1199,1141,1140,-1,1199,1140,1200,-1,1200,1140,1139,-1,1200,1139,1201,-1,1201,1139,1138,-1,1201,1138,1202,-1,1202,1138,1137,-1,1202,1137,1203,-1,1203,1137,1136,-1,1203,1136,1204,-1,1204,1136,1135,-1,1204,1135,1205,-1,1205,1135,1134,-1,1205,1134,1206,-1,1206,1134,1133,-1,1206,1133,1207,-1,1207,1133,1132,-1,1207,1132,1208,-1,1208,1132,1131,-1,1208,1131,1209,-1,1209,1131,1130,-1,1209,1130,1210,-1,1210,1130,1129,-1,1210,1129,1211,-1,1211,1129,1128,-1,1211,1128,1212,-1,1212,1128,1127,-1,1212,1127,1213,-1,1213,1127,1126,-1,1213,1126,1214,-1,1214,1126,1125,-1,1214,1125,1215,-1,1215,1125,1124,-1,1215,1124,1216,-1,1216,1124,1123,-1,1216,1123,1217,-1,1217,1123,1122,-1,1217,1122,1155,-1,1155,1122,1121,-1,1155,1121,1120,-1,1218,1219,1166,-1,1220,1221,1198,-1,1222,1186,1187,-1,1194,1223,1193,-1,1193,1223,1224,-1,1193,1224,1192,-1,1192,1224,1225,-1,1192,1225,1191,-1,1191,1225,1226,-1,1191,1226,1190,-1,1190,1226,1227,-1,1190,1227,1189,-1,1189,1227,1228,-1,1189,1228,1188,-1,1188,1228,1229,-1,1188,1229,1187,-1,1187,1229,1230,-1,1187,1230,1222,-1,1198,1221,1197,-1,1197,1221,1231,-1,1197,1231,1196,-1,1231,1232,1196,-1,1196,1232,1233,-1,1196,1233,1195,-1,1195,1233,1234,-1,1195,1234,1194,-1,1194,1234,1235,-1,1194,1235,1223,-1,1220,1198,1236,-1,1236,1198,1199,-1,1236,1199,1237,-1,1237,1199,1200,-1,1237,1200,1238,-1,1238,1200,1201,-1,1238,1201,1239,-1,1204,1240,1203,-1,1203,1240,1239,-1,1203,1239,1202,-1,1202,1239,1201,-1,1206,1241,1205,-1,1205,1241,1242,-1,1205,1242,1204,-1,1204,1242,1243,-1,1204,1243,1240,-1,1210,1244,1209,-1,1209,1244,1245,-1,1209,1245,1208,-1,1208,1245,1246,-1,1208,1246,1207,-1,1207,1246,1247,-1,1207,1247,1206,-1,1206,1247,1248,-1,1206,1248,1241,-1,1216,1249,1215,-1,1215,1249,1250,-1,1215,1250,1214,-1,1214,1250,1251,-1,1214,1251,1213,-1,1213,1251,1252,-1,1213,1252,1212,-1,1212,1252,1253,-1,1212,1253,1211,-1,1211,1253,1254,-1,1211,1254,1210,-1,1210,1254,1255,-1,1210,1255,1244,-1,1217,1155,1256,-1,1256,1257,1217,-1,1217,1257,1258,-1,1217,1258,1216,-1,1216,1258,1259,-1,1216,1259,1249,-1,1162,1260,1161,-1,1161,1260,1261,-1,1161,1261,1160,-1,1160,1261,1262,-1,1160,1262,1159,-1,1159,1262,1263,-1,1159,1263,1158,-1,1158,1263,1264,-1,1158,1264,1157,-1,1157,1264,1265,-1,1157,1265,1156,-1,1156,1265,1266,-1,1156,1266,1154,-1,1154,1266,1267,-1,1154,1267,1155,-1,1155,1267,1268,-1,1155,1268,1256,-1,1166,1219,1165,-1,1165,1219,1269,-1,1165,1269,1164,-1,1269,1270,1164,-1,1164,1270,1271,-1,1164,1271,1163,-1,1163,1271,1272,-1,1163,1272,1162,-1,1162,1272,1273,-1,1162,1273,1260,-1,1218,1166,1274,-1,1274,1166,1167,-1,1274,1167,1275,-1,1275,1167,1168,-1,1275,1168,1276,-1,1276,1168,1169,-1,1276,1169,1277,-1,1172,1278,1171,-1,1171,1278,1277,-1,1171,1277,1170,-1,1170,1277,1169,-1,1174,1279,1173,-1,1173,1279,1280,-1,1173,1280,1172,-1,1172,1280,1281,-1,1172,1281,1278,-1,1176,1282,1175,-1,1175,1282,1283,-1,1175,1283,1174,-1,1174,1283,1284,-1,1174,1284,1279,-1,1180,1285,1179,-1,1179,1285,1286,-1,1179,1286,1178,-1,1178,1286,1287,-1,1178,1287,1177,-1,1177,1287,1288,-1,1177,1288,1176,-1,1176,1288,1289,-1,1176,1289,1282,-1,1222,1290,1186,-1,1186,1290,1291,-1,1186,1291,1185,-1,1185,1291,1292,-1,1185,1292,1184,-1,1184,1292,1293,-1,1184,1293,1183,-1,1183,1293,1294,-1,1183,1294,1182,-1,1182,1294,1295,-1,1182,1295,1181,-1,1181,1295,1296,-1,1181,1296,1180,-1,1180,1296,1297,-1,1180,1297,1285,-1,1298,1296,1299,-1,1299,1296,1295,-1,1299,1295,1294,-1,1294,1293,1299,-1,1299,1293,1292,-1,1299,1292,1291,-1,1290,1222,776,-1,776,1222,1230,-1,776,1230,1229,-1,1229,1228,776,-1,776,1228,1227,-1,776,1227,752,-1,1287,1300,1288,-1,1288,1300,1301,-1,1288,1301,1289,-1,1287,1286,1300,-1,1300,1286,1285,-1,1300,1285,1298,-1,1298,1285,1297,-1,1298,1297,1296,-1,1279,1302,1280,-1,1280,1302,1303,-1,1280,1303,1281,-1,1279,1284,1302,-1,1302,1284,1283,-1,1302,1283,1301,-1,1301,1283,1282,-1,1301,1282,1289,-1,1274,1275,1304,-1,1304,1275,1276,-1,1304,1276,1305,-1,1305,1276,1277,-1,1305,1277,1303,-1,1303,1277,1278,-1,1303,1278,1281,-1,1274,1304,1218,-1,1218,1304,1306,-1,1218,1306,1219,-1,1272,1271,1307,-1,1307,1271,1270,-1,1307,1270,1306,-1,1306,1270,1269,-1,1306,1269,1219,-1,1272,1307,1273,-1,1273,1307,1308,-1,1273,1308,1260,-1,1309,1262,1308,-1,1308,1262,1261,-1,1308,1261,1260,-1,769,1251,771,-1,771,1251,1250,-1,771,1250,1249,-1,1249,1259,771,-1,771,1259,1258,-1,771,1258,1257,-1,1256,1268,1310,-1,1310,1268,1267,-1,1310,1267,1266,-1,1266,1265,1310,-1,1310,1265,1264,-1,1310,1264,1309,-1,1309,1264,1263,-1,1309,1263,1262,-1,1255,765,1244,-1,1244,765,734,-1,1244,734,1245,-1,1255,1254,765,-1,765,1254,1253,-1,765,1253,769,-1,769,1253,1252,-1,769,1252,1251,-1,1241,748,1242,-1,1242,748,740,-1,1242,740,1243,-1,1241,1248,748,-1,748,1248,1247,-1,748,1247,734,-1,734,1247,1246,-1,734,1246,1245,-1,1236,1237,744,-1,744,1237,1238,-1,744,1238,742,-1,742,1238,1239,-1,742,1239,740,-1,740,1239,1240,-1,740,1240,1243,-1,1236,744,1220,-1,1220,744,759,-1,1220,759,1221,-1,1234,1233,737,-1,737,1233,1232,-1,737,1232,759,-1,759,1232,1231,-1,759,1231,1221,-1,1234,737,1235,-1,1235,737,750,-1,1235,750,1223,-1,1227,1226,752,-1,752,1226,1225,-1,752,1225,750,-1,750,1225,1224,-1,750,1224,1223,-1,1291,1290,1299,-1,1299,1290,776,-1,1299,776,1311,-1,1311,776,731,-1,1311,731,1312,-1,1312,731,730,-1,1312,730,1313,-1,1313,730,728,-1,1313,728,1314,-1,1314,728,726,-1,1314,726,1315,-1,1315,726,725,-1,1315,725,1316,-1,1316,725,793,-1,1316,793,1317,-1,1317,793,792,-1,1317,792,1318,-1,1318,792,788,-1,1318,788,1319,-1,1319,788,815,-1,1319,815,1320,-1,1320,815,811,-1,1320,811,1321,-1,1321,811,775,-1,1321,775,1322,-1,1322,775,774,-1,1322,774,1323,-1,1323,774,785,-1,1323,785,1324,-1,1324,785,783,-1,1324,783,1325,-1,1325,783,829,-1,1325,829,1326,-1,1326,829,831,-1,1326,831,1327,-1,1327,831,841,-1,1327,841,1328,-1,1328,841,840,-1,1328,840,1329,-1,1329,840,781,-1,1329,781,1330,-1,1330,781,779,-1,1330,779,1331,-1,1331,779,778,-1,1331,778,1332,-1,1332,778,772,-1,1332,772,1310,-1,1310,772,771,-1,1310,771,1256,-1,1256,771,1257,-1,1305,1303,1333,-1,1305,1333,1304,-1,1308,1307,1333,-1,1333,1307,1306,-1,1333,1306,1304,-1,1332,1310,1333,-1,1333,1310,1309,-1,1333,1309,1308,-1,1329,1330,1333,-1,1333,1330,1331,-1,1333,1331,1332,-1,1326,1327,1333,-1,1333,1327,1328,-1,1333,1328,1329,-1,1323,1324,1333,-1,1333,1324,1325,-1,1333,1325,1326,-1,1320,1321,1333,-1,1333,1321,1322,-1,1333,1322,1323,-1,1317,1318,1333,-1,1333,1318,1319,-1,1333,1319,1320,-1,1314,1315,1333,-1,1333,1315,1316,-1,1333,1316,1317,-1,1311,1312,1333,-1,1333,1312,1313,-1,1333,1313,1314,-1,1300,1298,1333,-1,1333,1298,1299,-1,1333,1299,1311,-1,1303,1302,1333,-1,1333,1302,1301,-1,1333,1301,1300,-1,1052,1334,1054,-1,1065,1335,1067,-1,947,949,1008,-1,947,1336,941,-1,941,1336,1337,-1,941,1337,979,-1,950,1338,951,-1,951,1338,1339,-1,951,1339,957,-1,959,1340,960,-1,960,1340,1341,-1,960,1341,961,-1,958,1342,952,-1,952,1342,1340,-1,952,1340,953,-1,953,1340,959,-1,981,980,1343,-1,1343,1344,981,-1,981,1344,1345,-1,981,1345,935,-1,988,964,1346,-1,1346,964,966,-1,1346,966,1347,-1,1347,966,940,-1,1347,940,1345,-1,1345,940,928,-1,1345,928,935,-1,1067,1335,1068,-1,1068,1335,1348,-1,1068,1348,1069,-1,1069,1348,1070,-1,1070,1348,1349,-1,1070,1349,1072,-1,1072,1349,1073,-1,1073,1349,1350,-1,1073,1350,1074,-1,1074,1350,1051,-1,1051,1350,1351,-1,1051,1351,1052,-1,1054,1334,1055,-1,1055,1334,1352,-1,1055,1352,1056,-1,1056,1352,1009,-1,1009,1352,1353,-1,1009,1353,1010,-1,1010,1354,1012,-1,1012,1354,1028,-1,1028,1354,1029,-1,1029,1354,1355,-1,1029,1355,1030,-1,947,1008,1336,-1,1336,1008,1032,-1,1336,1032,1030,-1,1030,1355,1336,-1,1336,1355,1338,-1,1336,1338,1337,-1,1337,1338,950,-1,1337,950,979,-1,1010,1353,1354,-1,1354,1353,1356,-1,1354,1356,1355,-1,1355,1356,1357,-1,1355,1357,1338,-1,1338,1357,1342,-1,1338,1342,1339,-1,1339,1342,958,-1,1339,958,957,-1,1052,1351,1334,-1,1334,1351,1358,-1,1334,1358,1352,-1,1352,1358,1359,-1,1352,1359,1353,-1,1353,1359,1360,-1,1353,1360,1356,-1,1356,1360,1361,-1,1356,1361,1357,-1,1357,1361,1362,-1,1357,1362,1342,-1,1342,1362,1363,-1,1342,1363,1340,-1,1340,1363,1343,-1,1340,1343,1341,-1,1341,1343,980,-1,1341,980,961,-1,753,1364,754,-1,799,1365,735,-1,743,1366,745,-1,745,1366,746,-1,746,1366,1367,-1,746,1367,757,-1,757,1367,758,-1,758,1367,1368,-1,758,1368,760,-1,760,1368,761,-1,761,1368,1369,-1,761,1369,797,-1,797,1369,798,-1,798,1369,1370,-1,798,1370,799,-1,735,1365,736,-1,736,1365,1371,-1,736,1371,794,-1,794,1371,755,-1,755,1371,1372,-1,755,1372,756,-1,756,1373,795,-1,795,1373,796,-1,796,1373,751,-1,751,1373,1374,-1,751,1374,753,-1,754,1364,777,-1,777,1364,1375,-1,777,1375,729,-1,1041,1040,1375,-1,1375,1040,1039,-1,1375,1039,729,-1,1042,1376,1043,-1,1043,1376,1377,-1,1043,1377,1057,-1,1059,1378,1060,-1,1060,1378,1379,-1,1060,1379,1046,-1,1058,1380,1044,-1,1044,1380,1378,-1,1044,1378,1045,-1,1045,1378,1059,-1,1048,1047,1381,-1,1381,1382,1048,-1,1048,1382,1383,-1,1048,1383,1014,-1,1065,1061,1384,-1,1384,1061,1082,-1,1384,1082,1385,-1,1385,1082,1078,-1,1385,1078,1383,-1,1383,1078,1016,-1,1383,1016,1014,-1,753,1374,1364,-1,1364,1374,1376,-1,1364,1376,1375,-1,1375,1376,1042,-1,1375,1042,1041,-1,756,1372,1373,-1,1373,1372,1386,-1,1373,1386,1374,-1,1374,1386,1387,-1,1374,1387,1376,-1,1376,1387,1380,-1,1376,1380,1377,-1,1377,1380,1058,-1,1377,1058,1057,-1,799,1370,1365,-1,1365,1370,1388,-1,1365,1388,1371,-1,1371,1388,1389,-1,1371,1389,1372,-1,1372,1389,1390,-1,1372,1390,1386,-1,1386,1390,1391,-1,1386,1391,1387,-1,1387,1391,1392,-1,1387,1392,1380,-1,1380,1392,1393,-1,1380,1393,1378,-1,1378,1393,1381,-1,1378,1381,1379,-1,1379,1381,1047,-1,1379,1047,1046,-1,1015,1017,1394,-1,1064,1395,1062,-1,822,821,1396,-1,1396,821,791,-1,1396,791,727,-1,822,1396,823,-1,823,1396,1397,-1,823,1397,824,-1,818,814,1398,-1,1398,814,816,-1,1398,816,1399,-1,1399,816,817,-1,825,1400,826,-1,826,1400,1401,-1,826,1401,789,-1,789,1401,1399,-1,789,1399,790,-1,790,1399,817,-1,819,818,1402,-1,1402,1403,819,-1,819,1403,1404,-1,819,1404,820,-1,773,813,1405,-1,1405,813,812,-1,1405,812,1406,-1,1406,812,810,-1,1406,810,1404,-1,1404,810,809,-1,1404,809,820,-1,1062,1395,1063,-1,1063,1395,1407,-1,1063,1407,1080,-1,1080,1407,1081,-1,1081,1407,1408,-1,1081,1408,1083,-1,1083,1408,1084,-1,1084,1408,1409,-1,1084,1409,1085,-1,1085,1409,1086,-1,1086,1409,1410,-1,1086,1410,1087,-1,1411,1077,1412,-1,1412,1077,1079,-1,1412,1079,1087,-1,1017,1018,1394,-1,1394,1018,1027,-1,1394,1027,1413,-1,1413,1027,1026,-1,1413,1026,1411,-1,1411,1026,1025,-1,1411,1025,1077,-1,1075,1076,1414,-1,1414,1076,1013,-1,1414,1013,1415,-1,1087,1410,1412,-1,1412,1410,1416,-1,1412,1416,1411,-1,1411,1416,1417,-1,1411,1417,1413,-1,818,1398,1402,-1,1402,1398,1399,-1,1402,1399,1418,-1,1418,1399,1401,-1,1418,1401,1419,-1,1417,1420,1413,-1,1413,1420,1421,-1,1413,1421,1394,-1,1394,1421,1415,-1,1394,1415,1015,-1,1015,1415,1013,-1,1422,1419,1423,-1,1423,1419,1401,-1,1423,1401,1397,-1,1397,1401,1400,-1,1397,1400,824,-1,824,1400,825,-1,1420,1422,1421,-1,1421,1422,1423,-1,1421,1423,1415,-1,1415,1423,1397,-1,1415,1397,1414,-1,1414,1397,1396,-1,1414,1396,1075,-1,1075,1396,727,-1,936,937,1424,-1,989,1425,990,-1,990,1425,962,-1,962,1425,1426,-1,962,1426,963,-1,963,1426,965,-1,965,1426,1427,-1,965,1427,967,-1,967,1427,968,-1,968,1427,1428,-1,968,1428,969,-1,969,1428,938,-1,938,1428,1429,-1,938,1429,939,-1,1430,945,1431,-1,1431,945,944,-1,1431,944,939,-1,937,929,1424,-1,1424,929,927,-1,1424,927,1432,-1,1432,927,926,-1,1432,926,1430,-1,1430,926,946,-1,1430,946,945,-1,943,942,1433,-1,1433,942,934,-1,1433,934,1434,-1,1021,1020,1435,-1,1435,1020,1019,-1,1435,1019,948,-1,1021,1435,1033,-1,1033,1435,1436,-1,1033,1436,1034,-1,1023,1024,1437,-1,1437,1024,1050,-1,1437,1050,1438,-1,1438,1050,1049,-1,1035,1439,1036,-1,1036,1439,1440,-1,1036,1440,1037,-1,1037,1440,1438,-1,1037,1438,1038,-1,1038,1438,1049,-1,1022,1023,1441,-1,1441,1442,1022,-1,1022,1442,1443,-1,1022,1443,1031,-1,1064,1066,1444,-1,1444,1066,1071,-1,1444,1071,1445,-1,1445,1071,1053,-1,1445,1053,1443,-1,1443,1053,1011,-1,1443,1011,1031,-1,939,1429,1431,-1,1431,1429,1446,-1,1431,1446,1430,-1,1430,1446,1447,-1,1430,1447,1432,-1,1023,1437,1441,-1,1441,1437,1438,-1,1441,1438,1448,-1,1448,1438,1440,-1,1448,1440,1449,-1,1447,1450,1432,-1,1432,1450,1451,-1,1432,1451,1424,-1,1424,1451,1434,-1,1424,1434,936,-1,936,1434,934,-1,1452,1449,1453,-1,1453,1449,1440,-1,1453,1440,1436,-1,1436,1440,1439,-1,1436,1439,1034,-1,1034,1439,1035,-1,1450,1452,1451,-1,1451,1452,1453,-1,1451,1453,1434,-1,1434,1453,1436,-1,1434,1436,1433,-1,1433,1436,1435,-1,1433,1435,943,-1,943,1435,948,-1,976,1454,954,-1,1004,1455,1005,-1,988,1456,985,-1,954,1454,991,-1,991,1454,1457,-1,991,1457,867,-1,884,870,1457,-1,1457,870,869,-1,1457,869,867,-1,885,1458,886,-1,886,1458,1459,-1,886,1459,911,-1,887,1460,888,-1,888,1460,1461,-1,888,1461,889,-1,912,1462,872,-1,872,1462,1460,-1,872,1460,873,-1,873,1460,887,-1,914,913,1463,-1,1463,1464,914,-1,914,1464,1465,-1,914,1465,854,-1,907,900,1466,-1,1466,900,865,-1,1466,865,1467,-1,1467,865,861,-1,1467,861,1465,-1,1465,861,850,-1,1465,850,854,-1,985,1456,984,-1,984,1456,1468,-1,984,1468,982,-1,982,1468,999,-1,999,1468,1469,-1,999,1469,1000,-1,1000,1469,1001,-1,1001,1469,1470,-1,1001,1470,1002,-1,1002,1470,1003,-1,1003,1470,1471,-1,1003,1471,1004,-1,1005,1455,1006,-1,1006,1455,1472,-1,1006,1472,1007,-1,1007,1472,930,-1,930,1472,1473,-1,930,1473,931,-1,931,1474,933,-1,933,1474,973,-1,973,1474,974,-1,974,1474,1475,-1,974,1475,976,-1,976,1475,1454,-1,1454,1475,1458,-1,1454,1458,1457,-1,1457,1458,885,-1,1457,885,884,-1,931,1473,1474,-1,1474,1473,1476,-1,1474,1476,1475,-1,1475,1476,1477,-1,1475,1477,1458,-1,1458,1477,1462,-1,1458,1462,1459,-1,1459,1462,912,-1,1459,912,911,-1,1004,1471,1455,-1,1455,1471,1478,-1,1455,1478,1472,-1,1472,1478,1479,-1,1472,1479,1473,-1,1473,1479,1480,-1,1473,1480,1476,-1,1476,1480,1481,-1,1476,1481,1477,-1,1477,1481,1482,-1,1477,1482,1462,-1,1462,1482,1483,-1,1462,1483,1460,-1,1460,1483,1463,-1,1460,1463,1461,-1,1461,1463,913,-1,1461,913,889,-1,855,856,1484,-1,906,1485,901,-1,901,1485,902,-1,902,1485,1486,-1,902,1486,903,-1,903,1486,904,-1,904,1486,1487,-1,904,1487,905,-1,905,1487,864,-1,864,1487,1488,-1,864,1488,863,-1,863,1488,882,-1,882,1488,1489,-1,882,1489,883,-1,1490,860,1491,-1,1491,860,862,-1,1491,862,883,-1,856,852,1484,-1,1484,852,851,-1,1484,851,1492,-1,1492,851,849,-1,1492,849,1490,-1,1490,849,848,-1,1490,848,860,-1,868,871,1493,-1,1493,871,853,-1,1493,853,1494,-1,994,993,1495,-1,1495,993,992,-1,1495,992,866,-1,994,1495,995,-1,995,1495,1496,-1,995,1496,996,-1,978,972,1497,-1,1497,972,971,-1,1497,971,1498,-1,1498,971,970,-1,997,1499,998,-1,998,1499,1500,-1,998,1500,955,-1,955,1500,1498,-1,955,1498,956,-1,956,1498,970,-1,977,978,1501,-1,1501,1502,977,-1,977,1502,1503,-1,977,1503,975,-1,989,987,1504,-1,1504,987,986,-1,1504,986,1505,-1,1505,986,983,-1,1505,983,1503,-1,1503,983,932,-1,1503,932,975,-1,883,1489,1491,-1,1491,1489,1506,-1,1491,1506,1490,-1,1490,1506,1507,-1,1490,1507,1492,-1,978,1497,1501,-1,1501,1497,1498,-1,1501,1498,1508,-1,1508,1498,1500,-1,1508,1500,1509,-1,1507,1510,1492,-1,1492,1510,1511,-1,1492,1511,1484,-1,1484,1511,1494,-1,1484,1494,855,-1,855,1494,853,-1,1512,1509,1513,-1,1513,1509,1500,-1,1513,1500,1496,-1,1496,1500,1499,-1,1496,1499,996,-1,996,1499,997,-1,1510,1512,1511,-1,1511,1512,1513,-1,1511,1513,1494,-1,1494,1513,1496,-1,1494,1496,1493,-1,1493,1496,1495,-1,1493,1495,868,-1,868,1495,866,-1,896,1514,876,-1,880,1515,881,-1,907,1516,909,-1,909,1516,910,-1,910,1516,1517,-1,910,1517,918,-1,918,1517,919,-1,919,1517,1518,-1,919,1518,921,-1,921,1518,922,-1,922,1518,1519,-1,922,1519,923,-1,923,1519,879,-1,879,1519,1520,-1,879,1520,880,-1,881,1515,858,-1,858,1515,1521,-1,858,1521,859,-1,859,1521,844,-1,844,1521,1522,-1,844,1522,845,-1,845,1523,847,-1,847,1523,893,-1,893,1523,894,-1,894,1523,1524,-1,894,1524,896,-1,876,1514,874,-1,874,1514,1525,-1,874,1525,770,-1,804,803,1525,-1,1525,803,768,-1,1525,768,770,-1,805,1526,800,-1,800,1526,1527,-1,800,1527,801,-1,732,1528,733,-1,733,1528,1529,-1,733,1529,762,-1,802,1530,766,-1,766,1530,1528,-1,766,1528,767,-1,767,1528,732,-1,764,763,1531,-1,1531,1532,764,-1,764,1532,1533,-1,764,1533,749,-1,743,741,1534,-1,1534,741,739,-1,1534,739,1535,-1,1535,739,738,-1,1535,738,1533,-1,1533,738,747,-1,1533,747,749,-1,896,1524,1514,-1,1514,1524,1526,-1,1514,1526,1525,-1,1525,1526,805,-1,1525,805,804,-1,845,1522,1523,-1,1523,1522,1536,-1,1523,1536,1524,-1,1524,1536,1537,-1,1524,1537,1526,-1,1526,1537,1530,-1,1526,1530,1527,-1,1527,1530,802,-1,1527,802,801,-1,880,1520,1515,-1,1515,1520,1538,-1,1515,1538,1521,-1,1521,1538,1539,-1,1521,1539,1522,-1,1522,1539,1540,-1,1522,1540,1536,-1,1536,1540,1541,-1,1536,1541,1537,-1,1537,1541,1542,-1,1537,1542,1530,-1,1530,1542,1543,-1,1530,1543,1528,-1,1528,1543,1531,-1,1528,1531,1529,-1,1529,1531,763,-1,1529,763,762,-1,838,837,1544,-1,773,1545,806,-1,806,1545,807,-1,807,1545,1546,-1,807,1546,808,-1,808,1546,787,-1,787,1546,1547,-1,787,1547,786,-1,786,1547,784,-1,784,1547,1548,-1,784,1548,782,-1,782,1548,834,-1,834,1548,1549,-1,834,1549,835,-1,1550,827,1551,-1,1551,827,836,-1,1551,836,835,-1,837,833,1544,-1,1544,833,832,-1,1544,832,1552,-1,1552,832,830,-1,1552,830,1550,-1,1550,830,828,-1,1550,828,827,-1,842,843,1553,-1,1553,843,839,-1,1553,839,1554,-1,878,877,1555,-1,1555,877,875,-1,1555,875,780,-1,878,1555,890,-1,890,1555,1556,-1,890,1556,891,-1,898,899,1557,-1,1557,899,925,-1,1557,925,1558,-1,1558,925,924,-1,892,1559,915,-1,915,1559,1560,-1,915,1560,916,-1,916,1560,1558,-1,916,1558,917,-1,917,1558,924,-1,897,898,1561,-1,1561,1562,897,-1,897,1562,1563,-1,897,1563,895,-1,906,908,1564,-1,1564,908,920,-1,1564,920,1565,-1,1565,920,857,-1,1565,857,1563,-1,1563,857,846,-1,1563,846,895,-1,835,1549,1551,-1,1551,1549,1566,-1,1551,1566,1550,-1,1550,1566,1567,-1,1550,1567,1552,-1,898,1557,1561,-1,1561,1557,1558,-1,1561,1558,1568,-1,1568,1558,1560,-1,1568,1560,1569,-1,1567,1570,1552,-1,1552,1570,1571,-1,1552,1571,1544,-1,1544,1571,1554,-1,1544,1554,838,-1,838,1554,839,-1,1572,1569,1573,-1,1573,1569,1560,-1,1573,1560,1556,-1,1556,1560,1559,-1,1556,1559,891,-1,891,1559,892,-1,1570,1572,1571,-1,1571,1572,1573,-1,1571,1573,1554,-1,1554,1573,1556,-1,1554,1556,1553,-1,1553,1556,1555,-1,1553,1555,842,-1,842,1555,780,-1,1486,1485,773,-1,1485,906,773,-1,773,906,1564,-1,773,1564,1545,-1,773,989,1504,-1,1417,1416,1405,-1,1405,1064,773,-1,773,1064,1444,-1,773,1444,1445,-1,1445,1443,773,-1,773,1443,1442,-1,773,1442,1441,-1,1427,1426,773,-1,773,1426,1425,-1,773,1425,989,-1,1418,1419,1405,-1,1408,1407,1405,-1,1405,1407,1395,-1,1405,1395,1064,-1,1441,1448,773,-1,773,1448,1449,-1,773,1449,1452,-1,1452,1450,773,-1,773,1450,1447,-1,773,1447,1446,-1,1446,1429,773,-1,773,1429,1428,-1,773,1428,1427,-1,1564,1565,1545,-1,1545,1565,1563,-1,1545,1563,1562,-1,1562,1561,1545,-1,1545,1561,1568,-1,1545,1568,1569,-1,1549,1548,1547,-1,1406,1404,1403,-1,1419,1422,1405,-1,1405,1422,1420,-1,1405,1420,1417,-1,1416,1410,1405,-1,1405,1410,1409,-1,1405,1409,1408,-1,1507,1506,773,-1,773,1506,1489,-1,1569,1572,1545,-1,1545,1572,1570,-1,1545,1570,1567,-1,1567,1566,1545,-1,1545,1566,1549,-1,1545,1549,1546,-1,1546,1549,1547,-1,1504,1505,773,-1,773,1505,1503,-1,773,1503,1502,-1,1502,1501,773,-1,773,1501,1508,-1,773,1508,1509,-1,1509,1512,773,-1,773,1512,1510,-1,773,1510,1507,-1,1489,1488,773,-1,773,1488,1487,-1,773,1487,1486,-1,1406,1403,1405,-1,1405,1403,1402,-1,1405,1402,1418,-1,1574,1575,1351,-1,1576,1468,1577,-1,1577,1468,1456,-1,1577,1456,1578,-1,1579,1470,1576,-1,1576,1470,1469,-1,1576,1469,1468,-1,1580,1478,1579,-1,1579,1478,1471,-1,1579,1471,1470,-1,1540,1581,1541,-1,1541,1581,1582,-1,1541,1582,1542,-1,1542,1582,1583,-1,1542,1583,1543,-1,1543,1583,1531,-1,1531,1583,1584,-1,1531,1584,1532,-1,1532,1584,1585,-1,1532,1585,1533,-1,1586,1587,1343,-1,1588,1589,1483,-1,1590,1591,1467,-1,1592,1593,1518,-1,1540,1539,1581,-1,1581,1539,1538,-1,1581,1538,1594,-1,1594,1538,1520,-1,1594,1520,1593,-1,1593,1520,1519,-1,1593,1519,1518,-1,1595,1596,1388,-1,1597,1598,1393,-1,1343,1587,1344,-1,1344,1587,1599,-1,1344,1599,1345,-1,1483,1482,1588,-1,1588,1482,1481,-1,1588,1481,1600,-1,1600,1481,1480,-1,1600,1480,1580,-1,1580,1480,1479,-1,1580,1479,1478,-1,1467,1465,1590,-1,1590,1465,1464,-1,1590,1464,1589,-1,1589,1464,1463,-1,1589,1463,1483,-1,1518,1517,1592,-1,1592,1517,1516,-1,1592,1516,1601,-1,1601,1516,907,-1,1601,907,1591,-1,1591,907,1466,-1,1591,1466,1467,-1,1393,1392,1597,-1,1597,1392,1391,-1,1597,1391,1602,-1,1602,1391,1390,-1,1602,1390,1596,-1,1596,1390,1389,-1,1596,1389,1388,-1,1603,1604,1385,-1,1605,1359,1575,-1,1575,1359,1358,-1,1575,1358,1351,-1,1456,988,1578,-1,1578,988,1346,-1,1578,1346,1599,-1,1599,1346,1347,-1,1599,1347,1345,-1,1606,1534,1585,-1,1585,1534,1535,-1,1585,1535,1533,-1,1607,1367,1608,-1,1608,1367,1366,-1,1608,1366,1606,-1,1606,1366,743,-1,1606,743,1534,-1,1388,1370,1595,-1,1595,1370,1369,-1,1595,1369,1607,-1,1607,1369,1368,-1,1607,1368,1367,-1,1385,1383,1603,-1,1603,1383,1382,-1,1603,1382,1598,-1,1598,1382,1381,-1,1598,1381,1393,-1,1609,1335,1610,-1,1610,1335,1065,-1,1610,1065,1604,-1,1604,1065,1384,-1,1604,1384,1385,-1,1343,1363,1586,-1,1586,1363,1362,-1,1586,1362,1611,-1,1611,1362,1361,-1,1611,1361,1605,-1,1605,1361,1360,-1,1605,1360,1359,-1,1351,1350,1574,-1,1574,1350,1349,-1,1574,1349,1609,-1,1609,1349,1348,-1,1609,1348,1335,-1,1610,1612,1609,-1,1609,1612,1613,-1,1609,1613,1574,-1,1574,1613,1614,-1,1574,1614,1575,-1,1575,1614,1615,-1,1575,1615,1605,-1,1605,1615,1616,-1,1605,1616,1611,-1,1611,1616,1617,-1,1611,1617,1586,-1,1586,1617,1618,-1,1586,1618,1587,-1,1587,1618,1619,-1,1587,1619,1599,-1,1599,1619,1620,-1,1599,1620,1578,-1,1578,1620,1621,-1,1578,1621,1577,-1,1577,1621,1622,-1,1577,1622,1576,-1,1576,1622,1623,-1,1576,1623,1579,-1,1579,1623,1624,-1,1579,1624,1580,-1,1580,1624,1625,-1,1580,1625,1600,-1,1600,1625,1626,-1,1600,1626,1588,-1,1588,1626,1627,-1,1588,1627,1589,-1,1589,1627,1628,-1,1589,1628,1590,-1,1590,1628,1629,-1,1590,1629,1591,-1,1591,1629,1630,-1,1591,1630,1601,-1,1601,1630,1631,-1,1601,1631,1592,-1,1592,1631,1632,-1,1592,1632,1593,-1,1593,1632,1633,-1,1593,1633,1594,-1,1594,1633,1634,-1,1594,1634,1581,-1,1581,1634,1635,-1,1581,1635,1582,-1,1582,1635,1636,-1,1582,1636,1583,-1,1583,1636,1637,-1,1583,1637,1584,-1,1584,1637,1638,-1,1584,1638,1585,-1,1585,1638,1639,-1,1585,1639,1606,-1,1606,1639,1640,-1,1606,1640,1608,-1,1608,1640,1641,-1,1608,1641,1607,-1,1607,1641,1642,-1,1607,1642,1595,-1,1595,1642,1643,-1,1595,1643,1596,-1,1596,1643,1644,-1,1596,1644,1602,-1,1602,1644,1645,-1,1602,1645,1597,-1,1597,1645,1646,-1,1597,1646,1598,-1,1598,1646,1647,-1,1598,1647,1603,-1,1603,1647,1648,-1,1603,1648,1604,-1,1604,1648,1649,-1,1604,1649,1610,-1,1610,1649,1612,-1,1637,1636,1650,-1,1651,1652,1617,-1,1617,1652,1618,-1,1647,1646,1653,-1,1654,1641,1655,-1,1655,1641,1640,-1,1655,1640,720,-1,720,1640,1639,-1,1634,1656,1635,-1,1635,1656,1657,-1,1635,1657,1636,-1,1636,1657,1658,-1,1636,1658,1650,-1,1632,1631,1659,-1,1654,1660,1641,-1,1641,1660,1661,-1,1641,1661,1642,-1,1642,1661,1662,-1,1642,1662,1643,-1,1633,1663,1634,-1,1634,1663,1664,-1,1634,1664,1656,-1,1659,1665,1632,-1,1632,1665,1666,-1,1632,1666,1633,-1,1633,1666,1667,-1,1633,1667,1663,-1,1620,1619,1668,-1,1652,1669,1618,-1,1618,1669,1670,-1,1618,1670,1619,-1,1619,1670,1671,-1,1619,1671,1668,-1,1651,1617,1672,-1,1672,1617,1616,-1,1672,1616,1673,-1,1673,1616,1615,-1,1673,1615,1674,-1,1674,1615,1675,-1,1675,1615,1614,-1,1675,1614,1676,-1,1653,1646,1677,-1,1677,1646,1645,-1,1677,1645,1678,-1,1638,1679,1639,-1,1639,1679,1680,-1,1639,1680,720,-1,1650,1681,1637,-1,1637,1681,1682,-1,1637,1682,1638,-1,1638,1682,1683,-1,1638,1683,1679,-1,1684,1685,1626,-1,1626,1685,1686,-1,1626,1686,1627,-1,1627,1686,1687,-1,1627,1687,1628,-1,1684,1626,1688,-1,1688,1626,1625,-1,1688,1625,1689,-1,1689,1625,1624,-1,1689,1624,1690,-1,1690,1624,1691,-1,1691,1624,1623,-1,1691,1623,1692,-1,1692,1623,1622,-1,1692,1622,1693,-1,1662,1694,1643,-1,1643,1694,1695,-1,1643,1695,1644,-1,1644,1695,1696,-1,1644,1696,1645,-1,1645,1696,1697,-1,1645,1697,1678,-1,1668,1698,1620,-1,1620,1698,330,-1,1620,330,1621,-1,1621,330,1699,-1,1621,1699,1622,-1,1622,1699,1700,-1,1622,1700,1693,-1,1676,1614,1701,-1,1701,1614,1613,-1,1701,1613,1702,-1,1702,1613,1612,-1,1702,1612,1703,-1,1629,1704,1630,-1,1630,1704,678,-1,1630,678,1631,-1,1631,678,1705,-1,1631,1705,1659,-1,1687,1706,1628,-1,1628,1706,1707,-1,1628,1707,1629,-1,1629,1707,1708,-1,1629,1708,1704,-1,1648,1709,1649,-1,1649,1709,629,-1,1649,629,1612,-1,1612,629,1710,-1,1612,1710,1703,-1,1653,1711,1647,-1,1647,1711,1712,-1,1647,1712,1648,-1,1648,1712,1713,-1,1648,1713,1709,-1,642,641,1714,-1,678,1704,673,-1,1715,1716,1717,-1,1717,1716,1718,-1,1717,1718,480,-1,1715,1717,1719,-1,1719,1717,1720,-1,1719,1720,1721,-1,1722,1723,1724,-1,1724,1723,1725,-1,1724,1725,1726,-1,1726,1725,1727,-1,1728,1729,1730,-1,1730,1729,1731,-1,1730,1731,1732,-1,1732,1731,1726,-1,1732,1726,1733,-1,1733,1726,1727,-1,1734,1722,1691,-1,1691,1692,1734,-1,1734,1692,1693,-1,1734,1693,1735,-1,330,1736,1699,-1,1699,1736,1737,-1,1699,1737,1700,-1,1700,1737,1738,-1,1700,1738,1693,-1,1693,1738,1739,-1,1693,1739,1735,-1,673,1704,674,-1,674,1704,1708,-1,674,1708,675,-1,675,1708,658,-1,658,1708,1707,-1,658,1707,659,-1,659,1707,660,-1,660,1707,1706,-1,660,1706,661,-1,661,1706,662,-1,662,1706,1687,-1,662,1687,663,-1,1740,649,1741,-1,1741,649,648,-1,1741,648,663,-1,641,640,1714,-1,1714,640,639,-1,1714,639,1742,-1,1742,639,638,-1,1742,638,1740,-1,1740,638,650,-1,1740,650,649,-1,652,644,1743,-1,1743,644,643,-1,1743,643,1744,-1,663,1687,1741,-1,1741,1687,1686,-1,1741,1686,1740,-1,1740,1686,1685,-1,1740,1685,1742,-1,1722,1724,1691,-1,1691,1724,1726,-1,1691,1726,1690,-1,1690,1726,1731,-1,1690,1731,1689,-1,1685,1684,1742,-1,1742,1684,1745,-1,1742,1745,1714,-1,1714,1745,1744,-1,1714,1744,642,-1,642,1744,643,-1,1688,1689,1746,-1,1746,1689,1731,-1,1746,1731,1720,-1,1720,1731,1729,-1,1720,1729,1721,-1,1721,1729,1728,-1,1684,1688,1745,-1,1745,1688,1746,-1,1745,1746,1744,-1,1744,1746,1720,-1,1744,1720,1743,-1,1743,1720,1717,-1,1743,1717,652,-1,652,1717,480,-1,1747,1748,1749,-1,330,1698,1750,-1,1750,1698,1751,-1,1751,1698,1668,-1,1751,1668,1752,-1,1752,1668,1753,-1,1753,1668,1671,-1,1753,1671,1754,-1,1754,1671,1755,-1,1755,1671,1670,-1,1755,1670,1756,-1,1756,1670,1757,-1,1757,1670,1669,-1,1757,1669,1758,-1,1759,1760,1761,-1,1761,1760,1762,-1,1761,1762,1758,-1,1748,1763,1749,-1,1749,1763,1764,-1,1749,1764,1765,-1,1765,1764,1766,-1,1765,1766,1759,-1,1759,1766,1767,-1,1759,1767,1760,-1,1768,1769,1770,-1,1770,1769,1771,-1,1770,1771,1772,-1,607,604,1773,-1,1773,604,603,-1,1773,603,38,-1,607,1773,608,-1,608,1773,1774,-1,608,1774,609,-1,633,628,1775,-1,1775,628,627,-1,1775,627,1776,-1,1776,627,626,-1,619,1777,620,-1,620,1777,1778,-1,620,1778,605,-1,605,1778,1776,-1,605,1776,606,-1,606,1776,626,-1,634,633,1676,-1,1676,1701,634,-1,634,1701,1702,-1,634,1702,630,-1,629,622,1710,-1,1710,622,621,-1,1710,621,1703,-1,1703,621,632,-1,1703,632,1702,-1,1702,632,631,-1,1702,631,630,-1,1758,1669,1761,-1,1761,1669,1652,-1,1761,1652,1759,-1,1759,1652,1651,-1,1759,1651,1765,-1,633,1775,1676,-1,1676,1775,1776,-1,1676,1776,1675,-1,1675,1776,1778,-1,1675,1778,1674,-1,1651,1672,1765,-1,1765,1672,1779,-1,1765,1779,1749,-1,1749,1779,1772,-1,1749,1772,1747,-1,1747,1772,1771,-1,1673,1674,1780,-1,1780,1674,1778,-1,1780,1778,1774,-1,1774,1778,1777,-1,1774,1777,609,-1,609,1777,619,-1,1672,1673,1779,-1,1779,1673,1780,-1,1779,1780,1772,-1,1772,1780,1774,-1,1772,1774,1770,-1,1770,1774,1773,-1,1770,1773,1768,-1,1768,1773,38,-1,596,595,1781,-1,629,1709,623,-1,623,1709,624,-1,624,1709,1713,-1,624,1713,625,-1,625,1713,610,-1,610,1713,1712,-1,610,1712,611,-1,611,1712,612,-1,612,1712,1711,-1,612,1711,613,-1,613,1711,614,-1,614,1711,1653,-1,614,1653,615,-1,1782,617,1783,-1,1783,617,616,-1,1783,616,615,-1,595,594,1781,-1,1781,594,593,-1,1781,593,1784,-1,1784,593,592,-1,1784,592,1782,-1,1782,592,618,-1,1782,618,617,-1,602,598,1785,-1,1785,598,597,-1,1785,597,1786,-1,696,695,1787,-1,1787,695,694,-1,1787,694,601,-1,696,1787,697,-1,697,1787,1788,-1,697,1788,698,-1,701,702,1789,-1,1789,702,712,-1,1789,712,1790,-1,1790,712,711,-1,699,1791,703,-1,703,1791,1792,-1,703,1792,704,-1,704,1792,1790,-1,704,1790,705,-1,705,1790,711,-1,700,701,1662,-1,1662,1661,700,-1,700,1661,1660,-1,700,1660,706,-1,720,719,1655,-1,1655,719,718,-1,1655,718,1654,-1,1654,718,708,-1,1654,708,1660,-1,1660,708,707,-1,1660,707,706,-1,615,1653,1783,-1,1783,1653,1677,-1,1783,1677,1782,-1,1782,1677,1678,-1,1782,1678,1784,-1,701,1789,1662,-1,1662,1789,1790,-1,1662,1790,1694,-1,1694,1790,1792,-1,1694,1792,1695,-1,1678,1697,1784,-1,1784,1697,1793,-1,1784,1793,1781,-1,1781,1793,1786,-1,1781,1786,596,-1,596,1786,597,-1,1696,1695,1794,-1,1794,1695,1792,-1,1794,1792,1788,-1,1788,1792,1791,-1,1788,1791,698,-1,698,1791,699,-1,1697,1696,1793,-1,1793,1696,1794,-1,1793,1794,1786,-1,1786,1794,1788,-1,1786,1788,1785,-1,1785,1788,1787,-1,1785,1787,602,-1,602,1787,601,-1,684,683,1795,-1,720,1680,715,-1,655,654,1796,-1,1796,654,653,-1,1796,653,637,-1,655,1796,656,-1,656,1796,1797,-1,656,1797,657,-1,668,667,1798,-1,1798,667,666,-1,1798,666,1799,-1,1799,666,665,-1,645,1800,646,-1,646,1800,1801,-1,646,1801,647,-1,647,1801,1799,-1,647,1799,664,-1,664,1799,665,-1,669,668,1667,-1,1667,1666,669,-1,669,1666,1665,-1,669,1665,670,-1,678,677,1705,-1,1705,677,676,-1,1705,676,1659,-1,1659,676,672,-1,1659,672,1665,-1,1665,672,671,-1,1665,671,670,-1,715,1680,716,-1,716,1680,1679,-1,716,1679,717,-1,717,1679,709,-1,709,1679,1683,-1,709,1683,710,-1,710,1683,713,-1,713,1683,1682,-1,713,1682,714,-1,714,1682,687,-1,687,1682,1681,-1,687,1681,688,-1,1802,692,1803,-1,1803,692,689,-1,1803,689,688,-1,683,682,1795,-1,1795,682,681,-1,1795,681,1804,-1,1804,681,680,-1,1804,680,1802,-1,1802,680,693,-1,1802,693,692,-1,691,686,1805,-1,1805,686,685,-1,1805,685,1806,-1,688,1681,1803,-1,1803,1681,1650,-1,1803,1650,1802,-1,1802,1650,1658,-1,1802,1658,1804,-1,668,1798,1667,-1,1667,1798,1799,-1,1667,1799,1663,-1,1663,1799,1801,-1,1663,1801,1664,-1,1658,1657,1804,-1,1804,1657,1807,-1,1804,1807,1795,-1,1795,1807,1806,-1,1795,1806,684,-1,684,1806,685,-1,1656,1664,1808,-1,1808,1664,1801,-1,1808,1801,1797,-1,1797,1801,1800,-1,1797,1800,657,-1,657,1800,645,-1,1657,1656,1807,-1,1807,1656,1808,-1,1807,1808,1806,-1,1806,1808,1797,-1,1806,1797,1805,-1,1805,1797,1796,-1,1805,1796,691,-1,691,1796,637,-1,
        ]
    }
}
Shape{
    appearance Appearance {
        material  Material 	{
            diffuseColor 0.0 0.0 0.0
            specularColor 0.0 0.0 0.0
            ambientIntensity 0.0
            transparency 0.0
            shininess 0.5
        }
    }
    geometry IndexedFaceSet {
        ccw TRUE
        solid FALSE
        coord DEF co Coordinate {
            point [
                -1.1811 -0.113 0.516, -1.1811 -0.113 0.5023, -1.1811 -0.113 0.516, -1.1811 -0.113 0.5023, -1.1811 -0.0652 0.516, -1.1811 -0.0652 0.516, -1.1811 -0.0652 0.6224, -1.1811 -0.0652 0.6224, -1.1811 -0.0497 0.6224, -1.1811 -0.0497 0.6224, -1.1811 -0.0497 0.5023, -1.1811 -0.0497 0.5023, -1.1811 -0.2079 0.5073, -1.1811 -0.2079 0.5073, -1.1811 -0.2058 0.5063, -1.1811 -0.1746 0.5003, -1.1811 -0.1746 0.5003, -1.1811 -0.1929 0.502, -1.1811 -0.1929 0.502, -1.1811 -0.2027 0.5053, -1.1811 -0.2058 0.5063, -1.1811 -0.2079 0.5221, -1.1811 -0.2079 0.5221, -1.1811 -0.2027 0.5198, -1.1811 -0.1961 0.5168, -1.1811 -0.1961 0.5168, -1.1811 -0.1825 0.5143, -1.1811 -0.1825 0.5143, -1.1811 -0.1769 0.5141, -1.1811 -0.1769 0.5141, -1.1811 -0.1648 0.5156, -1.1811 -0.1648 0.5156, -1.1811 -0.1562 0.5189, -1.1811 -0.1562 0.5189, -1.1811 -0.1484 0.5244, -1.1811 -0.1484 0.5244, -1.1811 -0.146 0.5268, -1.1811 -0.146 0.5268, -1.1811 -0.1409 0.5336, -1.1811 -0.1409 0.5336, -1.1811 -0.1367 0.5431, -1.1811 -0.1367 0.5431, -1.1811 -0.1345 0.5547, -1.1811 -0.1345 0.5547, -1.1811 -0.1342 0.561, -1.1811 -0.1342 0.561, -1.1811 -0.1362 0.5776, -1.1811 -0.1362 0.5776, -1.1811 -0.1403 0.588, -1.1811 -0.1403 0.588, -1.1811 -0.1468 0.5971, -1.1811 -0.1468 0.5971, -1.1811 -0.1536 0.603, -1.1811 -0.1536 0.603, -1.1811 -0.1629 0.6077, -1.1811 -0.1629 0.6077, -1.1811 -0.1731 0.6101, -1.1811 -0.1731 0.6101, -1.1811 -0.1796 0.6104, -1.1811 -0.1796 0.6104, -1.1811 -0.2079 0.6033, -1.1811 -0.2079 0.6033, -1.1811 -0.2065 0.604, -1.1811 -0.1943 0.6087, -1.1811 -0.1943 0.6087, -1.1811 -0.2027 0.6055, -1.1811 -0.2065 0.604, -1.1811 -0.2079 0.6195, -1.1811 -0.2079 0.6195, -1.1811 -0.1794 0.6244, -1.1811 -0.1794 0.6244, -1.1811 -0.1795 0.6244, -1.1811 -0.2027 0.621, -1.1811 -0.1952 0.6232, -1.1811 -0.1952 0.6232, -1.1811 -0.1923 0.6234, -1.1811 -0.1795 0.6244, -1.1811 -0.1711 0.6234, -1.1811 -0.162 0.6223, -1.1811 -0.162 0.6223, -1.1811 -0.1494 0.6174, -1.1811 -0.1494 0.6174, -1.1811 -0.1382 0.6096, -1.1811 -0.1382 0.6096, -1.1811 -0.1353 0.6068, -1.1811 -0.1353 0.6068, -1.1811 -0.1266 0.5954, -1.1811 -0.1266 0.5954, -1.1811 -0.1233 0.5877, -1.1811 -0.1209 0.582, -1.1811 -0.1209 0.582, -1.1811 -0.1182 0.5664, -1.1811 -0.1182 0.5664, -1.1811 -0.1179 0.5601, -1.1811 -0.1179 0.5601, -1.1811 -0.1334 0.5167, -1.1811 -0.1334 0.5167, -1.1811 -0.1252 0.5279, -1.1811 -0.1203 0.5405, -1.1811 -0.1203 0.5405, -1.1811 -0.1233 0.5329, -1.1811 -0.1252 0.5279, -1.1811 -0.143 0.5087, -1.1811 -0.143 0.5087, -1.1811 -0.1543 0.5033, -1.1811 -0.1543 0.5033, -1.1811 -0.1674 0.5006, -1.1811 -0.1674 0.5006, -1.1811 -0.2965 0.516, -1.1811 -0.2965 0.5023, -1.1811 -0.2965 0.516, -1.1811 -0.2965 0.5023, -1.1811 -0.2474 0.516, -1.1811 -0.2474 0.516, -1.1811 -0.2798 0.516, -1.1811 -0.2474 0.5564, -1.1811 -0.2474 0.5564, -1.1811 -0.2904 0.5564, -1.1811 -0.2904 0.5564, -1.1811 -0.2798 0.5564, -1.1811 -0.2904 0.5702, -1.1811 -0.2904 0.5702, -1.1811 -0.2474 0.5702, -1.1811 -0.2474 0.5702, -1.1811 -0.2798 0.5702, -1.1811 -0.2474 0.6086, -1.1811 -0.2474 0.6086, -1.1811 -0.2938 0.6086, -1.1811 -0.2938 0.6086, -1.1811 -0.2798 0.6086, -1.1811 -0.2938 0.6224, -1.1811 -0.2938 0.6224, -1.1811 -0.2319 0.6224, -1.1811 -0.2319 0.6224, -1.1811 -0.2798 0.6224, -1.1811 -0.2319 0.5023, -1.1811 -0.2319 0.5023, -1.1811 -0.2798 0.5023, -1.1811 -0.3932 0.535, -1.1811 -0.3878 0.5285, -1.1811 -0.3989 0.5191, -1.1811 -0.3865 0.5273, -1.1811 -0.3864 0.5102, -1.1811 -0.3788 0.5219, -1.1811 -0.3727 0.5048, -1.1811 -0.3689 0.518, -1.1811 -0.3522 0.5023, -1.1811 -0.3521 0.516, -1.1811 -0.3192 0.5023, -1.1811 -0.3347 0.516, -1.1811 -0.3192 0.6224, -1.1811 -0.3347 0.6086, -1.1811 -0.3535 0.6224, -1.1811 -0.3528 0.6086, -1.1811 -0.3718 0.6204, -1.1811 -0.3683 0.6069, -1.1811 -0.3863 0.6151, -1.1811 -0.3787 0.6032, -1.1811 -0.3989 0.6065, -1.1811 -0.3875 0.5973, -1.1811 -0.4031 0.6024, -1.1811 -0.3908 0.5941, -1.1811 -0.4105 0.592, -1.1811 -0.3955 0.5873, -1.1811 -0.415 0.5805, -1.1811 -0.3989 0.5786, -1.1811 -0.417 0.5639, -1.1811 -0.4007 0.5635, -1.1811 -0.4166 0.5563, -1.1811 -0.4001 0.5544, -1.1811 -0.4137 0.5422, -1.1811 -0.3975 0.5437, -1.1811 -0.4078 0.5298, -1.1811 -0.3522 0.5023, -1.1811 -0.3192 0.5023, -1.1811 -0.3727 0.5048, -1.1811 -0.3864 0.5102, -1.1811 -0.3989 0.5191, -1.1811 -0.4078 0.5298, -1.1811 -0.4137 0.5422, -1.1811 -0.4166 0.5563, -1.1811 -0.417 0.5639, -1.1811 -0.415 0.5805, -1.1811 -0.4105 0.592, -1.1811 -0.4031 0.6024, -1.1811 -0.3989 0.6065, -1.1811 -0.3863 0.6151, -1.1811 -0.3718 0.6204, -1.1811 -0.3535 0.6224, -1.1811 -0.3192 0.6224, -1.1811 -0.3528 0.6086, -1.1811 -0.3347 0.6086, -1.1811 -0.3347 0.516, -1.1811 -0.3521 0.516, -1.1811 -0.3878 0.5285, -1.1811 -0.3865 0.5273, -1.1811 -0.3788 0.5219, -1.1811 -0.3689 0.518, -1.1811 -0.4007 0.5635, -1.1811 -0.4001 0.5544, -1.1811 -0.3975 0.5437, -1.1811 -0.3932 0.535, -1.1811 -0.3875 0.5973, -1.1811 -0.3908 0.5941, -1.1811 -0.3955 0.5873, -1.1811 -0.3989 0.5786, -1.1811 -0.3683 0.6069, -1.1811 -0.3787 0.6032
            ]
        }
        coordIndex [
            0,1,2,-1,2,1,3,-1,4,0,5,-1,5,0,2,-1,6,4,7,-1,7,4,5,-1,8,6,9,-1,9,6,7,-1,10,8,11,-1,11,8,9,-1,1,10,3,-1,3,10,11,-1,6,8,4,-1,4,8,10,-1,4,10,0,-1,0,10,1,-1,12,13,14,-1,15,16,17,-1,15,17,18,-1,18,17,19,-1,18,19,14,-1,14,19,20,-1,14,20,12,-1,21,13,22,-1,22,13,12,-1,21,22,23,-1,21,23,24,-1,23,25,24,-1,24,25,26,-1,24,26,27,-1,27,26,28,-1,27,28,29,-1,29,28,30,-1,29,30,31,-1,31,30,32,-1,31,32,33,-1,33,32,34,-1,33,34,35,-1,35,34,36,-1,35,36,37,-1,37,36,38,-1,37,38,39,-1,39,38,40,-1,39,40,41,-1,41,40,42,-1,41,42,43,-1,43,42,44,-1,43,44,45,-1,45,44,46,-1,45,46,47,-1,47,46,48,-1,47,48,49,-1,49,48,50,-1,49,50,51,-1,51,50,52,-1,51,52,53,-1,53,52,54,-1,53,54,55,-1,55,54,56,-1,55,56,57,-1,57,56,58,-1,57,58,59,-1,60,61,62,-1,59,58,63,-1,59,63,64,-1,64,63,65,-1,64,65,62,-1,62,65,66,-1,62,66,60,-1,67,61,68,-1,68,61,60,-1,69,70,71,-1,67,68,72,-1,67,72,73,-1,72,74,73,-1,73,74,75,-1,73,75,71,-1,71,75,76,-1,71,76,69,-1,70,69,77,-1,70,77,78,-1,77,79,78,-1,78,79,80,-1,78,80,81,-1,81,80,82,-1,81,82,83,-1,83,82,84,-1,83,84,85,-1,85,84,86,-1,85,86,87,-1,87,86,88,-1,87,88,89,-1,88,90,89,-1,89,90,91,-1,89,91,92,-1,92,91,93,-1,92,93,94,-1,95,96,97,-1,94,93,98,-1,94,98,99,-1,99,98,100,-1,99,100,97,-1,97,100,101,-1,97,101,95,-1,96,95,102,-1,96,102,103,-1,103,102,104,-1,103,104,105,-1,105,104,106,-1,105,106,107,-1,107,106,16,-1,107,16,15,-1,62,61,67,-1,53,83,51,-1,51,83,85,-1,51,85,49,-1,49,85,87,-1,49,87,47,-1,94,45,92,-1,92,45,47,-1,92,47,89,-1,89,47,87,-1,62,67,64,-1,64,67,73,-1,64,73,59,-1,59,73,71,-1,59,71,57,-1,57,71,70,-1,57,70,55,-1,55,70,78,-1,55,78,53,-1,53,78,81,-1,53,81,83,-1,13,21,14,-1,14,21,24,-1,14,24,18,-1,18,24,27,-1,18,27,15,-1,15,27,29,-1,15,29,107,-1,107,29,31,-1,107,31,105,-1,105,31,33,-1,105,33,103,-1,103,33,35,-1,103,35,96,-1,96,35,37,-1,96,37,97,-1,97,37,39,-1,97,39,99,-1,99,39,41,-1,99,41,94,-1,94,41,43,-1,94,43,45,-1,108,109,110,-1,110,109,111,-1,112,113,114,-1,114,113,108,-1,114,108,110,-1,115,113,116,-1,116,113,112,-1,117,118,119,-1,119,118,115,-1,119,115,116,-1,120,118,121,-1,121,118,117,-1,122,123,124,-1,124,123,120,-1,124,120,121,-1,125,123,126,-1,126,123,122,-1,127,128,129,-1,129,128,125,-1,129,125,126,-1,130,128,131,-1,131,128,127,-1,132,133,134,-1,134,133,130,-1,134,130,131,-1,135,133,136,-1,136,133,132,-1,111,109,137,-1,137,109,135,-1,137,135,136,-1,128,130,125,-1,125,130,133,-1,125,133,123,-1,109,108,135,-1,135,108,113,-1,135,113,115,-1,118,120,115,-1,115,120,123,-1,115,123,135,-1,135,123,133,-1,138,139,140,-1,140,139,141,-1,140,141,142,-1,142,141,143,-1,142,143,144,-1,144,143,145,-1,144,145,146,-1,146,145,147,-1,146,147,148,-1,148,147,149,-1,148,149,150,-1,150,149,151,-1,150,151,152,-1,152,151,153,-1,152,153,154,-1,154,153,155,-1,154,155,156,-1,156,155,157,-1,156,157,158,-1,158,157,159,-1,158,159,160,-1,160,159,161,-1,160,161,162,-1,162,161,163,-1,162,163,164,-1,164,163,165,-1,164,165,166,-1,166,165,167,-1,166,167,168,-1,168,167,169,-1,168,169,170,-1,170,169,171,-1,170,171,172,-1,172,171,138,-1,172,138,140,-1,146,148,173,-1,173,148,174,-1,146,173,175,-1,146,175,144,-1,144,175,176,-1,144,176,142,-1,142,176,177,-1,142,177,140,-1,140,177,178,-1,140,178,172,-1,172,178,179,-1,172,179,170,-1,170,179,180,-1,170,180,168,-1,168,180,181,-1,168,181,166,-1,166,181,182,-1,166,182,164,-1,164,182,183,-1,164,183,162,-1,162,183,184,-1,162,184,160,-1,160,184,185,-1,160,185,158,-1,158,185,186,-1,158,186,156,-1,156,186,187,-1,156,187,154,-1,154,187,188,-1,154,188,152,-1,150,152,189,-1,189,152,188,-1,148,150,174,-1,174,150,189,-1,153,151,190,-1,190,151,191,-1,151,149,191,-1,191,149,192,-1,149,147,192,-1,192,147,193,-1,139,194,195,-1,139,195,141,-1,141,195,196,-1,141,196,143,-1,143,196,197,-1,143,197,145,-1,145,197,193,-1,145,193,147,-1,167,198,199,-1,167,199,169,-1,169,199,200,-1,169,200,171,-1,171,200,201,-1,171,201,138,-1,138,201,194,-1,138,194,139,-1,159,202,203,-1,159,203,161,-1,161,203,204,-1,161,204,163,-1,163,204,205,-1,163,205,165,-1,165,205,198,-1,165,198,167,-1,153,190,206,-1,153,206,155,-1,155,206,207,-1,155,207,157,-1,157,207,202,-1,157,202,159,-1,
        ]
    }
}
Shape{
    appearance Appearance {
        material  Material 	{
            diffuseColor 0.9686274509803922 0.8784313725490196 0.6
            specularColor 0.6784313725490196 0.615686274509804 0.4196078431372549
            ambientIntensity 0.8737
            transparency 0.0
            shininess 0.5
        }
    }
    geometry IndexedFaceSet {
        ccw TRUE
        solid FALSE
        coord DEF co Coordinate {
            point [
                -1.1811 -0.3865 0.5273, -1.1811 -0.3878 0.5285, -1.1811 -0.3528 0.6086, -1.1811 -0.3347 0.6086, -1.1811 -0.3347 0.516, -1.1811 -0.3521 0.516, -1.1811 -0.3689 0.518, -1.1811 -0.3788 0.5219, -1.1811 -0.3932 0.535, -1.1811 -0.3975 0.5437, -1.1811 -0.4001 0.5544, -1.1811 -0.4007 0.5635, -1.1811 -0.3989 0.5786, -1.1811 -0.3955 0.5873, -1.1811 -0.3908 0.5941, -1.1811 -0.3875 0.5973, -1.1811 -0.3683 0.6069, -1.1811 -0.3787 0.6032
            ]
        }
        coordIndex [
            0,1,2,-1,3,4,2,-1,2,4,5,-1,5,6,2,-1,2,6,7,-1,2,7,0,-1,1,8,2,-1,2,8,9,-1,2,9,10,-1,10,11,2,-1,2,11,12,-1,2,12,13,-1,13,14,2,-1,2,14,15,-1,2,15,16,-1,16,15,17,-1,
        ]
    }
}
Shape{
    appearance Appearance {
        material  Material 	{
            diffuseColor 0.0 0.0 0.0
            specularColor 0.0 0.0 0.0
            ambientIntensity 0.0
            transparency 0.0
            shininess 0.5
        }
    }
    geometry IndexedFaceSet {
        ccw TRUE
        solid FALSE
        coord DEF co Coordinate {
            point [
                -1.1811 -0.4572 0.5487, -1.1811 -0.4752 0.5987, -1.1811 -0.4694 0.6224, -1.1811 -0.4236 0.5023, -1.1811 -0.4408 0.5023, -1.1811 -0.4523 0.5352, -1.1811 -0.4762 0.6022, -1.1811 -0.4771 0.6071, -1.1811 -0.486 0.6224, -1.1811 -0.4775 0.6071, -1.1811 -0.4785 0.602, -1.1811 -0.4794 0.5987, -1.1811 -0.4975 0.5487, -1.1811 -0.5317 0.5023, -1.1811 -0.5146 0.5023, -1.1811 -0.5023 0.5352, -1.1811 -0.486 0.6224, -1.1811 -0.5317 0.5023, -1.1811 -0.4694 0.6224, -1.1811 -0.4236 0.5023, -1.1811 -0.4583 0.5932, -1.1811 -0.4408 0.5023, -1.1811 -0.4523 0.5352, -1.1811 -0.5023 0.5352, -1.1811 -0.4583 0.5352, -1.1811 -0.5146 0.5023, -1.1811 -0.4572 0.5487, -1.1811 -0.4975 0.5487, -1.1811 -0.4794 0.5987, -1.1811 -0.4775 0.6071, -1.1811 -0.4785 0.602, -1.1811 -0.4771 0.6071, -1.1811 -0.4752 0.5987, -1.1811 -0.4762 0.6022
            ]
        }
        coordIndex [
            0,1,2,-1,3,4,5,-1,1,6,2,-1,2,6,7,-1,2,7,8,-1,8,7,9,-1,8,9,10,-1,10,11,8,-1,8,11,12,-1,8,12,13,-1,14,13,15,-1,15,13,12,-1,15,12,5,-1,5,12,0,-1,5,0,3,-1,3,0,2,-1,8,13,16,-1,16,13,17,-1,2,8,18,-1,18,8,16,-1,19,3,20,-1,20,3,2,-1,20,2,18,-1,4,3,21,-1,21,3,19,-1,5,4,22,-1,22,4,21,-1,23,15,24,-1,24,15,5,-1,24,5,22,-1,14,15,25,-1,25,15,23,-1,13,14,17,-1,17,14,25,-1,0,12,26,-1,26,12,27,-1,12,11,27,-1,27,11,28,-1,9,29,30,-1,9,30,10,-1,10,30,28,-1,10,28,11,-1,9,7,29,-1,29,7,31,-1,1,32,33,-1,1,33,6,-1,6,33,31,-1,6,31,7,-1,1,0,32,-1,32,0,26,-1,
        ]
    }
}
Shape{
    appearance Appearance {
        material  Material 	{
            diffuseColor 0.9686274509803922 0.8784313725490196 0.6
            specularColor 0.6784313725490196 0.615686274509804 0.4196078431372549
            ambientIntensity 0.8737
            transparency 0.0
            shininess 0.5
        }
    }
    geometry IndexedFaceSet {
        ccw TRUE
        solid FALSE
        coord DEF co Coordinate {
            point [
                -1.1811 -0.4775 0.6071, -1.1811 -0.4771 0.6071, -1.1811 -0.4785 0.602, -1.1811 -0.4762 0.6022, -1.1811 -0.4794 0.5987, -1.1811 -0.4752 0.5987, -1.1811 -0.4975 0.5487, -1.1811 -0.4572 0.5487
            ]
        }
        coordIndex [
            0,1,2,-1,2,1,3,-1,2,3,4,-1,4,3,5,-1,4,5,6,-1,6,5,7,-1,
        ]
    }
}
Shape{
    appearance Appearance {
        material  Material 	{
            diffuseColor 0.0 0.0 0.0
            specularColor 0.0 0.0 0.0
            ambientIntensity 0.0
            transparency 0.0
            shininess 0.5
        }
    }
    geometry IndexedFaceSet {
        ccw TRUE
        solid FALSE
        coord DEF co Coordinate {
            point [
                -1.1811 -0.1143 0.3255, -1.1811 -0.1143 0.3118, -1.1811 -0.1143 0.3255, -1.1811 -0.1143 0.3118, -1.1811 -0.0652 0.3255, -1.1811 -0.0652 0.3255, -1.1811 -0.0652 0.3659, -1.1811 -0.0652 0.3659, -1.1811 -0.1081 0.3659, -1.1811 -0.1081 0.3659, -1.1811 -0.1081 0.3796, -1.1811 -0.1081 0.3796, -1.1811 -0.0652 0.3796, -1.1811 -0.0652 0.3796, -1.1811 -0.0652 0.4181, -1.1811 -0.0652 0.4181, -1.1811 -0.1116 0.4181, -1.1811 -0.1116 0.4181, -1.1811 -0.1116 0.4319, -1.1811 -0.1116 0.4319, -1.1811 -0.0497 0.4319, -1.1811 -0.0497 0.4319, -1.1811 -0.0497 0.3118, -1.1811 -0.0497 0.3118, -1.1811 -0.1826 0.3118, -1.1811 -0.1976 0.3118, -1.1811 -0.1826 0.325, -1.1811 -0.1976 0.367, -1.1811 -0.1822 0.325, -1.1811 -0.1742 0.3273, -1.1811 -0.1794 0.3209, -1.1811 -0.17 0.3244, -1.1811 -0.1529 0.3498, -1.1811 -0.1625 0.3521, -1.1811 -0.1826 0.3548, -1.1811 -0.1826 0.3466, -1.1811 -0.1826 0.3456, -1.1811 -0.1816 0.3389, -1.1811 -0.1794 0.3335, -1.1811 -0.1761 0.3291, -1.1811 -0.177 0.3984, -1.1811 -0.1738 0.3855, -1.1811 -0.183 0.3963, -1.1811 -0.1765 0.3838, -1.1811 -0.1496 0.3481, -1.1811 -0.1826 0.3663, -1.1811 -0.182 0.3729, -1.1811 -0.1961 0.3796, -1.1811 -0.1805 0.3783, -1.1811 -0.1937 0.3861, -1.1811 -0.1787 0.3814, -1.1811 -0.1905 0.3907, -1.1811 -0.1878 0.3933, -1.1811 -0.1371 0.3915, -1.1811 -0.1371 0.3769, -1.1811 -0.1401 0.3933, -1.1811 -0.1474 0.3835, -1.1811 -0.1513 0.3977, -1.1811 -0.1569 0.3865, -1.1811 -0.1666 0.3995, -1.1811 -0.1652 0.3873, -1.1811 -0.1703 0.3868, -1.1811 -0.147 0.3273, -1.1811 -0.1361 0.3165, -1.1811 -0.1483 0.326, -1.1811 -0.1411 0.313, -1.1811 -0.1513 0.3239, -1.1811 -0.1469 0.3108, -1.1811 -0.1547 0.3227, -1.1811 -0.1559 0.3098, -1.1811 -0.1598 0.3221, -1.1811 -0.1639 0.3107, -1.1811 -0.1654 0.3227, -1.1811 -0.1699 0.3129, -1.1811 -0.1746 0.316, -1.1811 -0.1571 0.3627, -1.1811 -0.1447 0.3595, -1.1811 -0.1479 0.3468, -1.1811 -0.1387 0.3562, -1.1811 -0.1461 0.3446, -1.1811 -0.1343 0.3521, -1.1811 -0.1448 0.3418, -1.1811 -0.1312 0.3472, -1.1811 -0.1441 0.3384, -1.1811 -0.1294 0.3417, -1.1811 -0.1439 0.336, -1.1811 -0.1287 0.3347, -1.1811 -0.1443 0.3325, -1.1811 -0.1296 0.3273, -1.1811 -0.1453 0.3298, -1.1811 -0.1315 0.3223, -1.1811 -0.1347 0.3178, -1.1811 -0.1666 0.3995, -1.1811 -0.1513 0.3977, -1.1811 -0.1401 0.3933, -1.1811 -0.1371 0.3915, -1.1811 -0.1371 0.3769, -1.1811 -0.1474 0.3835, -1.1811 -0.1569 0.3865, -1.1811 -0.1652 0.3873, -1.1811 -0.1703 0.3868, -1.1811 -0.1738 0.3855, -1.1811 -0.1765 0.3838, -1.1811 -0.1787 0.3814, -1.1811 -0.1805 0.3783, -1.1811 -0.182 0.3729, -1.1811 -0.1826 0.3663, -1.1811 -0.1571 0.3627, -1.1811 -0.1447 0.3595, -1.1811 -0.1387 0.3562, -1.1811 -0.1343 0.3521, -1.1811 -0.1312 0.3472, -1.1811 -0.1294 0.3417, -1.1811 -0.1287 0.3347, -1.1811 -0.1296 0.3273, -1.1811 -0.1315 0.3223, -1.1811 -0.1347 0.3178, -1.1811 -0.1361 0.3165, -1.1811 -0.1559 0.3098, -1.1811 -0.1472 0.3108, -1.1811 -0.1469 0.3108, -1.1811 -0.1411 0.313, -1.1811 -0.1639 0.3107, -1.1811 -0.1641 0.3108, -1.1811 -0.1699 0.3129, -1.1811 -0.1746 0.316, -1.1811 -0.1794 0.3209, -1.1811 -0.1822 0.325, -1.1811 -0.1826 0.325, -1.1811 -0.1826 0.3118, -1.1811 -0.1976 0.3118, -1.1811 -0.1976 0.367, -1.1811 -0.1961 0.3796, -1.1811 -0.1937 0.3861, -1.1811 -0.1905 0.3907, -1.1811 -0.1878 0.3933, -1.1811 -0.183 0.3963, -1.1811 -0.177 0.3984, -1.1811 -0.1479 0.3468, -1.1811 -0.1496 0.3481, -1.1811 -0.1529 0.3498, -1.1811 -0.1625 0.3521, -1.1811 -0.1439 0.336, -1.1811 -0.1441 0.3384, -1.1811 -0.1448 0.3418, -1.1811 -0.1461 0.3446, -1.1811 -0.1483 0.326, -1.1811 -0.147 0.3273, -1.1811 -0.1453 0.3298, -1.1811 -0.1443 0.3325, -1.1811 -0.1598 0.3221, -1.1811 -0.1547 0.3227, -1.1811 -0.1513 0.3239, -1.1811 -0.1761 0.3291, -1.1811 -0.1742 0.3273, -1.1811 -0.17 0.3244, -1.1811 -0.1654 0.3227, -1.1811 -0.1826 0.3466, -1.1811 -0.1826 0.3456, -1.1811 -0.1816 0.3389, -1.1811 -0.1794 0.3335, -1.1811 -0.1826 0.3548
            ]
        }
        coordIndex [
            0,1,2,-1,2,1,3,-1,4,0,5,-1,5,0,2,-1,6,4,7,-1,7,4,5,-1,8,6,9,-1,9,6,7,-1,10,8,11,-1,11,8,9,-1,12,10,13,-1,13,10,11,-1,14,12,15,-1,15,12,13,-1,16,14,17,-1,17,14,15,-1,18,16,19,-1,19,16,17,-1,20,18,21,-1,21,18,19,-1,22,20,23,-1,23,20,21,-1,1,22,3,-1,3,22,23,-1,16,18,14,-1,14,18,20,-1,14,20,12,-1,1,0,22,-1,22,0,4,-1,22,4,6,-1,8,10,6,-1,6,10,12,-1,6,12,22,-1,22,12,20,-1,24,25,26,-1,26,25,27,-1,28,29,30,-1,30,29,31,-1,32,33,27,-1,27,33,34,-1,27,34,35,-1,35,36,27,-1,27,36,37,-1,27,37,26,-1,26,37,38,-1,26,38,28,-1,28,38,39,-1,28,39,29,-1,40,41,42,-1,42,41,43,-1,44,32,45,-1,45,32,27,-1,45,27,46,-1,46,27,47,-1,46,47,48,-1,48,47,49,-1,48,49,50,-1,50,49,51,-1,50,51,43,-1,43,51,52,-1,43,52,42,-1,53,54,55,-1,55,54,56,-1,55,56,57,-1,57,56,58,-1,57,58,59,-1,59,58,60,-1,59,60,40,-1,40,60,61,-1,40,61,41,-1,62,63,64,-1,64,63,65,-1,64,65,66,-1,66,65,67,-1,66,67,68,-1,68,67,69,-1,68,69,70,-1,70,69,71,-1,70,71,72,-1,72,71,73,-1,72,73,31,-1,31,73,74,-1,31,74,30,-1,45,75,44,-1,44,75,76,-1,44,76,77,-1,77,76,78,-1,77,78,79,-1,79,78,80,-1,79,80,81,-1,81,80,82,-1,81,82,83,-1,83,82,84,-1,83,84,85,-1,85,84,86,-1,85,86,87,-1,87,86,88,-1,87,88,89,-1,89,88,90,-1,89,90,62,-1,62,90,91,-1,62,91,63,-1,59,92,93,-1,59,93,57,-1,57,93,94,-1,57,94,55,-1,55,94,95,-1,55,95,53,-1,54,53,96,-1,96,53,95,-1,54,96,97,-1,54,97,56,-1,56,97,98,-1,56,98,58,-1,58,98,99,-1,58,99,60,-1,60,99,100,-1,60,100,61,-1,61,100,101,-1,61,101,41,-1,41,101,102,-1,41,102,43,-1,43,102,103,-1,43,103,50,-1,50,103,104,-1,50,104,48,-1,48,104,105,-1,48,105,46,-1,46,105,106,-1,46,106,45,-1,75,45,107,-1,107,45,106,-1,75,107,108,-1,75,108,76,-1,76,108,109,-1,76,109,78,-1,78,109,110,-1,78,110,80,-1,80,110,111,-1,80,111,82,-1,82,111,112,-1,82,112,84,-1,84,112,113,-1,84,113,86,-1,86,113,114,-1,86,114,88,-1,88,114,115,-1,88,115,90,-1,90,115,116,-1,90,116,91,-1,91,116,117,-1,91,117,63,-1,118,69,119,-1,119,69,67,-1,119,67,120,-1,120,67,65,-1,120,65,121,-1,121,65,63,-1,121,63,117,-1,69,118,122,-1,69,122,71,-1,71,122,123,-1,71,123,73,-1,123,124,73,-1,73,124,125,-1,73,125,74,-1,74,125,126,-1,74,126,30,-1,30,126,127,-1,30,127,28,-1,26,28,128,-1,128,28,127,-1,24,26,129,-1,129,26,128,-1,25,24,130,-1,130,24,129,-1,27,25,131,-1,131,25,130,-1,27,131,132,-1,27,132,47,-1,47,132,133,-1,47,133,49,-1,49,133,134,-1,49,134,51,-1,51,134,135,-1,51,135,52,-1,52,135,136,-1,52,136,42,-1,42,136,137,-1,42,137,40,-1,40,137,92,-1,40,92,59,-1,77,138,139,-1,77,139,44,-1,44,139,140,-1,44,140,32,-1,32,140,141,-1,32,141,33,-1,85,142,143,-1,85,143,83,-1,83,143,144,-1,83,144,81,-1,81,144,145,-1,81,145,79,-1,79,145,138,-1,79,138,77,-1,64,146,147,-1,64,147,62,-1,62,147,148,-1,62,148,89,-1,89,148,149,-1,89,149,87,-1,87,149,142,-1,87,142,85,-1,70,150,151,-1,70,151,68,-1,68,151,152,-1,68,152,66,-1,66,152,146,-1,66,146,64,-1,39,153,154,-1,39,154,29,-1,29,154,155,-1,29,155,31,-1,31,155,156,-1,31,156,72,-1,72,156,150,-1,72,150,70,-1,35,157,158,-1,35,158,36,-1,36,158,159,-1,36,159,37,-1,37,159,160,-1,37,160,38,-1,38,160,153,-1,38,153,39,-1,35,34,157,-1,157,34,161,-1,34,33,161,-1,161,33,141,-1,
        ]
    }
}
Shape{
    appearance Appearance {
        material  Material 	{
            diffuseColor 0.9686274509803922 0.8784313725490196 0.6
            specularColor 0.6784313725490196 0.615686274509804 0.4196078431372549
            ambientIntensity 0.8737
            transparency 0.0
            shininess 0.5
        }
    }
    geometry IndexedFaceSet {
        ccw TRUE
        solid FALSE
        coord DEF co Coordinate {
            point [
                -1.1811 -0.1826 0.3456, -1.1811 -0.1826 0.3466, -1.1811 -0.1479 0.3468, -1.1811 -0.1826 0.3548, -1.1811 -0.1625 0.3521, -1.1811 -0.1529 0.3498, -1.1811 -0.1496 0.3481, -1.1811 -0.1816 0.3389, -1.1811 -0.1461 0.3446, -1.1811 -0.1794 0.3335, -1.1811 -0.147 0.3273, -1.1811 -0.1483 0.326, -1.1811 -0.1742 0.3273, -1.1811 -0.1453 0.3298, -1.1811 -0.17 0.3244, -1.1811 -0.1654 0.3227, -1.1811 -0.1598 0.3221, -1.1811 -0.1448 0.3418, -1.1811 -0.1441 0.3384, -1.1811 -0.1761 0.3291, -1.1811 -0.1439 0.336, -1.1811 -0.1443 0.3325, -1.1811 -0.1513 0.3239, -1.1811 -0.1547 0.3227
            ]
        }
        coordIndex [
            0,1,2,-1,1,3,4,-1,4,5,1,-1,1,5,6,-1,1,6,2,-1,0,2,7,-1,7,2,8,-1,7,8,9,-1,10,11,12,-1,10,12,13,-1,14,12,15,-1,15,12,16,-1,8,17,9,-1,9,17,18,-1,9,18,19,-1,19,18,20,-1,19,20,12,-1,12,20,21,-1,12,21,13,-1,11,22,12,-1,12,22,23,-1,12,23,16,-1,
        ]
    }
}
Shape{
    appearance Appearance {
        material  Material 	{
            diffuseColor 0.0 0.0 0.0
            specularColor 0.0 0.0 0.0
            ambientIntensity 0.0
            transparency 0.0
            shininess 0.5
        }
    }
    geometry IndexedFaceSet {
        ccw TRUE
        solid FALSE
        coord DEF co Coordinate {
            point [
                -1.1811 -0.218 0.3303, -1.1811 -0.218 0.3303, -1.1811 -0.2247 0.3263, -1.1811 -0.2427 0.322, -1.1811 -0.2427 0.322, -1.1811 -0.2341 0.323, -1.1811 -0.2341 0.323, -1.1811 -0.225 0.3262, -1.1811 -0.2247 0.3263, -1.1811 -0.218 0.3148, -1.1811 -0.218 0.3148, -1.1811 -0.2286 0.3111, -1.1811 -0.225 0.3123, -1.1811 -0.2413 0.3098, -1.1811 -0.2413 0.3098, -1.1811 -0.2315 0.3108, -1.1811 -0.2286 0.3111, -1.1811 -0.2549 0.3114, -1.1811 -0.2498 0.3108, -1.1811 -0.2549 0.3114, -1.1811 -0.2628 0.3144, -1.1811 -0.2628 0.3144, -1.1811 -0.2663 0.3166, -1.1811 -0.2663 0.3166, -1.1811 -0.2706 0.3203, -1.1811 -0.2706 0.3203, -1.1811 -0.2734 0.3243, -1.1811 -0.2734 0.3243, -1.1811 -0.2752 0.3291, -1.1811 -0.2752 0.3291, -1.1811 -0.2759 0.3351, -1.1811 -0.2759 0.3351, -1.1811 -0.2753 0.3407, -1.1811 -0.2753 0.3407, -1.1811 -0.2737 0.3452, -1.1811 -0.2737 0.3452, -1.1811 -0.2709 0.3493, -1.1811 -0.2709 0.3493, -1.1811 -0.2673 0.3525, -1.1811 -0.2673 0.3525, -1.1811 -0.2573 0.3581, -1.1811 -0.2573 0.3581, -1.1811 -0.2515 0.3604, -1.1811 -0.2515 0.3604, -1.1811 -0.2422 0.3645, -1.1811 -0.2422 0.3645, -1.1811 -0.2369 0.3678, -1.1811 -0.2369 0.3678, -1.1811 -0.2354 0.3694, -1.1811 -0.2354 0.3694, -1.1811 -0.2343 0.3714, -1.1811 -0.2343 0.3714, -1.1811 -0.2337 0.3738, -1.1811 -0.2337 0.3738, -1.1811 -0.2336 0.3758, -1.1811 -0.2336 0.3758, -1.1811 -0.2339 0.3782, -1.1811 -0.2339 0.3782, -1.1811 -0.2346 0.3802, -1.1811 -0.2346 0.3802, -1.1811 -0.2359 0.3821, -1.1811 -0.2359 0.3821, -1.1811 -0.2382 0.3841, -1.1811 -0.2382 0.3841, -1.1811 -0.2415 0.3859, -1.1811 -0.2415 0.3859, -1.1811 -0.2456 0.387, -1.1811 -0.2456 0.387, -1.1811 -0.25 0.3873, -1.1811 -0.25 0.3873, -1.1811 -0.259 0.3864, -1.1811 -0.259 0.3864, -1.1811 -0.2676 0.3835, -1.1811 -0.2676 0.3835, -1.1811 -0.2718 0.3811, -1.1811 -0.2718 0.3811, -1.1811 -0.2718 0.3957, -1.1811 -0.2718 0.3957, -1.1811 -0.262 0.3986, -1.1811 -0.262 0.3986, -1.1811 -0.2515 0.3995, -1.1811 -0.2515 0.3995, -1.1811 -0.2395 0.3981, -1.1811 -0.2395 0.3981, -1.1811 -0.2314 0.395, -1.1811 -0.2314 0.395, -1.1811 -0.2277 0.3927, -1.1811 -0.2277 0.3927, -1.1811 -0.2232 0.3887, -1.1811 -0.225 0.3902, -1.1811 -0.2232 0.3887, -1.1811 -0.2205 0.3846, -1.1811 -0.2205 0.3846, -1.1811 -0.2187 0.3798, -1.1811 -0.2187 0.3798, -1.1811 -0.2181 0.3744, -1.1811 -0.2181 0.3744, -1.1811 -0.2187 0.3686, -1.1811 -0.2187 0.3686, -1.1811 -0.2204 0.364, -1.1811 -0.2204 0.364, -1.1811 -0.2224 0.3608, -1.1811 -0.2224 0.3608, -1.1811 -0.2409 0.3495, -1.1811 -0.2409 0.3495, -1.1811 -0.2319 0.3536, -1.1811 -0.2248 0.3583, -1.1811 -0.2248 0.3583, -1.1811 -0.225 0.3582, -1.1811 -0.2319 0.3536, -1.1811 -0.2507 0.3453, -1.1811 -0.2507 0.3453, -1.1811 -0.2566 0.3418, -1.1811 -0.2566 0.3418, -1.1811 -0.2585 0.3399, -1.1811 -0.2585 0.3399, -1.1811 -0.2597 0.3379, -1.1811 -0.2597 0.3379, -1.1811 -0.2603 0.3355, -1.1811 -0.2603 0.3355, -1.1811 -0.2605 0.3336, -1.1811 -0.2605 0.3336, -1.1811 -0.2602 0.3308, -1.1811 -0.2602 0.3308, -1.1811 -0.2594 0.3286, -1.1811 -0.2594 0.3286, -1.1811 -0.2581 0.3267, -1.1811 -0.2581 0.3267, -1.1811 -0.2564 0.3252, -1.1811 -0.2564 0.3252, -1.1811 -0.255 0.3243, -1.1811 -0.255 0.3243, -1.1811 -0.2511 0.3229, -1.1811 -0.2511 0.3229, -1.1811 -0.2434 0.322, -1.1811 -0.2434 0.322, -1.1811 -0.3505 0.3976, -1.1811 -0.3661 0.3976, -1.1811 -0.3505 0.3976, -1.1811 -0.3661 0.3976, -1.1811 -0.3271 0.333, -1.1811 -0.3271 0.333, -1.1811 -0.3259 0.329, -1.1811 -0.3259 0.329, -1.1811 -0.3252 0.326, -1.1811 -0.3252 0.326, -1.1811 -0.3248 0.326, -1.1811 -0.3248 0.326, -1.1811 -0.323 0.3331, -1.1811 -0.323 0.3331, -1.1811 -0.3006 0.3976, -1.1811 -0.3006 0.3976, -1.1811 -0.3078 0.3767, -1.1811 -0.2838 0.3976, -1.1811 -0.2838 0.3976, -1.1811 -0.3174 0.312, -1.1811 -0.3174 0.312, -1.1811 -0.3078 0.3363, -1.1811 -0.3108 0.2964, -1.1811 -0.3108 0.2964, -1.1811 -0.3169 0.3108, -1.1811 -0.3078 0.2908, -1.1811 -0.3078 0.291, -1.1811 -0.3078 0.2908, -1.1811 -0.305 0.2877, -1.1811 -0.305 0.2877, -1.1811 -0.3026 0.2861, -1.1811 -0.3026 0.2861, -1.1811 -0.2994 0.2848, -1.1811 -0.2994 0.2848, -1.1811 -0.2954 0.2843, -1.1811 -0.2954 0.2843, -1.1811 -0.2899 0.285, -1.1811 -0.2899 0.285, -1.1811 -0.2869 0.286, -1.1811 -0.2869 0.286, -1.1811 -0.2869 0.2726, -1.1811 -0.2869 0.2726, -1.1811 -0.2932 0.2715, -1.1811 -0.2932 0.2715, -1.1811 -0.2966 0.2714, -1.1811 -0.2966 0.2714, -1.1811 -0.3026 0.2721, -1.1811 -0.3026 0.2721, -1.1811 -0.3078 0.2741, -1.1811 -0.3086 0.2743, -1.1811 -0.3086 0.2743, -1.1811 -0.3138 0.278, -1.1811 -0.3138 0.278, -1.1811 -0.3148 0.2789, -1.1811 -0.3148 0.2789, -1.1811 -0.3204 0.2856, -1.1811 -0.3204 0.2856, -1.1811 -0.3272 0.2988, -1.1811 -0.3272 0.2988, -1.1811 -0.3319 0.3108, -1.1811 -0.4469 0.3255, -1.1811 -0.4469 0.3118, -1.1811 -0.4469 0.3255, -1.1811 -0.4469 0.3118, -1.1811 -0.3978 0.3255, -1.1811 -0.3978 0.3255, -1.1811 -0.4203 0.3255, -1.1811 -0.3978 0.3659, -1.1811 -0.3978 0.3659, -1.1811 -0.4408 0.3659, -1.1811 -0.4408 0.3659, -1.1811 -0.4203 0.3659, -1.1811 -0.4408 0.3796, -1.1811 -0.4408 0.3796, -1.1811 -0.3978 0.3796, -1.1811 -0.3978 0.3796, -1.1811 -0.4203 0.3796, -1.1811 -0.3978 0.4181, -1.1811 -0.3978 0.4181, -1.1811 -0.4442 0.4181, -1.1811 -0.4442 0.4181, -1.1811 -0.4203 0.4181, -1.1811 -0.4442 0.4319, -1.1811 -0.4442 0.4319, -1.1811 -0.3823 0.4319, -1.1811 -0.3823 0.4319, -1.1811 -0.4203 0.4319, -1.1811 -0.3823 0.3118, -1.1811 -0.3823 0.3118, -1.1811 -0.4203 0.3118, -1.1811 -0.5436 0.3445, -1.1811 -0.5382 0.338, -1.1811 -0.5493 0.3286, -1.1811 -0.5369 0.3367, -1.1811 -0.5368 0.3196, -1.1811 -0.5292 0.3314, -1.1811 -0.5231 0.3143, -1.1811 -0.5193 0.3275, -1.1811 -0.5026 0.3118, -1.1811 -0.5025 0.3255, -1.1811 -0.4696 0.3118, -1.1811 -0.4851 0.3255, -1.1811 -0.4696 0.4319, -1.1811 -0.4851 0.4181, -1.1811 -0.5039 0.4319, -1.1811 -0.5032 0.4181, -1.1811 -0.5222 0.4299, -1.1811 -0.5187 0.4164, -1.1811 -0.5367 0.4246, -1.1811 -0.5291 0.4126, -1.1811 -0.5493 0.416, -1.1811 -0.5379 0.4068, -1.1811 -0.5535 0.4119, -1.1811 -0.5412 0.4035, -1.1811 -0.5609 0.4014, -1.1811 -0.5459 0.3968, -1.1811 -0.5654 0.39, -1.1811 -0.5493 0.3881, -1.1811 -0.5674 0.3734, -1.1811 -0.5511 0.3729, -1.1811 -0.567 0.3657, -1.1811 -0.5505 0.3638, -1.1811 -0.5641 0.3517, -1.1811 -0.548 0.3532, -1.1811 -0.5582 0.3392, -1.1811 -0.5026 0.3118, -1.1811 -0.4696 0.3118, -1.1811 -0.5231 0.3143, -1.1811 -0.5368 0.3196, -1.1811 -0.5493 0.3286, -1.1811 -0.5582 0.3392, -1.1811 -0.5641 0.3517, -1.1811 -0.567 0.3657, -1.1811 -0.5674 0.3734, -1.1811 -0.5654 0.39, -1.1811 -0.5609 0.4014, -1.1811 -0.5535 0.4119, -1.1811 -0.5493 0.416, -1.1811 -0.5367 0.4246, -1.1811 -0.5222 0.4299, -1.1811 -0.5039 0.4319, -1.1811 -0.4696 0.4319, -1.1811 -0.5032 0.4181, -1.1811 -0.4851 0.4181, -1.1811 -0.4851 0.3255, -1.1811 -0.5025 0.3255, -1.1811 -0.5382 0.338, -1.1811 -0.5369 0.3367, -1.1811 -0.5292 0.3314, -1.1811 -0.5193 0.3275, -1.1811 -0.5511 0.3729, -1.1811 -0.5505 0.3638, -1.1811 -0.548 0.3532, -1.1811 -0.5436 0.3445, -1.1811 -0.5379 0.4068, -1.1811 -0.5412 0.4035, -1.1811 -0.5459 0.3968, -1.1811 -0.5493 0.3881, -1.1811 -0.5187 0.4164, -1.1811 -0.5291 0.4126
            ]
        }
        coordIndex [
            0,1,2,-1,3,4,5,-1,3,5,6,-1,6,5,7,-1,6,7,2,-1,2,7,8,-1,2,8,0,-1,9,1,10,-1,10,1,0,-1,11,9,12,-1,12,9,10,-1,13,14,15,-1,15,14,11,-1,15,11,16,-1,16,11,12,-1,17,14,18,-1,18,14,13,-1,18,19,17,-1,17,19,20,-1,17,20,21,-1,21,20,22,-1,21,22,23,-1,23,22,24,-1,23,24,25,-1,25,24,26,-1,25,26,27,-1,27,26,28,-1,27,28,29,-1,29,28,30,-1,29,30,31,-1,31,30,32,-1,31,32,33,-1,33,32,34,-1,33,34,35,-1,35,34,36,-1,35,36,37,-1,37,36,38,-1,37,38,39,-1,39,38,40,-1,39,40,41,-1,41,40,42,-1,41,42,43,-1,43,42,44,-1,43,44,45,-1,45,44,46,-1,45,46,47,-1,47,46,48,-1,47,48,49,-1,49,48,50,-1,49,50,51,-1,51,50,52,-1,51,52,53,-1,53,52,54,-1,53,54,55,-1,55,54,56,-1,55,56,57,-1,57,56,58,-1,57,58,59,-1,59,58,60,-1,59,60,61,-1,61,60,62,-1,61,62,63,-1,63,62,64,-1,63,64,65,-1,65,64,66,-1,65,66,67,-1,67,66,68,-1,67,68,69,-1,69,68,70,-1,69,70,71,-1,71,70,72,-1,71,72,73,-1,73,72,74,-1,73,74,75,-1,76,75,77,-1,77,75,74,-1,76,77,78,-1,76,78,79,-1,79,78,80,-1,79,80,81,-1,81,80,82,-1,81,82,83,-1,83,82,84,-1,83,84,85,-1,85,84,86,-1,85,86,87,-1,88,87,89,-1,89,87,86,-1,89,90,88,-1,88,90,91,-1,88,91,92,-1,92,91,93,-1,92,93,94,-1,94,93,95,-1,94,95,96,-1,96,95,97,-1,96,97,98,-1,98,97,99,-1,98,99,100,-1,100,99,101,-1,100,101,102,-1,103,104,105,-1,102,101,106,-1,102,106,107,-1,107,106,108,-1,107,108,105,-1,105,108,109,-1,105,109,103,-1,104,103,110,-1,104,110,111,-1,111,110,112,-1,111,112,113,-1,113,112,114,-1,113,114,115,-1,115,114,116,-1,115,116,117,-1,117,116,118,-1,117,118,119,-1,119,118,120,-1,119,120,121,-1,121,120,122,-1,121,122,123,-1,123,122,124,-1,123,124,125,-1,125,124,126,-1,125,126,127,-1,127,126,128,-1,127,128,129,-1,129,128,130,-1,129,130,131,-1,131,130,132,-1,131,132,133,-1,133,132,134,-1,133,134,135,-1,135,134,4,-1,135,4,3,-1,61,63,85,-1,85,63,83,-1,111,43,104,-1,104,43,45,-1,21,23,127,-1,127,23,25,-1,127,25,125,-1,125,25,27,-1,125,27,123,-1,123,27,29,-1,123,29,121,-1,121,29,31,-1,121,31,119,-1,119,31,33,-1,119,33,117,-1,117,33,35,-1,117,35,115,-1,115,35,37,-1,115,37,113,-1,113,37,39,-1,113,39,111,-1,111,39,41,-1,111,41,43,-1,14,3,11,-1,11,3,6,-1,11,6,9,-1,9,6,2,-1,9,2,1,-1,63,65,83,-1,83,65,67,-1,83,67,81,-1,81,67,69,-1,81,69,79,-1,79,69,71,-1,79,71,76,-1,76,71,73,-1,76,73,75,-1,127,129,21,-1,21,129,131,-1,21,131,17,-1,17,131,133,-1,17,133,14,-1,14,133,135,-1,14,135,3,-1,85,87,61,-1,61,87,88,-1,61,88,59,-1,59,88,92,-1,59,92,57,-1,57,92,94,-1,57,94,55,-1,55,94,96,-1,55,96,53,-1,53,96,98,-1,53,98,51,-1,51,98,100,-1,51,100,49,-1,49,100,102,-1,49,102,47,-1,47,102,107,-1,47,107,45,-1,45,107,105,-1,45,105,104,-1,136,137,138,-1,138,137,139,-1,140,136,141,-1,141,136,138,-1,140,141,142,-1,140,142,143,-1,143,142,144,-1,143,144,145,-1,146,145,147,-1,147,145,144,-1,148,146,149,-1,149,146,147,-1,150,151,152,-1,152,151,148,-1,152,148,149,-1,153,151,154,-1,154,151,150,-1,155,156,157,-1,157,156,153,-1,157,153,154,-1,158,159,160,-1,160,159,156,-1,160,156,155,-1,161,159,162,-1,162,159,158,-1,162,163,161,-1,161,163,164,-1,161,164,165,-1,165,164,166,-1,165,166,167,-1,167,166,168,-1,167,168,169,-1,169,168,170,-1,169,170,171,-1,171,170,172,-1,171,172,173,-1,173,172,174,-1,173,174,175,-1,176,175,177,-1,177,175,174,-1,176,177,178,-1,176,178,179,-1,179,178,180,-1,179,180,181,-1,181,180,182,-1,181,182,183,-1,183,182,184,-1,183,184,185,-1,184,186,185,-1,185,186,187,-1,185,187,188,-1,188,187,189,-1,188,189,190,-1,190,189,191,-1,190,191,192,-1,192,191,193,-1,192,193,194,-1,139,137,195,-1,195,137,194,-1,195,194,193,-1,143,145,194,-1,137,136,194,-1,194,136,140,-1,194,140,143,-1,151,153,148,-1,148,153,156,-1,148,156,146,-1,175,176,173,-1,173,176,179,-1,173,179,171,-1,171,179,181,-1,171,181,169,-1,169,181,183,-1,169,183,167,-1,167,183,185,-1,167,185,165,-1,145,146,194,-1,194,146,156,-1,194,156,192,-1,156,159,192,-1,192,159,161,-1,192,161,190,-1,190,161,165,-1,190,165,188,-1,188,165,185,-1,196,197,198,-1,198,197,199,-1,200,201,202,-1,202,201,196,-1,202,196,198,-1,203,201,204,-1,204,201,200,-1,205,206,207,-1,207,206,203,-1,207,203,204,-1,208,206,209,-1,209,206,205,-1,210,211,212,-1,212,211,208,-1,212,208,209,-1,213,211,214,-1,214,211,210,-1,215,216,217,-1,217,216,213,-1,217,213,214,-1,218,216,219,-1,219,216,215,-1,220,221,222,-1,222,221,218,-1,222,218,219,-1,223,221,224,-1,224,221,220,-1,199,197,225,-1,225,197,223,-1,225,223,224,-1,223,197,196,-1,196,201,223,-1,223,201,203,-1,223,203,221,-1,216,218,213,-1,213,218,221,-1,213,221,211,-1,211,221,203,-1,211,203,208,-1,208,203,206,-1,226,227,228,-1,228,227,229,-1,228,229,230,-1,230,229,231,-1,230,231,232,-1,232,231,233,-1,232,233,234,-1,234,233,235,-1,234,235,236,-1,236,235,237,-1,236,237,238,-1,238,237,239,-1,238,239,240,-1,240,239,241,-1,240,241,242,-1,242,241,243,-1,242,243,244,-1,244,243,245,-1,244,245,246,-1,246,245,247,-1,246,247,248,-1,248,247,249,-1,248,249,250,-1,250,249,251,-1,250,251,252,-1,252,251,253,-1,252,253,254,-1,254,253,255,-1,254,255,256,-1,256,255,257,-1,256,257,258,-1,258,257,259,-1,258,259,260,-1,260,259,226,-1,260,226,228,-1,234,236,261,-1,261,236,262,-1,234,261,263,-1,234,263,232,-1,232,263,264,-1,232,264,230,-1,230,264,265,-1,230,265,228,-1,228,265,266,-1,228,266,260,-1,260,266,267,-1,260,267,258,-1,258,267,268,-1,258,268,256,-1,256,268,269,-1,256,269,254,-1,254,269,270,-1,254,270,252,-1,252,270,271,-1,252,271,250,-1,250,271,272,-1,250,272,248,-1,248,272,273,-1,248,273,246,-1,246,273,274,-1,246,274,244,-1,244,274,275,-1,244,275,242,-1,242,275,276,-1,242,276,240,-1,238,240,277,-1,277,240,276,-1,236,238,262,-1,262,238,277,-1,241,239,278,-1,278,239,279,-1,239,237,279,-1,279,237,280,-1,237,235,280,-1,280,235,281,-1,227,282,283,-1,227,283,229,-1,229,283,284,-1,229,284,231,-1,231,284,285,-1,231,285,233,-1,233,285,281,-1,233,281,235,-1,255,286,287,-1,255,287,257,-1,257,287,288,-1,257,288,259,-1,259,288,289,-1,259,289,226,-1,226,289,282,-1,226,282,227,-1,247,290,291,-1,247,291,249,-1,249,291,292,-1,249,292,251,-1,251,292,293,-1,251,293,253,-1,253,293,286,-1,253,286,255,-1,241,278,294,-1,241,294,243,-1,243,294,295,-1,243,295,245,-1,245,295,290,-1,245,290,247,-1,
        ]
    }
}
Shape{
    appearance Appearance {
        material  Material 	{
            diffuseColor 0.9686274509803922 0.8784313725490196 0.6
            specularColor 0.6784313725490196 0.615686274509804 0.4196078431372549
            ambientIntensity 0.8737
            transparency 0.0
            shininess 0.5
        }
    }
    geometry IndexedFaceSet {
        ccw TRUE
        solid FALSE
        coord DEF co Coordinate {
            point [
                -1.1811 -0.5369 0.3367, -1.1811 -0.5382 0.338, -1.1811 -0.5032 0.4181, -1.1811 -0.4851 0.4181, -1.1811 -0.4851 0.3255, -1.1811 -0.5025 0.3255, -1.1811 -0.5193 0.3275, -1.1811 -0.5292 0.3314, -1.1811 -0.5436 0.3445, -1.1811 -0.548 0.3532, -1.1811 -0.5505 0.3638, -1.1811 -0.5511 0.3729, -1.1811 -0.5493 0.3881, -1.1811 -0.5459 0.3968, -1.1811 -0.5412 0.4035, -1.1811 -0.5379 0.4068, -1.1811 -0.5187 0.4164, -1.1811 -0.5291 0.4126
            ]
        }
        coordIndex [
            0,1,2,-1,3,4,2,-1,2,4,5,-1,5,6,2,-1,2,6,7,-1,2,7,0,-1,1,8,2,-1,2,8,9,-1,2,9,10,-1,10,11,2,-1,2,11,12,-1,2,12,13,-1,13,14,2,-1,2,14,15,-1,2,15,16,-1,16,15,17,-1,
        ]
    }
}
Shape{
    appearance Appearance {
        material  Material 	{
            diffuseColor 0.0 0.0 0.0
            specularColor 0.0 0.0 0.0
            ambientIntensity 0.0
            transparency 0.0
            shininess 0.5
        }
    }
    geometry IndexedFaceSet {
        ccw TRUE
        solid FALSE
        coord DEF co Coordinate {
            point [
                -1.1811 -0.6076 0.3582, -1.1811 -0.6256 0.4081, -1.1811 -0.6198 0.4319, -1.1811 -0.574 0.3118, -1.1811 -0.5912 0.3118, -1.1811 -0.6027 0.3446, -1.1811 -0.6266 0.4117, -1.1811 -0.6276 0.4165, -1.1811 -0.6364 0.4319, -1.1811 -0.6279 0.4165, -1.1811 -0.6289 0.4115, -1.1811 -0.6298 0.4081, -1.1811 -0.6479 0.3582, -1.1811 -0.6821 0.3118, -1.1811 -0.665 0.3118, -1.1811 -0.6527 0.3446, -1.1811 -0.6364 0.4319, -1.1811 -0.6821 0.3118, -1.1811 -0.6198 0.4319, -1.1811 -0.574 0.3118, -1.1811 -0.5912 0.3118, -1.1811 -0.6027 0.3446, -1.1811 -0.6527 0.3446, -1.1811 -0.665 0.3118, -1.1811 -0.6076 0.3582, -1.1811 -0.6479 0.3582, -1.1811 -0.6298 0.4081, -1.1811 -0.6279 0.4165, -1.1811 -0.6289 0.4115, -1.1811 -0.6276 0.4165, -1.1811 -0.6256 0.4081, -1.1811 -0.6266 0.4117
            ]
        }
        coordIndex [
            0,1,2,-1,3,4,5,-1,1,6,2,-1,2,6,7,-1,2,7,8,-1,8,7,9,-1,8,9,10,-1,10,11,8,-1,8,11,12,-1,8,12,13,-1,14,13,15,-1,15,13,12,-1,15,12,5,-1,5,12,0,-1,5,0,3,-1,3,0,2,-1,8,13,16,-1,16,13,17,-1,2,8,18,-1,18,8,16,-1,3,2,19,-1,19,2,18,-1,4,3,20,-1,20,3,19,-1,5,4,21,-1,21,4,20,-1,15,5,22,-1,22,5,21,-1,14,15,23,-1,23,15,22,-1,13,14,17,-1,17,14,23,-1,0,12,24,-1,24,12,25,-1,12,11,25,-1,25,11,26,-1,9,27,28,-1,9,28,10,-1,10,28,26,-1,10,26,11,-1,9,7,27,-1,27,7,29,-1,1,30,31,-1,1,31,6,-1,6,31,29,-1,6,29,7,-1,1,0,30,-1,30,0,24,-1,
        ]
    }
}
Shape{
    appearance Appearance {
        material  Material 	{
            diffuseColor 0.9686274509803922 0.8784313725490196 0.6
            specularColor 0.6784313725490196 0.615686274509804 0.4196078431372549
            ambientIntensity 0.8737
            transparency 0.0
            shininess 0.5
        }
    }
    geometry IndexedFaceSet {
        ccw TRUE
        solid FALSE
        coord DEF co Coordinate {
            point [
                -1.1811 -0.6279 0.4165, -1.1811 -0.6276 0.4165, -1.1811 -0.6289 0.4115, -1.1811 -0.6266 0.4117, -1.1811 -0.6298 0.4081, -1.1811 -0.6256 0.4081, -1.1811 -0.6479 0.3582, -1.1811 -0.6076 0.3582
            ]
        }
        coordIndex [
            0,1,2,-1,2,1,3,-1,2,3,4,-1,4,3,5,-1,4,5,6,-1,6,5,7,-1,
        ]
    }
}
Shape{
    appearance Appearance {
        material  Material 	{
            diffuseColor 0.0 0.0 0.0
            specularColor 0.0 0.0 0.0
            ambientIntensity 0.0
            transparency 0.0
            shininess 0.5
        }
    }
    geometry IndexedFaceSet {
        ccw TRUE
        solid FALSE
        coord DEF co Coordinate {
            point [
                -1.1811 0.4808 0.2948, -1.1811 0.4681 0.2791, -1.1811 0.4884 0.3703, -1.1811 0.1803 0.5204, -1.1811 0.1751 0.4967, -1.1811 0.1332 0.5428, -1.1811 0.5032 0.5187, -1.1811 0.4842 0.5288, -1.1811 0.487 0.5818, -1.1811 0.4551 0.5855, -1.1811 0.4016 0.372, -1.1811 0.3937 0.3691, -1.1811 0.3228 0.3489, -1.1811 0.3869 0.3644, -1.1811 0.3814 0.3582, -1.1811 0.2032 0.4121, -1.1811 0.2297 0.4574, -1.1811 0.3441 0.3976, -1.1811 0.409 0.3728, -1.1811 0.507 0.3817, -1.1811 0.5023 0.3171, -1.1811 0.4893 0.3131, -1.1811 0.3778 0.3511, -1.1811 0.3759 0.3432, -1.1811 0.3228 0.3404, -1.1811 0.3759 0.336, -1.1811 0.4302 0.3139, -1.1811 0.4232 0.3094, -1.1811 0.4514 0.2665, -1.1811 0.4151 0.3068, -1.1811 0.4166 0.372, -1.1811 0.4285 0.4241, -1.1811 0.4241 0.3692, -1.1811 0.4474 0.4169, -1.1811 0.4309 0.3647, -1.1811 0.4649 0.4048, -1.1811 0.4364 0.3585, -1.1811 0.479 0.3887, -1.1811 0.4403 0.3511, -1.1811 0.4422 0.3428, -1.1811 0.1682 0.4967, -1.1811 0.152 0.4947, -1.1811 0.129 0.5414, -1.1811 0.1371 0.4889, -1.1811 0.1036 0.5287, -1.1811 0.0804 0.5091, -1.1811 0.3539 0.5881, -1.1811 0.3979 0.6213, -1.1811 0.3769 0.5713, -1.1811 0.418 0.6042, -1.1811 0.396 0.5484, -1.1811 0.4355 0.5838, -1.1811 0.409 0.5214, -1.1811 0.4631 0.5338, -1.1811 0.4543 0.5342, -1.1811 0.4453 0.5849, -1.1811 0.4344 0.5318, -1.1811 0.4152 0.5248, -1.1811 0.3772 0.4209, -1.1811 0.3978 0.426, -1.1811 0.4082 0.4266, -1.1811 0.0803 0.3498, -1.1811 0.1201 0.3836, -1.1811 0.1035 0.3301, -1.1811 0.1328 0.3733, -1.1811 0.1296 0.3174, -1.1811 0.1478 0.3664, -1.1811 0.158 0.3114, -1.1811 0.1631 0.3635, -1.1811 0.2084 0.3114, -1.1811 0.2015 0.3635, -1.1811 0.2132 0.3121, -1.1811 0.5371 0.4695, -1.1811 0.5931 0.457, -1.1811 0.5397 0.4488, -1.1811 0.5935 0.4471, -1.1811 0.5387 0.4358, -1.1811 0.5898 0.4155, -1.1811 0.5326 0.4149, -1.1811 0.578 0.3836, -1.1811 0.5223 0.3975, -1.1811 0.5576 0.3541, -1.1811 0.5329 0.3326, -1.1811 0.4359 0.3198, -1.1811 0.4398 0.3267, -1.1811 0.442 0.3345, -1.1811 0.1239 0.4797, -1.1811 0.1139 0.4686, -1.1811 0.063 0.4848, -1.1811 0.106 0.4539, -1.1811 0.0526 0.4587, -1.1811 0.102 0.4375, -1.1811 0.0487 0.4309, -1.1811 0.1016 0.4301, -1.1811 0.0526 0.4004, -1.1811 0.1037 0.4135, -1.1811 0.0633 0.3734, -1.1811 0.1095 0.3982, -1.1811 0.1189 0.3849, -1.1811 0.5187 0.5699, -1.1811 0.5461 0.5512, -1.1811 0.518 0.5056, -1.1811 0.5533 0.5445, -1.1811 0.5298 0.4885, -1.1811 0.573 0.5196, -1.1811 0.587 0.4891, -1.1811 0.359 0.4112, -1.1811 0.1934 0.5479, -1.1811 0.1483 0.5733, -1.1811 0.2127 0.5709, -1.1811 0.1753 0.6064, -1.1811 0.2149 0.573, -1.1811 0.1793 0.6102, -1.1811 0.2389 0.5896, -1.1811 0.2174 0.6358, -1.1811 0.2657 0.5999, -1.1811 0.2603 0.6509, -1.1811 0.2946 0.6034, -1.1811 0.2955 0.6546, -1.1811 0.326 0.5994, -1.1811 0.3379 0.6494, -1.1811 0.3773 0.6342, -1.1811 0.2058 0.3642, -1.1811 0.2263 0.3203, -1.1811 0.2244 0.3183, -1.1811 0.4317 0.2582, -1.1811 0.4115 0.2551, -1.1811 0.409 0.3062, -1.1811 0.4082 0.255, -1.1811 0.4014 0.3071, -1.1811 0.3875 0.2575, -1.1811 0.3939 0.3098, -1.1811 0.3685 0.2649, -1.1811 0.3873 0.3143, -1.1811 0.3515 0.2767, -1.1811 0.3818 0.3204, -1.1811 0.3383 0.2915, -1.1811 0.3779 0.3278, -1.1811 0.3282 0.3105, -1.1811 0.3232 0.3316, -1.1811 0.2033 0.3637, -1.1811 0.2188 0.3144, -1.1811 0.2331 0.3378, -1.1811 0.2323 0.3315, -1.1811 0.2301 0.3257, -1.1811 0.2133 0.3635, -1.1811 0.2191 0.3611, -1.1811 0.2329 0.3412, -1.1811 0.2244 0.3574, -1.1811 0.2279 0.3535, -1.1811 0.2312 0.3477, -1.1811 0.2066 0.3643, -1.1811 0.0487 0.4309, -1.1811 0.0526 0.4587, -1.1811 0.0555 0.4661, -1.1811 0.063 0.4848, -1.1811 0.0804 0.5091, -1.1811 0.1036 0.5287, -1.1811 0.129 0.5414, -1.1811 0.1332 0.5428, -1.1811 0.1483 0.5733, -1.1811 0.1753 0.6064, -1.1811 0.1793 0.6102, -1.1811 0.1989 0.6234, -1.1811 0.2174 0.6358, -1.1811 0.2603 0.6509, -1.1811 0.2955 0.6546, -1.1811 0.3979 0.6213, -1.1811 0.3946 0.6234, -1.1811 0.3773 0.6342, -1.1811 0.3379 0.6494, -1.1811 0.418 0.6042, -1.1811 0.4355 0.5838, -1.1811 0.4453 0.5849, -1.1811 0.4551 0.5855, -1.1811 0.487 0.5818, -1.1811 0.5187 0.5699, -1.1811 0.5461 0.5512, -1.1811 0.5533 0.5445, -1.1811 0.5935 0.4471, -1.1811 0.573 0.5196, -1.1811 0.587 0.4891, -1.1811 0.5914 0.4661, -1.1811 0.5931 0.457, -1.1811 0.5898 0.4155, -1.1811 0.578 0.3836, -1.1811 0.5576 0.3541, -1.1811 0.5329 0.3326, -1.1811 0.5023 0.3171, -1.1811 0.4893 0.3131, -1.1811 0.4882 0.3108, -1.1811 0.4808 0.2948, -1.1811 0.4681 0.2791, -1.1811 0.4514 0.2665, -1.1811 0.4435 0.2632, -1.1811 0.4317 0.2582, -1.1811 0.4115 0.2551, -1.1811 0.4082 0.255, -1.1811 0.3228 0.3404, -1.1811 0.3875 0.2575, -1.1811 0.3728 0.2632, -1.1811 0.3685 0.2649, -1.1811 0.3515 0.2767, -1.1811 0.3383 0.2915, -1.1811 0.3282 0.3105, -1.1811 0.3282 0.3108, -1.1811 0.3232 0.3316, -1.1811 0.3228 0.3489, -1.1811 0.2032 0.4121, -1.1811 0.2297 0.4574, -1.1811 0.3441 0.3976, -1.1811 0.359 0.4112, -1.1811 0.3772 0.4209, -1.1811 0.3978 0.426, -1.1811 0.4082 0.4266, -1.1811 0.4285 0.4241, -1.1811 0.4474 0.4169, -1.1811 0.4649 0.4048, -1.1811 0.479 0.3887, -1.1811 0.4884 0.3703, -1.1811 0.507 0.3817, -1.1811 0.5223 0.3975, -1.1811 0.5326 0.4149, -1.1811 0.5387 0.4358, -1.1811 0.5397 0.4488, -1.1811 0.5376 0.4661, -1.1811 0.5371 0.4695, -1.1811 0.5298 0.4885, -1.1811 0.518 0.5056, -1.1811 0.5032 0.5187, -1.1811 0.4842 0.5288, -1.1811 0.4631 0.5338, -1.1811 0.4543 0.5342, -1.1811 0.4344 0.5318, -1.1811 0.4152 0.5248, -1.1811 0.409 0.5214, -1.1811 0.396 0.5484, -1.1811 0.3769 0.5713, -1.1811 0.3539 0.5881, -1.1811 0.326 0.5994, -1.1811 0.2946 0.6034, -1.1811 0.2657 0.5999, -1.1811 0.2389 0.5896, -1.1811 0.2149 0.573, -1.1811 0.2127 0.5709, -1.1811 0.1934 0.5479, -1.1811 0.1803 0.5204, -1.1811 0.1751 0.4967, -1.1811 0.1682 0.4967, -1.1811 0.152 0.4947, -1.1811 0.1371 0.4889, -1.1811 0.1239 0.4797, -1.1811 0.1139 0.4686, -1.1811 0.1126 0.4661, -1.1811 0.106 0.4539, -1.1811 0.102 0.4375, -1.1811 0.1016 0.4301, -1.1811 0.1037 0.4135, -1.1811 0.1095 0.3982, -1.1811 0.1189 0.3849, -1.1811 0.1201 0.3836, -1.1811 0.1328 0.3733, -1.1811 0.1478 0.3664, -1.1811 0.1631 0.3635, -1.1811 0.2015 0.3635, -1.1811 0.2033 0.3637, -1.1811 0.2058 0.3642, -1.1811 0.2066 0.3643, -1.1811 0.2133 0.3635, -1.1811 0.2191 0.3611, -1.1811 0.2244 0.3574, -1.1811 0.2279 0.3535, -1.1811 0.2312 0.3477, -1.1811 0.2329 0.3412, -1.1811 0.2331 0.3378, -1.1811 0.2323 0.3315, -1.1811 0.2301 0.3257, -1.1811 0.2263 0.3203, -1.1811 0.2244 0.3183, -1.1811 0.2188 0.3144, -1.1811 0.2132 0.3121, -1.1811 0.2084 0.3114, -1.1811 0.158 0.3114, -1.1811 0.1296 0.3174, -1.1811 0.1035 0.3301, -1.1811 0.0803 0.3498, -1.1811 0.0633 0.3734, -1.1811 0.0526 0.4004, -1.1811 0.409 0.3728, -1.1811 0.4016 0.372, -1.1811 0.3937 0.3691, -1.1811 0.3869 0.3644, -1.1811 0.3814 0.3582, -1.1811 0.3778 0.3511, -1.1811 0.3759 0.3432, -1.1811 0.3759 0.336, -1.1811 0.3779 0.3278, -1.1811 0.3818 0.3204, -1.1811 0.3873 0.3143, -1.1811 0.3939 0.3098, -1.1811 0.4014 0.3071, -1.1811 0.409 0.3062, -1.1811 0.4151 0.3068, -1.1811 0.4232 0.3094, -1.1811 0.4302 0.3139, -1.1811 0.4359 0.3198, -1.1811 0.4398 0.3267, -1.1811 0.442 0.3345, -1.1811 0.4422 0.3428, -1.1811 0.4403 0.3511, -1.1811 0.4364 0.3585, -1.1811 0.4309 0.3647, -1.1811 0.4241 0.3692, -1.1811 0.4166 0.372
            ]
        }
        coordIndex [
            0,1,2,-1,3,4,5,-1,6,7,8,-1,8,7,9,-1,10,11,12,-1,12,11,13,-1,12,13,14,-1,15,16,12,-1,12,16,17,-1,12,17,10,-1,10,17,18,-1,19,20,2,-1,2,20,21,-1,2,21,0,-1,14,22,12,-1,12,22,23,-1,12,23,24,-1,24,23,25,-1,26,1,27,-1,27,1,28,-1,27,28,29,-1,30,31,32,-1,32,31,33,-1,32,33,34,-1,34,33,35,-1,34,35,36,-1,36,35,37,-1,36,37,38,-1,38,37,2,-1,38,2,39,-1,4,40,5,-1,5,40,41,-1,5,41,42,-1,42,41,43,-1,42,43,44,-1,44,43,45,-1,46,47,48,-1,48,47,49,-1,48,49,50,-1,50,49,51,-1,50,51,52,-1,7,53,9,-1,9,53,54,-1,9,54,55,-1,55,54,56,-1,55,56,51,-1,51,56,57,-1,51,57,52,-1,58,59,30,-1,30,59,60,-1,30,60,31,-1,61,62,63,-1,63,62,64,-1,63,64,65,-1,65,64,66,-1,65,66,67,-1,67,66,68,-1,67,68,69,-1,69,68,70,-1,69,70,71,-1,72,73,74,-1,74,73,75,-1,74,75,76,-1,76,75,77,-1,76,77,78,-1,78,77,79,-1,78,79,80,-1,80,79,81,-1,80,81,19,-1,19,81,82,-1,19,82,20,-1,26,83,1,-1,1,83,84,-1,1,84,2,-1,2,84,85,-1,2,85,39,-1,43,86,45,-1,45,86,87,-1,45,87,88,-1,88,87,89,-1,88,89,90,-1,90,89,91,-1,90,91,92,-1,92,91,93,-1,92,93,94,-1,94,93,95,-1,94,95,96,-1,96,95,97,-1,96,97,61,-1,61,97,98,-1,61,98,62,-1,8,99,6,-1,6,99,100,-1,6,100,101,-1,101,100,102,-1,101,102,103,-1,103,102,104,-1,103,104,72,-1,72,104,105,-1,72,105,73,-1,18,17,30,-1,30,17,106,-1,30,106,58,-1,3,5,107,-1,107,5,108,-1,107,108,109,-1,109,108,110,-1,109,110,111,-1,111,110,112,-1,111,112,113,-1,113,112,114,-1,113,114,115,-1,115,114,116,-1,115,116,117,-1,117,116,118,-1,117,118,119,-1,119,118,120,-1,119,120,46,-1,46,120,121,-1,46,121,47,-1,122,123,124,-1,28,125,29,-1,29,125,126,-1,29,126,127,-1,127,126,128,-1,127,128,129,-1,129,128,130,-1,129,130,131,-1,131,130,132,-1,131,132,133,-1,133,132,134,-1,133,134,135,-1,135,134,136,-1,135,136,137,-1,137,136,138,-1,137,138,25,-1,25,138,139,-1,25,139,24,-1,70,140,71,-1,71,140,122,-1,71,122,141,-1,141,122,124,-1,142,143,122,-1,122,143,144,-1,122,144,123,-1,145,146,147,-1,146,148,147,-1,147,148,149,-1,147,149,150,-1,142,122,147,-1,147,122,151,-1,147,151,145,-1,92,152,153,-1,92,153,90,-1,90,153,154,-1,90,154,88,-1,154,155,88,-1,88,155,156,-1,88,156,45,-1,45,156,157,-1,45,157,44,-1,44,157,158,-1,44,158,42,-1,42,158,159,-1,42,159,5,-1,5,159,160,-1,5,160,108,-1,108,160,161,-1,108,161,110,-1,110,161,162,-1,110,162,112,-1,112,162,163,-1,112,163,114,-1,163,164,114,-1,114,164,165,-1,114,165,116,-1,116,165,166,-1,116,166,118,-1,167,47,168,-1,168,47,121,-1,168,121,169,-1,169,121,120,-1,169,120,170,-1,170,120,118,-1,170,118,166,-1,47,167,171,-1,47,171,49,-1,49,171,172,-1,49,172,51,-1,51,172,173,-1,51,173,55,-1,55,173,174,-1,55,174,9,-1,9,174,175,-1,9,175,8,-1,8,175,176,-1,8,176,99,-1,99,176,177,-1,99,177,100,-1,100,177,178,-1,100,178,102,-1,179,75,73,-1,102,178,180,-1,102,180,104,-1,104,180,181,-1,104,181,105,-1,105,181,182,-1,105,182,73,-1,73,182,183,-1,73,183,179,-1,75,179,184,-1,75,184,77,-1,77,184,185,-1,77,185,79,-1,79,185,186,-1,79,186,81,-1,81,186,187,-1,81,187,82,-1,82,187,188,-1,82,188,20,-1,20,188,189,-1,20,189,21,-1,21,189,190,-1,21,190,0,-1,190,191,0,-1,0,191,192,-1,0,192,1,-1,1,192,193,-1,1,193,28,-1,28,193,194,-1,28,194,125,-1,194,195,125,-1,125,195,196,-1,125,196,126,-1,126,196,197,-1,126,197,128,-1,198,24,139,-1,128,197,199,-1,128,199,130,-1,130,199,200,-1,130,200,132,-1,200,201,132,-1,132,201,202,-1,132,202,134,-1,134,202,203,-1,134,203,136,-1,136,203,204,-1,136,204,138,-1,138,204,205,-1,138,205,139,-1,139,205,206,-1,139,206,198,-1,12,24,207,-1,207,24,198,-1,15,12,208,-1,208,12,207,-1,16,15,209,-1,209,15,208,-1,17,16,210,-1,210,16,209,-1,17,210,211,-1,17,211,106,-1,106,211,212,-1,106,212,58,-1,58,212,213,-1,58,213,59,-1,59,213,214,-1,59,214,60,-1,60,214,215,-1,60,215,31,-1,31,215,216,-1,31,216,33,-1,33,216,217,-1,33,217,35,-1,35,217,218,-1,35,218,37,-1,37,218,219,-1,37,219,2,-1,2,219,220,-1,2,220,19,-1,19,220,221,-1,19,221,80,-1,80,221,222,-1,80,222,78,-1,78,222,223,-1,78,223,76,-1,76,223,224,-1,76,224,74,-1,72,74,225,-1,225,74,224,-1,225,226,72,-1,72,226,227,-1,72,227,103,-1,103,227,228,-1,103,228,101,-1,101,228,229,-1,101,229,6,-1,6,229,230,-1,6,230,7,-1,7,230,231,-1,7,231,53,-1,53,231,232,-1,53,232,54,-1,54,232,233,-1,54,233,56,-1,56,233,234,-1,56,234,57,-1,57,234,235,-1,57,235,52,-1,52,235,236,-1,52,236,50,-1,50,236,237,-1,50,237,48,-1,48,237,238,-1,48,238,46,-1,46,238,239,-1,46,239,119,-1,119,239,240,-1,119,240,117,-1,117,240,241,-1,117,241,115,-1,115,241,242,-1,115,242,113,-1,113,242,243,-1,113,243,111,-1,111,243,244,-1,111,244,109,-1,109,244,245,-1,109,245,107,-1,107,245,246,-1,107,246,3,-1,3,246,247,-1,3,247,4,-1,40,4,248,-1,248,4,247,-1,40,248,249,-1,40,249,41,-1,41,249,250,-1,41,250,43,-1,43,250,251,-1,43,251,86,-1,86,251,252,-1,86,252,87,-1,87,252,253,-1,87,253,89,-1,253,254,89,-1,89,254,255,-1,89,255,91,-1,91,255,256,-1,91,256,93,-1,93,256,257,-1,93,257,95,-1,95,257,258,-1,95,258,97,-1,97,258,259,-1,97,259,98,-1,98,259,260,-1,98,260,62,-1,62,260,261,-1,62,261,64,-1,64,261,262,-1,64,262,66,-1,66,262,263,-1,66,263,68,-1,70,68,264,-1,264,68,263,-1,70,264,265,-1,70,265,140,-1,140,265,266,-1,140,266,122,-1,122,266,267,-1,122,267,151,-1,151,267,268,-1,151,268,145,-1,145,268,269,-1,145,269,146,-1,146,269,270,-1,146,270,148,-1,148,270,271,-1,148,271,149,-1,149,271,272,-1,149,272,150,-1,150,272,273,-1,150,273,147,-1,147,273,274,-1,147,274,142,-1,142,274,275,-1,142,275,143,-1,143,275,276,-1,143,276,144,-1,144,276,277,-1,144,277,123,-1,123,277,278,-1,123,278,124,-1,124,278,279,-1,124,279,141,-1,141,279,280,-1,141,280,71,-1,71,280,281,-1,71,281,69,-1,67,69,282,-1,282,69,281,-1,67,282,283,-1,67,283,65,-1,65,283,284,-1,65,284,63,-1,63,284,285,-1,63,285,61,-1,61,285,286,-1,61,286,96,-1,96,286,287,-1,96,287,94,-1,94,287,152,-1,94,152,92,-1,18,288,289,-1,18,289,10,-1,10,289,290,-1,10,290,11,-1,11,290,291,-1,11,291,13,-1,13,291,292,-1,13,292,14,-1,14,292,293,-1,14,293,22,-1,22,293,294,-1,22,294,23,-1,23,294,295,-1,23,295,25,-1,25,295,296,-1,25,296,137,-1,137,296,297,-1,137,297,135,-1,135,297,298,-1,135,298,133,-1,133,298,299,-1,133,299,131,-1,131,299,300,-1,131,300,129,-1,129,300,301,-1,129,301,127,-1,127,301,302,-1,127,302,29,-1,29,302,303,-1,29,303,27,-1,27,303,304,-1,27,304,26,-1,26,304,305,-1,26,305,83,-1,83,305,306,-1,83,306,84,-1,84,306,307,-1,84,307,85,-1,85,307,308,-1,85,308,39,-1,39,308,309,-1,39,309,38,-1,38,309,310,-1,38,310,36,-1,36,310,311,-1,36,311,34,-1,34,311,312,-1,34,312,32,-1,32,312,313,-1,32,313,30,-1,30,313,288,-1,30,288,18,-1,
        ]
    }
}
Shape{
    appearance Appearance {
        material  Material 	{
            diffuseColor 0.9686274509803922 0.8784313725490196 0.6
            specularColor 0.6784313725490196 0.615686274509804 0.4196078431372549
            ambientIntensity 0.8737
            transparency 0.0
            shininess 0.5
        }
    }
    geometry IndexedFaceSet {
        ccw TRUE
        solid FALSE
        coord DEF co Coordinate {
            point [
                -1.1811 0.4151 0.3068, -1.1811 0.409 0.3062, -1.1811 0.409 0.3728, -1.1811 0.3759 0.3432, -1.1811 0.3759 0.336, -1.1811 0.4014 0.3071, -1.1811 0.3939 0.3098, -1.1811 0.3778 0.3511, -1.1811 0.3814 0.3582, -1.1811 0.3869 0.3644, -1.1811 0.4241 0.3692, -1.1811 0.4359 0.3198, -1.1811 0.4302 0.3139, -1.1811 0.3937 0.3691, -1.1811 0.4016 0.372, -1.1811 0.4398 0.3267, -1.1811 0.4309 0.3647, -1.1811 0.442 0.3345, -1.1811 0.4166 0.372, -1.1811 0.4232 0.3094, -1.1811 0.3873 0.3143, -1.1811 0.3818 0.3204, -1.1811 0.3779 0.3278, -1.1811 0.4422 0.3428, -1.1811 0.4364 0.3585, -1.1811 0.4403 0.3511
            ]
        }
        coordIndex [
            0,1,2,-1,3,1,4,-1,4,1,5,-1,4,5,6,-1,3,7,1,-1,1,7,8,-1,1,8,9,-1,10,11,12,-1,9,13,1,-1,1,13,14,-1,1,14,2,-1,11,10,15,-1,15,10,16,-1,15,16,17,-1,2,18,0,-1,0,18,10,-1,0,10,19,-1,19,10,12,-1,6,20,4,-1,4,20,21,-1,4,21,22,-1,17,16,23,-1,23,16,24,-1,23,24,25,-1,
        ]
    }
}